客户ID,年龄,性别,购买商品,商品类别,消费金额(美元),所在州,尺码,颜色,季节,评分,是否订阅,配送方式,是否使用折扣,历史购买次数,支付方式,购买频率,年龄段,购买频率天数,客户类型
1,55,男,女式衬衫,服装,53,Kentucky,L,灰色,冬,3.1,是,快递,是,14,Venmo,每两周,中年,14,忠实客户
2,19,男,毛衣,服装,64,Maine,L,栗色,冬,3.1,是,快递,是,2,现金,每两周,青年,14,回头客
3,50,男,牛仔裤,服装,73,Massachusetts,S,栗色,春,3.1,是,包邮,是,23,信用卡,每周,中年,7,忠实客户
4,21,男,凉鞋,鞋履,90,Rhode Island,M,栗色,春,3.5,是,次日达,是,49,PayPal,每周,青年,7,忠实客户
5,45,男,女式衬衫,服装,49,Oregon,M,绿松石色,春,2.7,是,包邮,是,31,PayPal,每年,中年,365,忠实客户
6,46,男,运动鞋,鞋履,20,Wyoming,M,白色,夏,2.9,是,标准快递,是,14,Venmo,每周,中年,7,忠实客户
7,63,男,衬衫,服装,85,Montana,M,灰色,秋,3.2,是,包邮,是,49,现金,每季,老年,90,忠实客户
8,27,男,短裤,服装,34,Louisiana,L,炭灰色,冬,3.2,是,包邮,是,19,信用卡,每周,青年,7,忠实客户
9,26,男,大衣,外套,97,West Virginia,L,银色,夏,2.6,是,快递,是,8,Venmo,每年,青年,365,回头客
10,57,男,手提包,配饰,31,Missouri,M,粉色,春,4.8,是,两日达,是,4,现金,每季,中年,90,回头客
11,53,男,鞋子,鞋履,34,Arkansas,L,紫色,秋,4.1,是,门店自提,是,26,银行转账,双周,中年,14,忠实客户
12,30,男,短裤,服装,68,Hawaii,S,橄榄绿,冬,4.9,是,门店自提,是,10,银行转账,每两周,青年,14,回头客
13,61,男,大衣,外套,72,Delaware,M,金色,冬,4.5,是,快递,是,37,Venmo,每两周,老年,14,忠实客户
14,65,男,连衣裙,服装,51,New Hampshire,M,紫罗兰色,春,4.7,是,快递,是,31,PayPal,每周,老年,7,忠实客户
15,64,男,大衣,外套,53,New York,L,青绿色,冬,4.7,是,包邮,是,34,借记卡,每周,老年,7,忠实客户
16,64,男,半身裙,服装,81,Rhode Island,M,青绿色,冬,2.8,是,门店自提,是,8,PayPal,每月,老年,30,回头客
17,25,男,太阳镜,配饰,36,Alabama,S,灰色,春,4.1,是,次日达,是,44,借记卡,双周,青年,14,忠实客户
18,53,男,连衣裙,服装,38,Mississippi,XL,薰衣草紫,冬,4.7,是,两日达,是,36,Venmo,每季,中年,90,忠实客户
19,52,男,毛衣,服装,48,Montana,S,黑色,夏,4.6,是,包邮,是,17,现金,每周,中年,7,忠实客户
20,66,男,长裤,服装,90,Rhode Island,M,绿色,夏,3.3,是,标准快递,是,46,借记卡,双周,老年,14,忠实客户
21,21,男,长裤,服装,51,Louisiana,M,黑色,冬,2.8,是,快递,是,50,现金,每三个月,青年,90,忠实客户
22,31,男,长裤,服装,62,North Carolina,M,炭灰色,冬,4.1,是,门店自提,是,22,借记卡,每季,青年,90,忠实客户
23,56,男,长裤,服装,37,California,M,桃色,夏,3.2,是,门店自提,是,32,借记卡,每年,中年,365,忠实客户
24,31,男,长裤,服装,88,Oklahoma,XL,白色,冬,4.4,是,快递,是,40,信用卡,每周,青年,7,忠实客户
25,18,男,夹克,外套,22,Florida,M,绿色,秋,2.9,是,门店自提,是,16,借记卡,每周,青年,7,忠实客户
26,18,男,卫衣,服装,25,Texas,M,银色,夏,3.6,是,快递,是,14,PayPal,每年,青年,365,忠实客户
27,38,男,首饰,配饰,20,Nevada,M,红色,春,3.6,是,次日达,是,13,信用卡,每年,成年,365,忠实客户
28,56,男,短裤,服装,56,Kentucky,L,青色,夏,5.0,是,次日达,是,7,银行转账,每三个月,中年,90,回头客
29,54,男,手提包,配饰,94,North Carolina,M,灰色,秋,4.4,是,包邮,是,41,PayPal,每三个月,中年,90,忠实客户
30,31,男,连衣裙,服装,48,Wyoming,S,黑色,秋,4.1,是,门店自提,是,14,信用卡,每周,青年,7,忠实客户
31,57,男,首饰,配饰,31,North Carolina,L,黑色,冬,4.7,是,标准快递,是,16,信用卡,每月,中年,30,忠实客户
32,33,男,连衣裙,服装,79,West Virginia,L,棕色,冬,4.7,是,门店自提,是,45,Venmo,每月,成年,30,忠实客户
33,36,男,夹克,外套,67,Kansas,M,银色,夏,4.9,是,包邮,是,37,Venmo,每年,成年,365,忠实客户
34,54,男,长裤,服装,38,Colorado,L,绿色,夏,3.3,是,门店自提,是,45,现金,每季,中年,90,忠实客户
35,36,男,T恤,服装,91,North Dakota,L,紫罗兰色,春,4.6,是,两日达,是,38,PayPal,每季,成年,90,忠实客户
36,54,男,女式衬衫,服装,33,Massachusetts,M,青色,夏,4.0,是,两日达,是,48,信用卡,双周,中年,14,忠实客户
37,35,男,T恤,服装,69,Illinois,M,栗色,冬,4.6,是,包邮,是,44,PayPal,每两周,成年,14,忠实客户
38,35,男,牛仔裤,服装,45,Indiana,S,青色,夏,2.8,是,门店自提,是,10,PayPal,每周,成年,7,回头客
39,29,男,连衣裙,服装,37,Florida,M,红色,冬,3.7,是,两日达,是,44,Venmo,每三个月,青年,90,忠实客户
40,70,男,长裤,服装,60,Arizona,S,绿松石色,夏,4.2,是,快递,是,18,信用卡,每月,老年,30,忠实客户
41,69,男,手提包,配饰,76,Louisiana,L,米色,冬,4.6,是,次日达,是,31,借记卡,每季,老年,90,忠实客户
42,67,男,围巾,配饰,39,Alaska,M,橙色,春,4.5,是,标准快递,是,40,Venmo,每年,老年,365,忠实客户
43,20,男,大衣,外套,100,Tennessee,M,米色,春,4.1,是,包邮,是,15,PayPal,每年,青年,365,忠实客户
44,25,男,围巾,配饰,69,Ohio,L,薰衣草紫,秋,3.7,是,门店自提,是,19,PayPal,每两周,青年,14,忠实客户
45,39,男,帽子,配饰,53,Kentucky,S,银色,夏,4.6,是,包邮,是,45,PayPal,每周,成年,7,忠实客户
46,50,男,袜子,服装,21,Tennessee,XL,靛蓝色,秋,2.9,是,两日达,是,25,PayPal,每年,中年,365,忠实客户
47,57,男,衬衫,服装,43,California,L,白色,夏,2.9,是,门店自提,是,45,现金,每季,中年,90,忠实客户
48,55,男,首饰,配饰,54,Montana,M,炭灰色,冬,4.5,是,包邮,是,36,现金,每周,中年,7,忠实客户
49,42,男,衬衫,服装,55,Nevada,M,橙色,夏,2.7,是,门店自提,是,38,现金,每月,成年,30,忠实客户
50,68,男,卫衣,服装,30,New Jersey,S,靛蓝色,春,4.6,是,次日达,是,34,借记卡,双周,老年,14,忠实客户
51,49,男,女式衬衫,服装,28,Maryland,M,红色,春,3.7,是,门店自提,是,39,借记卡,双周,中年,14,忠实客户
52,59,男,半身裙,服装,59,Vermont,XL,灰色,冬,4.7,是,两日达,是,7,信用卡,每季,老年,90,回头客
53,42,男,T恤,服装,20,Alaska,M,绿色,夏,2.6,是,包邮,是,26,信用卡,每周,成年,7,忠实客户
54,29,男,半身裙,服装,24,Mississippi,S,桃色,冬,3.9,是,次日达,是,35,信用卡,每周,青年,7,忠实客户
55,47,男,大衣,外套,94,New Mexico,M,棕色,夏,4.2,是,次日达,是,35,借记卡,双周,中年,14,忠实客户
56,40,男,夹克,外套,28,South Carolina,M,薰衣草紫,冬,3.0,是,两日达,是,49,信用卡,每年,成年,365,忠实客户
57,41,男,双肩包,配饰,73,Mississippi,XL,棕色,夏,4.7,是,门店自提,是,46,信用卡,每周,成年,7,忠实客户
58,21,男,大衣,外套,64,West Virginia,M,白色,夏,4.4,是,门店自提,是,17,借记卡,每两周,青年,14,忠实客户
59,69,男,卫衣,服装,54,Missouri,M,炭灰色,夏,4.2,是,包邮,是,29,Venmo,每月,老年,30,忠实客户
60,63,男,腰带,配饰,79,Louisiana,L,黄色,春,4.6,是,标准快递,是,4,借记卡,每周,老年,7,回头客
61,50,男,毛衣,服装,37,Idaho,L,棕色,夏,4.0,是,快递,是,17,现金,每周,中年,7,忠实客户
62,55,男,围巾,配饰,68,Texas,M,橙色,冬,4.7,是,门店自提,是,21,信用卡,每三个月,中年,90,忠实客户
63,30,男,运动鞋,鞋履,21,Mississippi,S,品红色,春,3.8,是,包邮,是,31,信用卡,每两周,青年,14,忠实客户
64,33,男,太阳镜,配饰,79,Arizona,L,薰衣草紫,冬,2.7,是,两日达,是,43,信用卡,每周,成年,7,忠实客户
65,65,男,靴子,鞋履,83,Alabama,S,绿色,秋,4.8,是,标准快递,是,18,借记卡,每两周,老年,14,忠实客户
66,65,男,双肩包,配饰,36,New Jersey,M,紫色,春,4.8,是,两日达,是,44,Venmo,每三个月,老年,90,忠实客户
67,31,男,女式衬衫,服装,94,Pennsylvania,S,品红色,冬,4.7,是,两日达,是,3,Venmo,每三个月,青年,90,回头客
68,45,男,大衣,外套,33,Connecticut,L,灰色,冬,4.4,是,门店自提,是,49,借记卡,每月,中年,30,忠实客户
69,57,男,手提包,配饰,46,Utah,L,银色,夏,3.9,是,次日达,是,21,现金,每三个月,中年,90,忠实客户
70,48,男,腰带,配饰,70,Tennessee,S,青色,夏,4.4,是,快递,是,5,现金,每周,中年,7,回头客
71,22,男,腰带,配饰,29,Alabama,M,品红色,秋,4.2,是,快递,是,32,借记卡,每三个月,青年,90,忠实客户
72,36,男,连衣裙,服装,48,Virginia,L,金色,夏,2.9,是,快递,是,34,银行转账,每年,成年,365,忠实客户
73,18,男,连衣裙,服装,26,Georgia,M,橄榄绿,冬,2.9,是,门店自提,是,21,银行转账,每三个月,青年,90,忠实客户
74,48,男,长裤,服装,85,Hawaii,M,青绿色,春,2.7,是,包邮,是,43,银行转账,双周,中年,14,忠实客户
75,49,男,手套,配饰,58,Indiana,L,紫罗兰色,春,4.5,是,快递,是,3,现金,每月,中年,30,回头客
76,64,男,围巾,配饰,85,Utah,M,蓝色,夏,2.7,是,包邮,是,21,信用卡,每年,老年,365,忠实客户
77,50,男,帽子,配饰,43,Delaware,S,青绿色,夏,4.2,是,包邮,是,32,Venmo,每月,中年,30,忠实客户
78,22,男,连衣裙,服装,53,Delaware,L,金色,夏,3.3,是,次日达,是,36,借记卡,每两周,青年,14,忠实客户
79,50,男,半身裙,服装,91,Nebraska,M,栗色,春,4.7,是,包邮,是,50,Venmo,每两周,中年,14,忠实客户
80,38,男,夹克,外套,96,Iowa,M,橄榄绿,冬,2.6,是,两日达,是,43,银行转账,每三个月,成年,90,忠实客户
81,19,男,凉鞋,鞋履,72,New York,XL,蓝色,夏,3.8,是,门店自提,是,24,信用卡,每三个月,青年,90,忠实客户
82,67,男,鞋子,鞋履,96,Virginia,L,栗色,夏,2.6,是,快递,是,36,信用卡,每三个月,老年,90,忠实客户
83,19,男,长裤,服装,28,Georgia,S,橄榄绿,春,4.0,是,两日达,是,21,信用卡,每三个月,青年,90,忠实客户
84,36,男,连衣裙,服装,40,Texas,M,绿松石色,夏,4.1,是,标准快递,是,34,银行转账,每周,成年,7,忠实客户
85,52,男,大衣,外套,32,Arizona,S,桃色,春,4.4,是,标准快递,是,42,银行转账,每三个月,中年,90,忠实客户
86,53,男,太阳镜,配饰,95,New Mexico,M,炭灰色,冬,4.5,是,次日达,是,2,借记卡,双周,中年,14,回头客
87,24,男,卫衣,服装,41,Nevada,L,粉色,春,3.7,是,两日达,是,47,现金,双周,青年,14,忠实客户
88,52,男,鞋子,鞋履,53,Ohio,M,绿色,秋,3.7,是,两日达,是,44,借记卡,每两周,中年,14,忠实客户
89,33,男,T恤,服装,47,Wyoming,M,橙色,秋,3.5,是,包邮,是,35,信用卡,每月,成年,30,忠实客户
90,47,男,夹克,外套,83,California,XL,粉色,秋,3.6,是,次日达,是,15,现金,每季,中年,90,忠实客户
91,25,男,帽子,配饰,48,South Carolina,L,紫罗兰色,夏,2.9,是,快递,是,29,信用卡,每月,青年,30,忠实客户
92,44,男,围巾,配饰,99,South Carolina,S,绿色,冬,4.6,是,标准快递,是,18,信用卡,每三个月,成年,90,忠实客户
93,61,男,夹克,外套,87,Texas,M,橄榄绿,冬,4.4,是,两日达,是,13,Venmo,每三个月,老年,90,忠实客户
94,37,男,毛衣,服装,62,Florida,M,紫色,秋,4.5,是,标准快递,是,46,信用卡,每周,成年,7,忠实客户
95,58,男,半身裙,服装,76,Nevada,S,银色,春,4.6,是,包邮,是,28,信用卡,每周,老年,7,忠实客户
96,37,男,运动鞋,鞋履,100,Missouri,L,粉色,秋,3.8,是,包邮,是,48,PayPal,每月,成年,30,忠实客户
97,32,男,手套,配饰,73,Delaware,S,金色,春,3.8,是,快递,是,43,Venmo,每三个月,成年,90,忠实客户
98,21,男,鞋子,鞋履,92,Virginia,M,青绿色,冬,4.8,是,门店自提,是,37,现金,每年,青年,365,忠实客户
99,20,男,牛仔裤,服装,67,New York,XL,青绿色,春,2.6,是,次日达,是,20,银行转账,每年,青年,365,忠实客户
100,26,男,卫衣,服装,40,Missouri,XL,靛蓝色,夏,3.7,是,快递,是,33,借记卡,每季,青年,90,忠实客户
101,62,男,太阳镜,配饰,98,South Dakota,M,栗色,秋,2.7,是,快递,是,31,现金,每两周,老年,14,忠实客户
102,27,男,大衣,外套,85,North Dakota,XL,白色,春,4.6,是,快递,是,50,信用卡,双周,青年,14,忠实客户
103,51,男,袜子,服装,67,Oklahoma,L,紫罗兰色,冬,4.8,是,次日达,是,35,信用卡,每季,中年,90,忠实客户
104,54,男,靴子,鞋履,89,West Virginia,L,红色,冬,4.0,是,次日达,是,22,Venmo,双周,中年,14,忠实客户
105,55,男,太阳镜,配饰,24,New Hampshire,L,粉色,春,4.4,是,两日达,是,1,PayPal,每月,中年,30,新客户
106,69,男,双肩包,配饰,96,New York,M,炭灰色,秋,3.6,是,次日达,是,4,银行转账,每年,老年,365,回头客
107,64,男,夹克,外套,35,Minnesota,L,白色,夏,3.7,是,标准快递,是,31,信用卡,每月,老年,30,忠实客户
108,28,男,运动鞋,鞋履,67,Maryland,L,橄榄绿,冬,3.1,是,次日达,是,46,PayPal,每两周,青年,14,忠实客户
109,70,男,袜子,服装,79,Montana,L,紫色,春,3.4,是,次日达,是,32,银行转账,双周,老年,14,忠实客户
110,58,男,T恤,服装,85,Alabama,M,紫罗兰色,春,2.6,是,次日达,是,43,银行转账,每两周,老年,14,忠实客户
111,56,男,双肩包,配饰,26,New York,M,黑色,夏,4.0,是,标准快递,是,26,Venmo,每两周,中年,14,忠实客户
112,26,男,腰带,配饰,75,Massachusetts,L,紫色,夏,5.0,是,包邮,是,9,信用卡,每年,青年,365,回头客
113,37,男,手套,配饰,65,Florida,M,红色,春,4.3,是,包邮,是,28,PayPal,双周,成年,14,忠实客户
114,44,男,帽子,配饰,54,New Jersey,L,栗色,冬,3.1,是,次日达,是,20,PayPal,每季,成年,90,忠实客户
115,70,男,大衣,外套,95,Massachusetts,S,蓝色,夏,3.7,是,门店自提,是,9,现金,每周,老年,7,回头客
116,53,男,半身裙,服装,94,Wyoming,M,灰色,春,3.8,是,标准快递,是,48,借记卡,每三个月,中年,90,忠实客户
117,55,男,鞋子,鞋履,86,Virginia,S,蓝色,春,3.4,是,包邮,是,12,Venmo,每年,中年,365,忠实客户
118,50,男,凉鞋,鞋履,32,South Dakota,L,黄色,夏,4.6,是,快递,是,29,现金,每两周,中年,14,忠实客户
119,50,男,毛衣,服装,45,Kentucky,L,橙色,秋,4.8,是,两日达,是,27,现金,双周,中年,14,忠实客户
120,38,男,大衣,外套,76,Wyoming,M,橙色,秋,4.3,是,快递,是,44,现金,每年,成年,365,忠实客户
121,64,男,帽子,配饰,84,West Virginia,L,红色,夏,4.0,是,快递,是,32,银行转账,每年,老年,365,忠实客户
122,19,男,短裤,服装,72,Virginia,M,橄榄绿,冬,4.2,是,标准快递,是,11,现金,每两周,青年,14,忠实客户
123,40,男,双肩包,配饰,40,Washington,L,棕色,春,4.8,是,两日达,是,44,现金,每两周,成年,14,忠实客户
124,57,男,毛衣,服装,89,Louisiana,L,棕色,秋,3.1,是,包邮,是,46,现金,每周,中年,7,忠实客户
125,44,男,毛衣,服装,86,Nevada,M,灰色,春,3.1,是,次日达,是,50,PayPal,每年,成年,365,忠实客户
126,49,男,短裤,服装,54,California,M,靛蓝色,冬,3.6,是,次日达,是,45,Venmo,每三个月,中年,90,忠实客户
127,43,男,短裤,服装,36,Mississippi,L,粉色,春,3.9,是,门店自提,是,48,现金,每三个月,成年,90,忠实客户
128,24,男,毛衣,服装,89,Mississippi,M,灰色,冬,4.8,是,次日达,是,26,信用卡,每周,青年,7,忠实客户
129,20,男,围巾,配饰,32,California,M,金色,春,4.7,是,标准快递,是,21,信用卡,每两周,青年,14,忠实客户
130,24,男,连衣裙,服装,67,Pennsylvania,XL,橄榄绿,夏,4.2,是,两日达,是,49,PayPal,双周,青年,14,忠实客户
131,44,男,围巾,配饰,39,Kentucky,L,紫罗兰色,秋,3.7,是,次日达,是,13,PayPal,每两周,成年,14,忠实客户
132,28,男,半身裙,服装,29,Maine,L,靛蓝色,夏,3.9,是,标准快递,是,46,信用卡,每周,青年,7,忠实客户
133,30,男,双肩包,配饰,58,New Mexico,M,橙色,秋,4.7,是,两日达,是,42,PayPal,每周,青年,7,忠实客户
134,52,男,毛衣,服装,65,Montana,M,紫罗兰色,冬,2.5,是,次日达,是,25,Venmo,每年,中年,365,忠实客户
135,43,男,帽子,配饰,94,Texas,L,灰色,秋,4.9,是,门店自提,是,25,现金,每月,成年,30,忠实客户
136,43,男,凉鞋,鞋履,81,Kansas,M,紫色,秋,4.1,是,快递,是,12,PayPal,每季,成年,90,忠实客户
137,39,男,女式衬衫,服装,86,South Carolina,M,白色,冬,3.3,是,包邮,是,4,借记卡,每季,成年,90,回头客
138,68,男,运动鞋,鞋履,43,Colorado,M,绿松石色,春,4.7,是,包邮,是,38,PayPal,每周,老年,7,忠实客户
139,68,男,半身裙,服装,29,Georgia,M,栗色,冬,4.4,是,门店自提,是,42,银行转账,每周,老年,7,忠实客户
140,49,男,大衣,外套,95,Florida,M,白色,秋,3.8,是,门店自提,是,30,Venmo,每年,中年,365,忠实客户
141,63,男,衬衫,服装,28,North Carolina,L,黄色,秋,3.9,是,两日达,是,50,信用卡,每周,老年,7,忠实客户
142,56,男,手套,配饰,46,Virginia,M,绿松石色,秋,4.9,是,包邮,是,45,PayPal,每周,中年,7,忠实客户
143,37,男,夹克,外套,58,Nebraska,L,紫罗兰色,秋,3.1,是,包邮,是,33,信用卡,每两周,成年,14,忠实客户
144,30,男,大衣,外套,48,Missouri,M,米色,秋,2.7,是,门店自提,是,25,PayPal,每季,青年,90,忠实客户
145,19,男,鞋子,鞋履,43,New Jersey,M,银色,秋,3.2,是,快递,是,25,现金,每月,青年,30,忠实客户
146,24,男,首饰,配饰,95,Missouri,M,青绿色,秋,4.5,是,标准快递,是,44,借记卡,每季,青年,90,忠实客户
147,52,男,半身裙,服装,30,Colorado,S,黑色,秋,4.0,是,标准快递,是,21,Venmo,每两周,中年,14,忠实客户
148,63,男,鞋子,鞋履,64,Idaho,M,紫色,夏,3.5,是,两日达,是,31,银行转账,每两周,老年,14,忠实客户
149,37,男,手套,配饰,90,Wyoming,M,灰色,秋,2.6,是,门店自提,是,47,借记卡,每年,成年,365,忠实客户
150,38,男,长裤,服装,76,Delaware,M,白色,夏,3.2,是,包邮,是,14,PayPal,每月,成年,30,忠实客户
151,35,男,靴子,鞋履,96,California,L,青色,秋,4.9,是,标准快递,是,17,借记卡,每三个月,成年,90,忠实客户
152,28,男,太阳镜,配饰,47,North Dakota,L,绿松石色,秋,4.5,是,次日达,是,3,Venmo,每年,青年,365,回头客
153,30,男,衬衫,服装,85,South Carolina,S,棕色,夏,4.3,是,快递,是,42,Venmo,每年,青年,365,忠实客户
154,69,男,卫衣,服装,55,North Carolina,M,栗色,冬,3.2,是,标准快递,是,22,借记卡,每年,老年,365,忠实客户
155,41,男,连衣裙,服装,98,Oklahoma,M,炭灰色,秋,3.6,是,次日达,是,21,Venmo,每季,成年,90,忠实客户
156,63,男,袜子,服装,77,Maine,S,橄榄绿,春,4.3,是,包邮,是,21,银行转账,每季,老年,90,忠实客户
157,35,男,短裤,服装,26,Missouri,M,薰衣草紫,秋,4.0,是,标准快递,是,40,借记卡,每年,成年,365,忠实客户
158,36,男,帽子,配饰,68,Vermont,S,黄色,秋,3.0,是,次日达,是,1,银行转账,每两周,成年,14,新客户
159,25,男,衬衫,服装,73,Connecticut,XL,青绿色,秋,4.1,是,标准快递,是,50,银行转账,每月,青年,30,忠实客户
160,58,男,手套,配饰,27,New Hampshire,M,炭灰色,秋,3.8,是,门店自提,是,39,银行转账,每三个月,老年,90,忠实客户
161,27,男,手套,配饰,23,Texas,M,橙色,夏,4.6,是,包邮,是,34,Venmo,每月,青年,30,忠实客户
162,65,男,双肩包,配饰,49,North Dakota,M,橄榄绿,秋,3.0,是,快递,是,29,Venmo,每两周,老年,14,忠实客户
163,54,男,太阳镜,配饰,74,California,M,绿松石色,夏,3.0,是,门店自提,是,31,PayPal,双周,中年,14,忠实客户
164,54,男,半身裙,服装,67,Virginia,M,紫色,夏,3.4,是,标准快递,是,8,借记卡,每周,中年,7,回头客
165,59,男,手提包,配饰,65,Delaware,S,紫色,春,2.6,是,包邮,是,5,信用卡,每两周,老年,14,回头客
166,42,男,手提包,配饰,60,Kentucky,S,黄色,冬,2.8,是,门店自提,是,7,现金,每月,成年,30,回头客
167,46,男,运动鞋,鞋履,31,Delaware,XL,靛蓝色,秋,4.0,是,门店自提,是,30,现金,每月,中年,30,忠实客户
168,33,男,手套,配饰,27,Arkansas,M,绿色,秋,4.0,是,快递,是,14,信用卡,每三个月,成年,90,忠实客户
169,34,男,鞋子,鞋履,80,Louisiana,M,品红色,夏,3.0,是,快递,是,5,现金,每两周,成年,14,回头客
170,27,男,夹克,外套,30,Nevada,S,金色,夏,3.3,是,标准快递,是,3,PayPal,每三个月,青年,90,回头客
171,52,男,衬衫,服装,25,Wyoming,M,栗色,秋,2.6,是,门店自提,是,46,Venmo,双周,中年,14,忠实客户
172,29,男,短裤,服装,35,Virginia,M,蓝色,夏,3.6,是,门店自提,是,4,信用卡,每周,青年,7,回头客
173,54,男,首饰,配饰,67,Nebraska,M,紫罗兰色,夏,3.9,是,次日达,是,42,信用卡,双周,中年,14,忠实客户
174,25,男,帽子,配饰,46,Hawaii,M,绿松石色,秋,3.4,是,标准快递,是,30,现金,每年,青年,365,忠实客户
175,41,男,鞋子,鞋履,35,Vermont,L,棕色,冬,3.5,是,快递,是,37,Venmo,每年,成年,365,忠实客户
176,53,男,大衣,外套,86,Oklahoma,L,紫罗兰色,秋,2.8,是,次日达,是,2,银行转账,每年,中年,365,回头客
177,53,男,双肩包,配饰,81,New Hampshire,L,黑色,春,2.7,是,次日达,是,30,信用卡,每季,中年,90,忠实客户
178,21,男,卫衣,服装,42,Kansas,L,品红色,秋,3.7,是,次日达,是,47,银行转账,每月,青年,30,忠实客户
179,61,男,半身裙,服装,43,Idaho,L,薰衣草紫,秋,4.3,是,两日达,是,21,PayPal,每季,老年,90,忠实客户
180,64,男,靴子,鞋履,31,Illinois,M,紫罗兰色,秋,4.9,是,门店自提,是,9,银行转账,每两周,老年,14,回头客
181,51,男,凉鞋,鞋履,81,South Dakota,L,绿色,秋,3.3,是,门店自提,是,12,借记卡,每两周,中年,14,忠实客户
182,32,男,长裤,服装,61,Massachusetts,M,米色,夏,4.7,是,次日达,是,4,银行转账,每周,成年,7,回头客
183,38,男,手套,配饰,96,Alabama,XL,紫色,夏,2.8,是,门店自提,是,10,借记卡,每年,成年,365,回头客
184,58,男,半身裙,服装,29,Ohio,XL,米色,春,3.6,是,两日达,是,26,信用卡,每周,老年,7,忠实客户
185,32,男,运动鞋,鞋履,33,Hawaii,L,青色,春,3.0,是,快递,是,40,现金,每两周,成年,14,忠实客户
186,46,男,T恤,服装,32,Wisconsin,XL,银色,夏,4.5,是,门店自提,是,34,银行转账,每两周,中年,14,忠实客户
187,39,男,双肩包,配饰,56,Minnesota,S,薰衣草紫,夏,2.9,是,标准快递,是,31,借记卡,每年,成年,365,忠实客户
188,19,男,鞋子,鞋履,94,Georgia,S,紫色,春,3.3,是,门店自提,是,1,银行转账,双周,青年,14,新客户
189,50,男,卫衣,服装,53,Arkansas,M,粉色,春,3.1,是,快递,是,5,银行转账,双周,中年,14,回头客
190,36,男,女式衬衫,服装,82,West Virginia,M,栗色,秋,4.4,是,次日达,是,4,信用卡,每周,成年,7,回头客
191,65,男,大衣,外套,70,Indiana,XL,米色,秋,3.0,是,包邮,是,48,Venmo,每季,老年,90,忠实客户
192,64,男,帽子,配饰,76,Utah,M,灰色,秋,3.9,是,包邮,是,29,现金,每三个月,老年,90,忠实客户
193,46,男,鞋子,鞋履,29,Nebraska,L,绿松石色,夏,2.9,是,快递,是,12,PayPal,双周,中年,14,忠实客户
194,36,男,腰带,配饰,100,North Dakota,S,银色,秋,3.0,是,标准快递,是,29,Venmo,每年,成年,365,忠实客户
195,51,男,双肩包,配饰,94,Missouri,M,橄榄绿,春,3.1,是,快递,是,15,借记卡,每季,中年,90,忠实客户
196,51,男,夹克,外套,25,New York,M,品红色,秋,4.3,是,包邮,是,34,信用卡,每月,中年,30,忠实客户
197,38,男,靴子,鞋履,88,Washington,M,薰衣草紫,夏,3.9,是,次日达,是,41,信用卡,每两周,成年,14,忠实客户
198,59,男,围巾,配饰,78,South Carolina,M,黑色,秋,3.2,是,两日达,是,41,信用卡,每月,老年,30,忠实客户
199,57,男,首饰,配饰,45,Utah,M,绿松石色,冬,4.8,是,标准快递,是,39,信用卡,每两周,中年,14,忠实客户
200,54,男,帽子,配饰,73,Idaho,XL,绿色,夏,3.8,是,快递,是,32,现金,每周,中年,7,忠实客户
201,25,男,连衣裙,服装,61,Pennsylvania,S,青绿色,夏,3.3,是,次日达,是,29,Venmo,每月,青年,30,忠实客户
202,69,男,女式衬衫,服装,22,Missouri,S,米色,秋,4.3,是,包邮,是,15,银行转账,每年,老年,365,忠实客户
203,57,男,帽子,配饰,38,Nebraska,L,品红色,春,2.7,是,快递,是,33,Venmo,每年,中年,365,忠实客户
204,70,男,围巾,配饰,38,Indiana,S,黄色,秋,3.2,是,次日达,是,18,银行转账,每周,老年,7,忠实客户
205,24,男,运动鞋,鞋履,100,Arizona,M,黄色,秋,4.0,是,门店自提,是,35,现金,双周,青年,14,忠实客户
206,67,男,衬衫,服装,64,Hawaii,M,银色,冬,3.0,是,标准快递,是,25,PayPal,每周,老年,7,忠实客户
207,24,男,T恤,服装,55,Wisconsin,L,银色,夏,4.2,是,包邮,是,6,Venmo,每两周,青年,14,回头客
208,62,男,手套,配饰,91,Rhode Island,M,银色,夏,2.9,是,快递,是,17,银行转账,双周,老年,14,忠实客户
209,57,男,半身裙,服装,38,Wisconsin,M,金色,春,4.1,是,门店自提,是,17,信用卡,每月,中年,30,忠实客户
210,55,男,凉鞋,鞋履,97,Minnesota,S,橄榄绿,冬,3.2,是,门店自提,是,44,现金,每三个月,中年,90,忠实客户
211,45,男,夹克,外套,22,Vermont,L,青绿色,秋,3.0,是,两日达,是,6,PayPal,每两周,中年,14,回头客
212,69,男,半身裙,服装,92,South Dakota,L,栗色,秋,4.2,是,两日达,是,45,借记卡,每两周,老年,14,忠实客户
213,67,男,手提包,配饰,84,Virginia,L,蓝色,秋,4.2,是,快递,是,7,借记卡,每年,老年,365,回头客
214,30,男,手提包,配饰,93,Nevada,L,桃色,秋,4.4,是,门店自提,是,11,借记卡,每三个月,青年,90,忠实客户
215,24,男,夹克,外套,50,Hawaii,L,蓝色,夏,4.2,是,次日达,是,41,现金,每三个月,青年,90,忠实客户
216,62,男,围巾,配饰,64,New Jersey,S,橙色,春,2.8,是,两日达,是,24,PayPal,双周,老年,14,忠实客户
217,43,男,短裤,服装,61,Massachusetts,L,黄色,春,3.7,是,包邮,是,21,Venmo,每周,成年,7,忠实客户
218,35,男,太阳镜,配饰,48,Oklahoma,M,紫色,冬,3.5,是,次日达,是,24,银行转账,每年,成年,365,忠实客户
219,28,男,T恤,服装,45,California,S,品红色,春,2.9,是,门店自提,是,8,信用卡,每季,青年,90,回头客
220,32,男,腰带,配饰,88,Nevada,M,青色,春,3.0,是,包邮,是,12,现金,每两周,成年,14,忠实客户
221,39,男,运动鞋,鞋履,57,Arizona,S,靛蓝色,春,3.7,是,快递,是,48,借记卡,每两周,成年,14,忠实客户
222,28,男,帽子,配饰,68,North Carolina,XL,品红色,夏,4.4,是,门店自提,是,6,银行转账,每季,青年,90,回头客
223,47,男,手套,配饰,94,New York,XL,灰色,春,4.5,是,两日达,是,14,PayPal,每两周,中年,14,忠实客户
224,20,男,长裤,服装,41,Wyoming,M,绿松石色,春,4.8,是,包邮,是,34,PayPal,每年,青年,365,忠实客户
225,63,男,袜子,服装,83,South Dakota,S,米色,夏,2.9,是,包邮,是,12,现金,每三个月,老年,90,忠实客户
226,25,男,夹克,外套,22,Arkansas,M,橄榄绿,春,3.2,是,次日达,是,11,银行转账,每年,青年,365,忠实客户
227,29,男,鞋子,鞋履,74,Texas,L,紫罗兰色,春,3.3,是,包邮,是,5,PayPal,每月,青年,30,回头客
228,50,男,牛仔裤,服装,90,Rhode Island,M,绿松石色,冬,4.2,是,标准快递,是,25,Venmo,每两周,中年,14,忠实客户
229,18,男,袜子,服装,79,New Hampshire,M,白色,春,2.9,是,门店自提,是,11,信用卡,每年,青年,365,忠实客户
230,70,男,凉鞋,鞋履,28,Ohio,S,银色,春,4.6,是,次日达,是,27,PayPal,每三个月,老年,90,忠实客户
231,66,男,围巾,配饰,88,Utah,L,橄榄绿,秋,4.1,是,标准快递,是,43,信用卡,每年,老年,365,忠实客户
232,28,男,女式衬衫,服装,26,Tennessee,M,蓝色,春,3.1,是,两日达,是,18,借记卡,每三个月,青年,90,忠实客户
233,54,男,首饰,配饰,27,Hawaii,L,紫色,冬,4.2,是,快递,是,32,银行转账,双周,中年,14,忠实客户
234,19,男,毛衣,服装,83,Arizona,XL,黄色,秋,4.5,是,次日达,是,27,银行转账,每三个月,青年,90,忠实客户
235,20,男,手套,配饰,39,South Dakota,S,银色,夏,3.7,是,次日达,是,24,信用卡,每周,青年,7,忠实客户
236,43,男,太阳镜,配饰,89,New Jersey,M,青色,冬,3.7,是,包邮,是,31,借记卡,每季,成年,90,忠实客户
237,38,男,大衣,外套,68,North Dakota,L,绿色,冬,3.4,是,次日达,是,39,PayPal,每两周,成年,14,忠实客户
238,50,男,连衣裙,服装,90,Iowa,M,米色,夏,3.0,是,门店自提,是,36,借记卡,每两周,中年,14,忠实客户
239,64,男,半身裙,服装,34,Ohio,M,桃色,秋,4.2,是,包邮,是,5,现金,每年,老年,365,回头客
240,49,男,长裤,服装,51,Vermont,L,黄色,夏,2.9,是,快递,是,47,信用卡,双周,中年,14,忠实客户
241,47,男,毛衣,服装,45,Montana,XL,绿松石色,冬,3.5,是,包邮,是,29,银行转账,每两周,中年,14,忠实客户
242,36,男,卫衣,服装,88,Delaware,M,桃色,冬,4.1,是,包邮,是,43,Venmo,双周,成年,14,忠实客户
243,55,男,大衣,外套,85,New York,L,灰色,夏,4.3,是,门店自提,是,40,借记卡,每三个月,中年,90,忠实客户
244,25,男,首饰,配饰,100,Kentucky,M,橄榄绿,冬,2.8,是,两日达,是,4,借记卡,每月,青年,30,回头客
245,53,男,腰带,配饰,42,Oregon,S,靛蓝色,春,4.9,是,两日达,是,39,PayPal,每周,中年,7,忠实客户
246,49,男,凉鞋,鞋履,53,Rhode Island,L,炭灰色,夏,3.3,是,次日达,是,45,Venmo,每两周,中年,14,忠实客户
247,35,男,太阳镜,配饰,86,Nevada,XL,米色,春,3.2,是,快递,是,20,Venmo,双周,成年,14,忠实客户
248,29,男,毛衣,服装,66,Montana,XL,棕色,春,4.4,是,标准快递,是,14,借记卡,每周,青年,7,忠实客户
249,47,男,腰带,配饰,100,Pennsylvania,M,蓝色,冬,4.8,是,快递,是,33,PayPal,每周,中年,7,忠实客户
250,53,男,手提包,配饰,47,Alaska,S,青绿色,秋,4.2,是,标准快递,是,18,信用卡,每年,中年,365,忠实客户
251,33,男,半身裙,服装,25,Mississippi,L,黑色,秋,4.0,是,快递,是,9,银行转账,每周,成年,7,回头客
252,21,男,手提包,配饰,51,Wyoming,XL,金色,冬,2.5,是,标准快递,是,34,PayPal,每年,青年,365,忠实客户
253,32,男,短裤,服装,41,Delaware,M,紫罗兰色,夏,3.9,是,包邮,是,33,Venmo,每两周,成年,14,忠实客户
254,52,男,靴子,鞋履,73,Oklahoma,L,青色,冬,4.9,是,两日达,是,15,银行转账,双周,中年,14,忠实客户
255,67,男,太阳镜,配饰,42,Indiana,M,白色,冬,3.5,是,门店自提,是,4,PayPal,双周,老年,14,回头客
256,43,男,围巾,配饰,20,Maryland,M,炭灰色,春,4.2,是,包邮,是,25,借记卡,每年,成年,365,忠实客户
257,58,男,首饰,配饰,30,South Dakota,XL,紫罗兰色,春,4.7,是,快递,是,20,信用卡,每三个月,老年,90,忠实客户
258,20,男,手提包,配饰,53,West Virginia,M,红色,夏,4.5,是,快递,是,5,信用卡,每季,青年,90,回头客
259,61,男,手套,配饰,74,Alabama,S,薰衣草紫,春,2.8,是,快递,是,16,现金,每季,老年,90,忠实客户
260,32,男,牛仔裤,服装,57,Louisiana,M,金色,秋,2.9,是,标准快递,是,13,借记卡,每年,成年,365,忠实客户
261,38,男,帽子,配饰,57,Montana,S,红色,冬,3.2,是,两日达,是,11,信用卡,每三个月,成年,90,忠实客户
262,21,男,牛仔裤,服装,77,California,L,品红色,冬,4.9,是,标准快递,是,21,信用卡,每年,青年,365,忠实客户
263,37,男,长裤,服装,40,Hawaii,M,青绿色,夏,3.7,是,次日达,是,6,借记卡,每年,成年,365,回头客
264,27,男,短裤,服装,46,Iowa,M,紫色,夏,4.3,是,门店自提,是,29,Venmo,每月,青年,30,忠实客户
265,36,男,长裤,服装,78,Colorado,S,炭灰色,秋,3.9,是,门店自提,是,15,现金,每年,成年,365,忠实客户
266,32,男,双肩包,配饰,59,Michigan,M,灰色,春,3.2,是,两日达,是,17,银行转账,双周,成年,14,忠实客户
267,51,男,首饰,配饰,75,Louisiana,L,白色,夏,3.1,是,快递,是,32,信用卡,每周,中年,7,忠实客户
268,64,男,毛衣,服装,54,Maryland,M,橄榄绿,春,3.9,是,两日达,是,42,Venmo,每年,老年,365,忠实客户
269,68,男,鞋子,鞋履,42,Georgia,M,炭灰色,春,2.6,是,门店自提,是,21,现金,每月,老年,30,忠实客户
270,68,男,女式衬衫,服装,44,Georgia,M,炭灰色,冬,3.3,是,次日达,是,9,现金,双周,老年,14,回头客
271,33,男,牛仔裤,服装,52,North Dakota,XL,橙色,秋,4.6,是,包邮,是,16,银行转账,每年,成年,365,忠实客户
272,65,男,太阳镜,配饰,69,Maryland,XL,黄色,夏,4.6,是,快递,是,42,信用卡,每两周,老年,14,忠实客户
273,48,男,首饰,配饰,26,Oregon,M,米色,夏,4.4,是,两日达,是,37,借记卡,双周,中年,14,忠实客户
274,69,男,大衣,外套,33,North Dakota,S,银色,春,4.2,是,快递,是,32,借记卡,每季,老年,90,忠实客户
275,59,男,首饰,配饰,32,Maryland,M,靛蓝色,春,3.0,是,快递,是,28,现金,双周,老年,14,忠实客户
276,48,男,双肩包,配饰,85,Virginia,XL,薰衣草紫,冬,4.0,是,快递,是,13,信用卡,每周,中年,7,忠实客户
277,25,男,半身裙,服装,30,South Dakota,XL,绿松石色,秋,3.5,是,快递,是,11,银行转账,每两周,青年,14,忠实客户
278,29,男,衬衫,服装,29,Georgia,M,绿色,冬,3.0,是,门店自提,是,36,银行转账,双周,青年,14,忠实客户
279,57,男,毛衣,服装,95,Hawaii,M,橙色,春,3.7,是,快递,是,23,借记卡,每年,中年,365,忠实客户
280,23,男,运动鞋,鞋履,69,Arkansas,L,绿松石色,夏,4.0,是,标准快递,是,37,银行转账,每月,青年,30,忠实客户
281,45,男,凉鞋,鞋履,69,Montana,S,青色,秋,4.2,是,两日达,是,21,现金,双周,中年,14,忠实客户
282,38,男,腰带,配饰,61,Oklahoma,XL,炭灰色,春,2.5,是,标准快递,是,22,借记卡,双周,成年,14,忠实客户
283,21,男,半身裙,服装,94,Minnesota,M,青绿色,夏,3.0,是,两日达,是,9,现金,每月,青年,30,回头客
284,32,男,毛衣,服装,30,Montana,S,栗色,秋,3.2,是,次日达,是,16,Venmo,每年,成年,365,忠实客户
285,63,男,半身裙,服装,45,Ohio,M,红色,夏,3.5,是,标准快递,是,4,PayPal,每季,老年,90,回头客
286,29,男,手提包,配饰,39,Kentucky,XL,黄色,夏,4.8,是,快递,是,3,借记卡,双周,青年,14,回头客
287,27,男,首饰,配饰,51,Nebraska,L,灰色,夏,2.6,是,门店自提,是,6,借记卡,每年,青年,365,回头客
288,56,男,围巾,配饰,37,Delaware,L,蓝色,春,3.4,是,两日达,是,18,Venmo,每两周,中年,14,忠实客户
289,30,男,T恤,服装,62,North Carolina,M,薰衣草紫,冬,3.7,是,两日达,是,34,Venmo,双周,青年,14,忠实客户
290,49,男,大衣,外套,85,New York,M,黄色,秋,4.5,是,两日达,是,26,信用卡,每月,中年,30,忠实客户
291,58,男,T恤,服装,33,Colorado,M,靛蓝色,冬,3.7,是,标准快递,是,50,PayPal,每周,老年,7,忠实客户
292,57,男,连衣裙,服装,26,Delaware,XL,紫罗兰色,秋,3.3,是,次日达,是,40,银行转账,每月,中年,30,忠实客户
293,60,男,鞋子,鞋履,99,Utah,M,绿色,春,4.7,是,包邮,是,24,现金,每季,老年,90,忠实客户
294,69,男,手提包,配饰,39,Connecticut,M,白色,春,2.7,是,快递,是,33,PayPal,每年,老年,365,忠实客户
295,70,男,半身裙,服装,20,New Jersey,M,金色,春,4.6,是,门店自提,是,19,信用卡,每三个月,老年,90,忠实客户
296,53,男,太阳镜,配饰,42,West Virginia,M,靛蓝色,冬,2.7,是,门店自提,是,24,信用卡,每季,中年,90,忠实客户
297,25,男,凉鞋,鞋履,74,Indiana,S,薰衣草紫,春,4.8,是,两日达,是,19,信用卡,每周,青年,7,忠实客户
298,48,男,鞋子,鞋履,26,Delaware,XL,紫色,夏,4.4,是,标准快递,是,4,信用卡,双周,中年,14,回头客
299,69,男,T恤,服装,53,Maryland,M,薰衣草紫,冬,4.0,是,标准快递,是,11,Venmo,每三个月,老年,90,忠实客户
300,25,男,运动鞋,鞋履,80,Pennsylvania,M,栗色,夏,3.2,是,次日达,是,28,PayPal,每两周,青年,14,忠实客户
301,29,男,帽子,配饰,98,Iowa,M,青绿色,春,4.4,是,门店自提,是,24,PayPal,每周,青年,7,忠实客户
302,46,男,半身裙,服装,95,Pennsylvania,M,绿色,春,3.8,是,标准快递,是,25,信用卡,每三个月,中年,90,忠实客户
303,37,男,毛衣,服装,44,Delaware,L,橄榄绿,夏,3.6,是,快递,是,27,银行转账,每三个月,成年,90,忠实客户
304,20,男,凉鞋,鞋履,60,Oregon,M,绿松石色,夏,3.3,是,次日达,是,49,Venmo,每周,青年,7,忠实客户
305,40,男,连衣裙,服装,84,Oregon,M,绿色,冬,3.4,是,次日达,是,45,信用卡,双周,成年,14,忠实客户
306,60,男,毛衣,服装,59,Utah,M,青绿色,秋,3.5,是,两日达,是,26,PayPal,每年,老年,365,忠实客户
307,26,男,夹克,外套,49,North Dakota,S,白色,夏,3.6,是,快递,是,4,现金,每年,青年,365,回头客
308,29,男,手套,配饰,32,Florida,M,橙色,冬,3.2,是,包邮,是,3,信用卡,每三个月,青年,90,回头客
309,66,男,手提包,配饰,29,Maryland,M,米色,秋,3.7,是,标准快递,是,45,Venmo,双周,老年,14,忠实客户
310,66,男,连衣裙,服装,22,Minnesota,M,黄色,春,4.5,是,标准快递,是,21,现金,每两周,老年,14,忠实客户
311,56,男,长裤,服装,85,Montana,M,炭灰色,冬,4.6,是,标准快递,是,50,现金,每两周,中年,14,忠实客户
312,69,男,牛仔裤,服装,52,Rhode Island,L,银色,冬,4.1,是,门店自提,是,19,银行转账,每月,老年,30,忠实客户
313,38,男,长裤,服装,89,Massachusetts,L,绿色,春,3.4,是,次日达,是,6,PayPal,每年,成年,365,回头客
314,42,男,连衣裙,服装,77,Vermont,M,粉色,春,3.7,是,快递,是,50,信用卡,每三个月,成年,90,忠实客户
315,30,男,长裤,服装,24,New Jersey,M,紫色,夏,3.3,是,门店自提,是,17,借记卡,每三个月,青年,90,忠实客户
316,66,男,首饰,配饰,24,Wisconsin,XL,橙色,春,4.5,是,快递,是,24,借记卡,每年,老年,365,忠实客户
317,36,男,手提包,配饰,22,California,M,炭灰色,秋,3.3,是,包邮,是,46,Venmo,每月,成年,30,忠实客户
318,58,男,毛衣,服装,82,West Virginia,L,青绿色,秋,4.3,是,标准快递,是,42,现金,每三个月,老年,90,忠实客户
319,45,男,双肩包,配饰,67,South Dakota,M,米色,冬,2.5,是,标准快递,是,10,现金,每年,中年,365,回头客
320,47,男,短裤,服装,74,Maine,XL,白色,春,2.6,是,标准快递,是,1,现金,每三个月,中年,90,新客户
321,66,男,首饰,配饰,72,Kansas,L,白色,夏,4.9,是,标准快递,是,28,借记卡,每季,老年,90,忠实客户
322,41,男,运动鞋,鞋履,36,Vermont,L,橙色,夏,4.7,是,包邮,是,48,借记卡,每季,成年,90,忠实客户
323,41,男,腰带,配饰,95,Tennessee,S,青色,冬,3.0,是,标准快递,是,47,信用卡,每月,成年,30,忠实客户
324,66,男,卫衣,服装,78,Tennessee,M,橙色,冬,3.5,是,次日达,是,29,PayPal,双周,老年,14,忠实客户
325,37,男,衬衫,服装,82,Wyoming,M,橄榄绿,夏,4.8,是,标准快递,是,37,Venmo,每季,成年,90,忠实客户
326,70,男,长裤,服装,70,Vermont,M,炭灰色,冬,4.3,是,包邮,是,38,借记卡,每年,老年,365,忠实客户
327,62,男,围巾,配饰,41,New Jersey,M,白色,秋,3.2,是,门店自提,是,48,银行转账,每周,老年,7,忠实客户
328,61,男,大衣,外套,42,Iowa,M,青绿色,夏,3.1,是,包邮,是,36,PayPal,每周,老年,7,忠实客户
329,48,男,大衣,外套,50,Florida,M,黄色,秋,2.8,是,包邮,是,9,信用卡,每周,中年,7,回头客
330,70,男,袜子,服装,31,Nevada,S,白色,夏,2.9,是,两日达,是,34,银行转账,每月,老年,30,忠实客户
331,46,男,毛衣,服装,51,North Dakota,M,米色,冬,3.7,是,快递,是,43,Venmo,双周,中年,14,忠实客户
332,31,男,衬衫,服装,98,Florida,L,米色,秋,3.3,是,门店自提,是,46,PayPal,每季,青年,90,忠实客户
333,19,男,衬衫,服装,86,New York,M,栗色,冬,2.8,是,两日达,是,5,信用卡,每月,青年,30,回头客
334,39,男,毛衣,服装,64,Alaska,M,青绿色,冬,4.5,是,标准快递,是,15,银行转账,双周,成年,14,忠实客户
335,41,男,女式衬衫,服装,46,Kansas,M,薰衣草紫,秋,2.6,是,次日达,是,30,信用卡,每年,成年,365,忠实客户
336,20,男,毛衣,服装,85,Oregon,L,栗色,春,3.7,是,标准快递,是,44,Venmo,每三个月,青年,90,忠实客户
337,36,男,帽子,配饰,81,Rhode Island,S,橙色,秋,4.4,是,快递,是,16,PayPal,每年,成年,365,忠实客户
338,32,男,毛衣,服装,59,New Mexico,M,青色,冬,4.3,是,两日达,是,16,银行转账,每年,成年,365,忠实客户
339,69,男,卫衣,服装,79,Massachusetts,M,银色,冬,3.5,是,快递,是,16,现金,每周,老年,7,忠实客户
340,40,男,短裤,服装,33,Pennsylvania,M,青绿色,春,3.8,是,两日达,是,21,信用卡,每三个月,成年,90,忠实客户
341,40,男,短裤,服装,47,New Jersey,L,蓝色,夏,3.5,是,快递,是,39,Venmo,每三个月,成年,90,忠实客户
342,20,男,帽子,配饰,20,Utah,S,蓝色,夏,4.6,是,门店自提,是,40,借记卡,双周,青年,14,忠实客户
343,64,男,大衣,外套,36,Kentucky,M,橄榄绿,春,2.6,是,次日达,是,48,信用卡,每三个月,老年,90,忠实客户
344,27,男,凉鞋,鞋履,39,Nebraska,M,紫色,夏,4.4,是,次日达,是,26,Venmo,每月,青年,30,忠实客户
345,24,男,半身裙,服装,71,Virginia,M,炭灰色,冬,4.0,是,标准快递,是,46,借记卡,每月,青年,30,忠实客户
346,48,男,鞋子,鞋履,59,Wyoming,S,橄榄绿,冬,4.4,是,次日达,是,27,银行转账,每年,中年,365,忠实客户
347,49,男,牛仔裤,服装,50,New Mexico,L,紫罗兰色,春,4.7,是,次日达,是,5,现金,每周,中年,7,回头客
348,36,男,凉鞋,鞋履,41,Oregon,L,红色,秋,3.9,是,门店自提,是,43,PayPal,每两周,成年,14,忠实客户
349,56,男,女式衬衫,服装,59,South Carolina,M,米色,秋,2.7,是,包邮,是,17,PayPal,每两周,中年,14,忠实客户
350,37,男,帽子,配饰,87,Arizona,M,绿色,冬,3.7,是,两日达,是,3,银行转账,双周,成年,14,回头客
351,42,男,毛衣,服装,68,Kentucky,M,紫罗兰色,春,2.6,是,两日达,是,47,银行转账,每两周,成年,14,忠实客户
352,28,男,半身裙,服装,90,New York,M,青绿色,冬,3.9,是,标准快递,是,24,借记卡,双周,青年,14,忠实客户
353,27,男,牛仔裤,服装,71,Texas,XL,黄色,秋,4.9,是,次日达,是,12,现金,每三个月,青年,90,忠实客户
354,63,男,运动鞋,鞋履,64,Missouri,L,黄色,秋,4.1,是,门店自提,是,35,借记卡,每月,老年,30,忠实客户
355,58,男,首饰,配饰,76,Pennsylvania,S,橄榄绿,秋,3.0,是,包邮,是,42,Venmo,每周,老年,7,忠实客户
356,37,男,首饰,配饰,42,Oregon,XL,品红色,秋,4.1,是,两日达,是,1,PayPal,每三个月,成年,90,新客户
357,56,男,长裤,服装,80,Nevada,L,黑色,春,3.7,是,标准快递,是,27,现金,每周,中年,7,忠实客户
358,18,男,腰带,配饰,56,Arkansas,M,橄榄绿,春,4.0,是,标准快递,是,16,信用卡,双周,青年,14,忠实客户
359,48,男,帽子,配饰,25,Minnesota,XL,品红色,夏,3.6,是,快递,是,36,信用卡,每三个月,中年,90,忠实客户
360,31,男,运动鞋,鞋履,74,Georgia,M,橄榄绿,冬,3.0,是,门店自提,是,30,信用卡,每三个月,青年,90,忠实客户
361,51,男,长裤,服装,30,Rhode Island,M,青绿色,夏,3.0,是,标准快递,是,18,借记卡,每两周,中年,14,忠实客户
362,65,男,T恤,服装,96,Nevada,M,白色,春,2.6,是,包邮,是,45,现金,每年,老年,365,忠实客户
363,53,男,运动鞋,鞋履,64,Texas,M,炭灰色,秋,3.4,是,包邮,是,1,Venmo,每两周,中年,14,新客户
364,55,男,短裤,服装,88,Florida,L,黄色,冬,3.1,是,包邮,是,42,银行转账,每两周,中年,14,忠实客户
365,62,男,鞋子,鞋履,88,North Dakota,L,炭灰色,夏,3.0,是,包邮,是,7,Venmo,每三个月,老年,90,回头客
366,55,男,手套,配饰,88,West Virginia,XL,灰色,夏,3.7,是,标准快递,是,50,PayPal,每季,中年,90,忠实客户
367,64,男,袜子,服装,36,Nebraska,M,绿松石色,春,3.5,是,门店自提,是,37,Venmo,每两周,老年,14,忠实客户
368,52,男,连衣裙,服装,40,Tennessee,XL,青色,春,2.8,是,门店自提,是,18,银行转账,每月,中年,30,忠实客户
369,24,男,手提包,配饰,39,Oklahoma,M,炭灰色,春,4.5,是,标准快递,是,29,现金,每月,青年,30,忠实客户
370,38,男,腰带,配饰,40,Wisconsin,M,银色,夏,3.3,是,门店自提,是,45,PayPal,每季,成年,90,忠实客户
371,59,男,围巾,配饰,34,Oregon,M,橄榄绿,冬,3.4,是,快递,是,13,PayPal,每周,老年,7,忠实客户
372,27,男,运动鞋,鞋履,83,North Carolina,S,粉色,冬,3.2,是,两日达,是,47,PayPal,每月,青年,30,忠实客户
373,24,男,毛衣,服装,85,Pennsylvania,L,橙色,夏,3.7,是,标准快递,是,7,借记卡,每周,青年,7,回头客
374,23,男,大衣,外套,27,North Dakota,L,白色,夏,4.6,是,快递,是,11,Venmo,双周,青年,14,忠实客户
375,69,男,首饰,配饰,78,Ohio,S,紫色,春,5.0,是,门店自提,是,39,银行转账,每月,老年,30,忠实客户
376,59,男,太阳镜,配饰,32,Oklahoma,M,橄榄绿,夏,4.4,是,标准快递,是,6,借记卡,每季,老年,90,回头客
377,51,男,鞋子,鞋履,51,South Carolina,S,灰色,秋,4.9,是,快递,是,2,Venmo,双周,中年,14,回头客
378,63,男,围巾,配饰,32,Maine,M,银色,春,4.1,是,标准快递,是,39,信用卡,每三个月,老年,90,忠实客户
379,54,男,连衣裙,服装,62,Nevada,L,橙色,冬,4.9,是,次日达,是,23,信用卡,每月,中年,30,忠实客户
380,32,男,T恤,服装,29,Montana,S,品红色,秋,4.7,是,两日达,是,46,借记卡,双周,成年,14,忠实客户
381,39,男,双肩包,配饰,69,New Hampshire,XL,米色,秋,3.0,是,门店自提,是,19,银行转账,每周,成年,7,忠实客户
382,66,男,首饰,配饰,25,Maine,L,薰衣草紫,冬,3.4,是,门店自提,是,3,信用卡,每三个月,老年,90,回头客
383,28,男,牛仔裤,服装,76,California,M,桃色,冬,3.2,是,门店自提,是,47,PayPal,每季,青年,90,忠实客户
384,50,男,太阳镜,配饰,77,West Virginia,S,品红色,秋,3.8,是,标准快递,是,6,PayPal,每季,中年,90,回头客
385,70,男,毛衣,服装,33,California,M,米色,秋,4.5,是,两日达,是,6,Venmo,每年,老年,365,回头客
386,67,男,短裤,服装,93,West Virginia,S,黄色,秋,2.7,是,次日达,是,12,信用卡,双周,老年,14,忠实客户
387,64,男,首饰,配饰,39,Louisiana,L,棕色,春,3.4,是,快递,是,40,PayPal,每季,老年,90,忠实客户
388,45,男,大衣,外套,93,Georgia,L,银色,夏,4.6,是,门店自提,是,38,PayPal,每两周,中年,14,忠实客户
389,22,男,手提包,配饰,82,Washington,M,橙色,夏,2.7,是,门店自提,是,10,PayPal,每季,青年,90,回头客
390,27,男,靴子,鞋履,42,Virginia,L,紫色,春,4.2,是,标准快递,是,28,银行转账,每月,青年,30,忠实客户
391,25,男,手套,配饰,71,Indiana,M,靛蓝色,冬,3.2,是,两日达,是,19,PayPal,每年,青年,365,忠实客户
392,37,男,毛衣,服装,86,Minnesota,L,灰色,春,4.8,是,标准快递,是,25,现金,每两周,成年,14,忠实客户
393,26,男,T恤,服装,82,Idaho,XL,黑色,春,3.3,是,次日达,是,38,信用卡,每年,青年,365,忠实客户
394,33,男,鞋子,鞋履,65,Vermont,L,栗色,秋,4.2,是,标准快递,是,6,PayPal,每两周,成年,14,回头客
395,43,男,围巾,配饰,29,North Dakota,M,米色,春,4.8,是,门店自提,是,7,借记卡,双周,成年,14,回头客
396,37,男,运动鞋,鞋履,65,Rhode Island,L,棕色,冬,4.9,是,门店自提,是,2,PayPal,每年,成年,365,回头客
397,46,男,连衣裙,服装,88,South Carolina,S,黑色,秋,3.9,是,标准快递,是,24,银行转账,每年,中年,365,忠实客户
398,22,男,腰带,配饰,46,Mississippi,M,靛蓝色,秋,3.0,是,包邮,是,26,现金,每年,青年,365,忠实客户
399,20,男,靴子,鞋履,67,Montana,S,银色,冬,4.6,是,包邮,是,25,借记卡,每三个月,青年,90,忠实客户
400,60,男,围巾,配饰,35,Idaho,L,蓝色,秋,3.5,是,两日达,是,10,借记卡,每月,老年,30,回头客
401,39,男,靴子,鞋履,66,Utah,M,绿色,冬,4.8,是,包邮,是,14,PayPal,每两周,成年,14,忠实客户
402,43,男,T恤,服装,91,Oklahoma,L,橙色,秋,4.8,是,标准快递,是,21,现金,每季,成年,90,忠实客户
403,31,男,双肩包,配饰,78,California,L,青色,秋,3.0,是,快递,是,26,PayPal,每月,青年,30,忠实客户
404,19,男,运动鞋,鞋履,45,Nevada,M,橙色,冬,4.5,是,次日达,是,12,银行转账,每年,青年,365,忠实客户
405,35,男,T恤,服装,93,Delaware,M,靛蓝色,春,4.8,是,门店自提,是,11,信用卡,每月,成年,30,忠实客户
406,41,男,牛仔裤,服装,74,South Carolina,S,银色,夏,3.8,是,标准快递,是,15,现金,每年,成年,365,忠实客户
407,52,男,手套,配饰,55,Maryland,M,桃色,春,4.6,是,快递,是,13,现金,每月,中年,30,忠实客户
408,45,男,卫衣,服装,76,North Carolina,XL,青绿色,春,3.1,是,次日达,是,5,信用卡,双周,中年,14,回头客
409,34,男,运动鞋,鞋履,66,Alabama,L,白色,春,3.4,是,快递,是,36,现金,每两周,成年,14,忠实客户
410,35,男,短裤,服装,51,Minnesota,M,棕色,冬,3.3,是,两日达,是,32,银行转账,每月,成年,30,忠实客户
411,29,男,毛衣,服装,26,Virginia,L,薰衣草紫,春,4.8,是,两日达,是,1,信用卡,每季,青年,90,新客户
412,59,男,牛仔裤,服装,29,Michigan,M,靛蓝色,夏,2.8,是,快递,是,15,PayPal,每年,老年,365,忠实客户
413,24,男,夹克,外套,74,Maine,M,黄色,夏,3.1,是,门店自提,是,3,银行转账,每周,青年,7,回头客
414,70,男,首饰,配饰,99,Nevada,S,白色,夏,4.6,是,包邮,是,48,现金,每月,老年,30,忠实客户
415,29,男,双肩包,配饰,88,Wyoming,L,紫罗兰色,冬,2.6,是,门店自提,是,30,借记卡,每周,青年,7,忠实客户
416,67,男,大衣,外套,31,Connecticut,M,薰衣草紫,冬,2.6,是,快递,是,40,银行转账,每月,老年,30,忠实客户
417,36,男,腰带,配饰,55,Oregon,L,橄榄绿,春,3.8,是,包邮,是,24,银行转账,每两周,成年,14,忠实客户
418,23,男,凉鞋,鞋履,81,Mississippi,L,米色,秋,4.5,是,包邮,是,48,借记卡,每季,青年,90,忠实客户
419,18,男,毛衣,服装,73,Illinois,L,紫色,春,3.0,是,标准快递,是,27,Venmo,双周,青年,14,忠实客户
420,53,男,短裤,服装,91,Utah,S,青绿色,冬,3.7,是,包邮,是,14,信用卡,每三个月,中年,90,忠实客户
421,32,男,袜子,服装,54,North Carolina,S,桃色,春,3.8,是,包邮,是,18,借记卡,双周,成年,14,忠实客户
422,38,男,衬衫,服装,40,Kentucky,M,紫罗兰色,冬,3.5,是,标准快递,是,48,现金,双周,成年,14,忠实客户
423,47,男,长裤,服装,59,Minnesota,M,紫色,秋,3.1,是,门店自提,是,32,借记卡,每年,中年,365,忠实客户
424,46,男,围巾,配饰,26,New York,L,青绿色,春,3.0,是,门店自提,是,21,信用卡,双周,中年,14,忠实客户
425,66,男,毛衣,服装,23,Illinois,M,金色,冬,4.3,是,标准快递,是,42,PayPal,每两周,老年,14,忠实客户
426,40,男,牛仔裤,服装,87,North Dakota,S,青绿色,冬,3.3,是,门店自提,是,4,信用卡,每季,成年,90,回头客
427,43,男,长裤,服装,71,Louisiana,M,紫罗兰色,冬,4.7,是,快递,是,19,信用卡,每季,成年,90,忠实客户
428,58,男,双肩包,配饰,91,Illinois,L,黑色,冬,4.5,是,门店自提,是,6,信用卡,每季,老年,90,回头客
429,21,男,大衣,外套,64,Wyoming,XL,金色,冬,2.9,是,包邮,是,2,借记卡,每两周,青年,14,回头客
430,42,男,凉鞋,鞋履,94,Washington,M,金色,冬,4.1,是,两日达,是,21,现金,每两周,成年,14,忠实客户
431,24,男,衬衫,服装,40,Texas,M,棕色,夏,3.5,是,门店自提,是,40,借记卡,每年,青年,365,忠实客户
432,43,男,帽子,配饰,76,New Hampshire,L,青色,冬,3.4,是,门店自提,是,33,现金,每两周,成年,14,忠实客户
433,47,男,衬衫,服装,86,Indiana,S,靛蓝色,秋,3.3,是,包邮,是,26,Venmo,每周,中年,7,忠实客户
434,49,男,半身裙,服装,92,Alabama,M,橙色,秋,3.2,是,门店自提,是,23,信用卡,每两周,中年,14,忠实客户
435,50,男,鞋子,鞋履,52,Oklahoma,L,粉色,春,4.0,是,门店自提,是,39,PayPal,每三个月,中年,90,忠实客户
436,51,男,大衣,外套,28,Montana,XL,橄榄绿,冬,3.6,是,次日达,是,42,银行转账,每月,中年,30,忠实客户
437,40,男,长裤,服装,46,Tennessee,L,青色,夏,4.6,是,包邮,是,41,银行转账,每周,成年,7,忠实客户
438,45,男,首饰,配饰,50,New Mexico,M,桃色,夏,2.6,是,次日达,是,41,PayPal,每年,中年,365,忠实客户
439,52,男,腰带,配饰,23,Iowa,M,绿松石色,冬,4.3,是,快递,是,12,信用卡,每两周,中年,14,忠实客户
440,62,男,夹克,外套,50,Idaho,M,绿松石色,夏,3.4,是,包邮,是,31,现金,每月,老年,30,忠实客户
441,20,男,衬衫,服装,89,Oklahoma,XL,栗色,冬,3.5,是,门店自提,是,34,借记卡,每两周,青年,14,忠实客户
442,43,男,卫衣,服装,81,Florida,M,栗色,冬,4.2,是,标准快递,是,32,信用卡,每年,成年,365,忠实客户
443,29,男,太阳镜,配饰,69,Michigan,M,橄榄绿,秋,3.8,是,门店自提,是,31,信用卡,每季,青年,90,忠实客户
444,22,男,太阳镜,配饰,67,Hawaii,M,品红色,夏,3.6,是,包邮,是,24,PayPal,每年,青年,365,忠实客户
445,48,男,连衣裙,服装,20,California,M,红色,夏,4.3,是,门店自提,是,31,借记卡,每年,中年,365,忠实客户
446,42,男,靴子,鞋履,29,Iowa,M,橄榄绿,秋,4.9,是,标准快递,是,18,Venmo,每年,成年,365,忠实客户
447,19,男,衬衫,服装,74,West Virginia,M,银色,夏,4.1,是,门店自提,是,15,Venmo,每月,青年,30,忠实客户
448,60,男,短裤,服装,82,Washington,S,绿松石色,春,3.6,是,标准快递,是,7,银行转账,每三个月,老年,90,回头客
449,32,男,手套,配饰,23,Missouri,M,黄色,夏,3.4,是,次日达,是,35,银行转账,每两周,成年,14,忠实客户
450,26,男,首饰,配饰,45,New York,L,桃色,夏,2.9,是,两日达,是,35,银行转账,每月,青年,30,忠实客户
451,25,男,靴子,鞋履,21,Connecticut,L,米色,夏,2.7,是,门店自提,是,19,信用卡,每月,青年,30,忠实客户
452,66,男,首饰,配饰,31,Virginia,M,粉色,夏,4.3,是,快递,是,26,信用卡,每两周,老年,14,忠实客户
453,45,男,长裤,服装,45,Missouri,M,紫罗兰色,夏,3.7,是,快递,是,39,PayPal,每两周,中年,14,忠实客户
454,54,男,首饰,配饰,56,Nebraska,XL,桃色,冬,2.8,是,次日达,是,22,信用卡,每周,中年,7,忠实客户
455,37,男,夹克,外套,97,New Jersey,S,金色,夏,3.2,是,次日达,是,14,现金,双周,成年,14,忠实客户
456,54,男,女式衬衫,服装,100,Utah,XL,金色,秋,3.6,是,门店自提,是,50,借记卡,每两周,中年,14,忠实客户
457,50,男,女式衬衫,服装,96,North Carolina,S,靛蓝色,秋,4.0,是,两日达,是,33,信用卡,每季,中年,90,忠实客户
458,25,男,手套,配饰,99,Rhode Island,M,蓝色,春,4.9,是,次日达,是,48,借记卡,每三个月,青年,90,忠实客户
459,47,男,短裤,服装,91,Arkansas,L,黑色,冬,4.0,是,两日达,是,48,PayPal,每月,中年,30,忠实客户
460,63,男,帽子,配饰,30,Maryland,L,黑色,冬,3.8,是,标准快递,是,27,PayPal,每两周,老年,14,忠实客户
461,64,男,鞋子,鞋履,65,South Carolina,L,青绿色,夏,3.8,是,门店自提,是,27,银行转账,每周,老年,7,忠实客户
462,18,男,靴子,鞋履,93,Ohio,M,黄色,冬,3.9,是,快递,是,20,Venmo,每周,青年,7,忠实客户
463,59,男,夹克,外套,81,Illinois,M,白色,秋,3.3,是,快递,是,48,Venmo,每三个月,老年,90,忠实客户
464,37,男,首饰,配饰,81,Georgia,S,橙色,夏,2.7,是,标准快递,是,29,Venmo,每周,成年,7,忠实客户
465,23,男,太阳镜,配饰,52,Alabama,M,银色,冬,4.7,是,次日达,是,45,PayPal,每月,青年,30,忠实客户
466,54,男,半身裙,服装,88,Oklahoma,M,粉色,夏,2.8,是,次日达,是,25,现金,每季,中年,90,忠实客户
467,38,男,牛仔裤,服装,24,Vermont,L,绿松石色,冬,4.6,是,包邮,是,25,PayPal,每周,成年,7,忠实客户
468,19,男,双肩包,配饰,51,Nebraska,S,橙色,春,4.5,是,两日达,是,37,借记卡,每三个月,青年,90,忠实客户
469,34,男,双肩包,配饰,38,Georgia,S,桃色,秋,5.0,是,包邮,是,16,现金,每季,成年,90,忠实客户
470,21,男,短裤,服装,46,Alabama,L,粉色,秋,4.1,是,两日达,是,30,借记卡,双周,青年,14,忠实客户
471,50,男,连衣裙,服装,63,Minnesota,L,青绿色,夏,4.6,是,快递,是,6,现金,每三个月,中年,90,回头客
472,55,男,围巾,配饰,72,Missouri,XL,白色,冬,4.9,是,两日达,是,36,银行转账,每季,中年,90,忠实客户
473,20,男,牛仔裤,服装,39,Georgia,L,灰色,冬,3.9,是,包邮,是,3,银行转账,每季,青年,90,回头客
474,34,男,大衣,外套,42,West Virginia,L,橄榄绿,春,3.9,是,门店自提,是,29,PayPal,每三个月,成年,90,忠实客户
475,62,男,毛衣,服装,76,Arkansas,XL,栗色,夏,2.6,是,两日达,是,15,现金,每季,老年,90,忠实客户
476,21,男,运动鞋,鞋履,66,Ohio,L,品红色,夏,2.7,是,包邮,是,18,借记卡,每年,青年,365,忠实客户
477,21,男,围巾,配饰,90,Connecticut,M,品红色,春,3.5,是,包邮,是,2,借记卡,每两周,青年,14,回头客
478,42,男,毛衣,服装,56,North Dakota,M,绿色,夏,3.7,是,包邮,是,49,借记卡,每周,成年,7,忠实客户
479,35,男,首饰,配饰,43,Kansas,XL,绿松石色,冬,3.2,是,包邮,是,48,Venmo,每年,成年,365,忠实客户
480,39,男,手提包,配饰,84,Iowa,L,黄色,冬,3.3,是,门店自提,是,43,Venmo,每月,成年,30,忠实客户
481,68,男,卫衣,服装,88,Vermont,M,灰色,夏,4.8,是,标准快递,是,30,借记卡,双周,老年,14,忠实客户
482,46,男,帽子,配饰,88,Wisconsin,L,桃色,秋,3.2,是,两日达,是,10,PayPal,每两周,中年,14,回头客
483,41,男,腰带,配饰,42,Connecticut,M,黄色,冬,2.5,是,两日达,是,11,Venmo,每年,成年,365,忠实客户
484,23,男,卫衣,服装,73,Oklahoma,M,白色,秋,3.9,是,门店自提,是,12,借记卡,每周,青年,7,忠实客户
485,68,男,帽子,配饰,73,Missouri,L,薰衣草紫,夏,4.7,是,包邮,是,28,银行转账,每季,老年,90,忠实客户
486,48,男,鞋子,鞋履,44,Tennessee,S,蓝色,春,2.6,是,次日达,是,36,借记卡,每两周,中年,14,忠实客户
487,38,男,凉鞋,鞋履,63,New Mexico,M,炭灰色,秋,2.8,是,门店自提,是,37,Venmo,每三个月,成年,90,忠实客户
488,41,男,夹克,外套,68,Iowa,L,红色,冬,4.4,是,门店自提,是,22,信用卡,每季,成年,90,忠实客户
489,58,男,毛衣,服装,29,Maine,L,橄榄绿,春,4.6,是,标准快递,是,32,Venmo,每周,老年,7,忠实客户
490,49,男,袜子,服装,85,South Dakota,M,绿色,夏,3.2,是,标准快递,是,40,PayPal,每年,中年,365,忠实客户
491,57,男,运动鞋,鞋履,42,Colorado,M,银色,冬,4.2,是,两日达,是,47,现金,每月,中年,30,忠实客户
492,49,男,大衣,外套,69,Vermont,M,银色,夏,3.8,是,两日达,是,24,信用卡,双周,中年,14,忠实客户
493,50,男,衬衫,服装,62,Michigan,M,黑色,秋,3.9,是,标准快递,是,11,借记卡,每周,中年,7,忠实客户
494,28,男,双肩包,配饰,48,Nevada,XL,红色,夏,4.7,是,门店自提,是,19,现金,双周,青年,14,忠实客户
495,38,男,靴子,鞋履,68,Indiana,M,靛蓝色,冬,4.5,是,快递,是,42,借记卡,每周,成年,7,忠实客户
496,33,男,手提包,配饰,36,Michigan,XL,青色,秋,3.3,是,包邮,是,6,借记卡,每两周,成年,14,回头客
497,30,男,连衣裙,服装,63,California,S,栗色,秋,3.3,是,快递,是,31,Venmo,每两周,青年,14,忠实客户
498,43,男,运动鞋,鞋履,39,Oklahoma,S,银色,冬,4.6,是,包邮,是,31,现金,每周,成年,7,忠实客户
499,43,男,靴子,鞋履,78,Iowa,M,薰衣草紫,春,3.6,是,包邮,是,27,银行转账,每月,成年,30,忠实客户
500,36,男,鞋子,鞋履,99,Rhode Island,L,银色,冬,4.8,是,快递,是,24,PayPal,每月,成年,30,忠实客户
501,36,男,T恤,服装,31,Washington,L,紫色,秋,4.8,是,次日达,是,35,Venmo,每三个月,成年,90,忠实客户
502,64,男,靴子,鞋履,45,Florida,M,青色,春,2.9,是,次日达,是,21,Venmo,每年,老年,365,忠实客户
503,59,男,长裤,服装,30,South Carolina,S,青色,秋,2.8,是,快递,是,8,PayPal,每两周,老年,14,回头客
504,55,男,鞋子,鞋履,24,West Virginia,M,薰衣草紫,夏,3.2,是,次日达,是,26,银行转账,每季,中年,90,忠实客户
505,42,男,鞋子,鞋履,22,Missouri,M,栗色,冬,3.9,是,包邮,是,26,PayPal,每年,成年,365,忠实客户
506,61,男,T恤,服装,63,Maine,L,灰色,春,4.3,是,快递,是,9,现金,双周,老年,14,回头客
507,28,男,围巾,配饰,40,Georgia,M,橄榄绿,秋,2.7,是,两日达,是,48,借记卡,每年,青年,365,忠实客户
508,65,男,短裤,服装,20,Maine,M,品红色,春,5.0,是,门店自提,是,33,借记卡,每两周,老年,14,忠实客户
509,27,男,首饰,配饰,20,Illinois,S,黄色,冬,3.7,是,门店自提,是,31,PayPal,每季,青年,90,忠实客户
510,41,男,T恤,服装,80,Delaware,L,青色,夏,3.9,是,包邮,是,17,借记卡,每周,成年,7,忠实客户
511,21,男,衬衫,服装,87,West Virginia,M,青绿色,秋,3.9,是,两日达,是,22,Venmo,每年,青年,365,忠实客户
512,61,男,衬衫,服装,46,Hawaii,L,黄色,秋,3.1,是,包邮,是,8,PayPal,每年,老年,365,回头客
513,19,男,手套,配饰,49,New York,L,桃色,冬,3.8,是,次日达,是,2,银行转账,每月,青年,30,回头客
514,22,男,围巾,配饰,65,New Mexico,M,桃色,秋,3.6,是,门店自提,是,45,Venmo,每年,青年,365,忠实客户
515,64,男,半身裙,服装,62,Indiana,S,橄榄绿,冬,4.3,是,标准快递,是,47,PayPal,每季,老年,90,忠实客户
516,28,男,帽子,配饰,67,Kentucky,L,炭灰色,春,4.5,是,次日达,是,7,现金,每月,青年,30,回头客
517,34,男,卫衣,服装,41,West Virginia,L,靛蓝色,秋,2.8,是,两日达,是,19,借记卡,双周,成年,14,忠实客户
518,61,男,靴子,鞋履,49,North Dakota,L,银色,秋,2.7,是,包邮,是,44,现金,每三个月,老年,90,忠实客户
519,24,男,女式衬衫,服装,100,Oregon,M,米色,秋,2.9,是,次日达,是,16,Venmo,每三个月,青年,90,忠实客户
520,19,男,腰带,配饰,54,Minnesota,L,蓝色,夏,4.4,是,两日达,是,17,银行转账,每季,青年,90,忠实客户
521,51,男,太阳镜,配饰,84,South Carolina,M,白色,春,3.9,是,包邮,是,20,借记卡,每季,中年,90,忠实客户
522,36,男,短裤,服装,41,Vermont,L,金色,冬,3.5,是,标准快递,是,50,银行转账,每年,成年,365,忠实客户
523,65,男,手套,配饰,88,Minnesota,M,蓝色,春,2.5,是,门店自提,是,37,现金,每季,老年,90,忠实客户
524,46,男,凉鞋,鞋履,40,Delaware,M,橙色,春,4.9,是,快递,是,5,PayPal,每季,中年,90,回头客
525,59,男,衬衫,服装,39,Pennsylvania,M,金色,夏,4.8,是,包邮,是,44,PayPal,每年,老年,365,忠实客户
526,51,男,大衣,外套,37,Iowa,M,青色,春,3.2,是,次日达,是,41,借记卡,每月,中年,30,忠实客户
527,51,男,长裤,服装,52,New Jersey,S,红色,冬,4.9,是,标准快递,是,19,现金,每月,中年,30,忠实客户
528,21,男,T恤,服装,23,South Carolina,L,黄色,冬,4.3,是,次日达,是,47,银行转账,每三个月,青年,90,忠实客户
529,34,男,运动鞋,鞋履,88,Maryland,S,米色,冬,3.2,是,快递,是,40,现金,每年,成年,365,忠实客户
530,32,男,短裤,服装,84,California,M,橙色,秋,3.7,是,标准快递,是,6,信用卡,每月,成年,30,回头客
531,48,男,大衣,外套,37,Montana,XL,品红色,冬,3.2,是,门店自提,是,25,信用卡,双周,中年,14,忠实客户
532,50,男,凉鞋,鞋履,51,Vermont,L,紫色,秋,3.4,是,次日达,是,42,现金,每周,中年,7,忠实客户
533,26,男,长裤,服装,76,Texas,L,黑色,冬,4.1,是,快递,是,35,银行转账,每三个月,青年,90,忠实客户
534,57,男,凉鞋,鞋履,60,North Carolina,L,粉色,春,4.5,是,次日达,是,17,借记卡,每周,中年,7,忠实客户
535,65,男,手套,配饰,72,Florida,L,粉色,秋,4.5,是,次日达,是,4,PayPal,每季,老年,90,回头客
536,56,男,T恤,服装,45,West Virginia,L,栗色,春,3.2,是,包邮,是,24,银行转账,每周,中年,7,忠实客户
537,44,男,夹克,外套,84,Illinois,S,栗色,秋,4.4,是,门店自提,是,16,借记卡,每三个月,成年,90,忠实客户
538,50,男,女式衬衫,服装,49,Virginia,S,绿松石色,夏,3.0,是,门店自提,是,14,借记卡,每年,中年,365,忠实客户
539,27,男,袜子,服装,22,Virginia,XL,绿色,春,3.2,是,包邮,是,43,现金,每周,青年,7,忠实客户
540,49,男,大衣,外套,48,Wyoming,M,紫罗兰色,冬,4.0,是,门店自提,是,49,借记卡,每周,中年,7,忠实客户
541,49,男,连衣裙,服装,37,South Carolina,M,薰衣草紫,春,3.1,是,次日达,是,33,现金,每三个月,中年,90,忠实客户
542,52,男,夹克,外套,27,Connecticut,L,灰色,秋,2.8,是,次日达,是,45,现金,双周,中年,14,忠实客户
543,27,男,靴子,鞋履,79,Illinois,XL,青绿色,春,4.6,是,次日达,是,35,现金,双周,青年,14,忠实客户
544,53,男,半身裙,服装,98,Alabama,S,红色,春,4.3,是,快递,是,11,信用卡,每月,中年,30,忠实客户
545,34,男,凉鞋,鞋履,64,Washington,S,黄色,夏,3.3,是,标准快递,是,30,银行转账,每三个月,成年,90,忠实客户
546,33,男,大衣,外套,32,Alabama,L,品红色,夏,3.5,是,两日达,是,48,借记卡,每年,成年,365,忠实客户
547,62,男,卫衣,服装,74,New Mexico,M,棕色,冬,3.4,是,包邮,是,45,Venmo,双周,老年,14,忠实客户
548,38,男,夹克,外套,50,Nevada,M,蓝色,冬,2.8,是,包邮,是,26,Venmo,每周,成年,7,忠实客户
549,36,男,双肩包,配饰,64,Nebraska,M,黑色,冬,4.6,是,门店自提,是,41,借记卡,每三个月,成年,90,忠实客户
550,31,男,双肩包,配饰,29,Arizona,S,橄榄绿,秋,3.6,是,快递,是,37,Venmo,双周,青年,14,忠实客户
551,62,男,腰带,配饰,62,Georgia,M,橄榄绿,夏,3.3,是,门店自提,是,12,PayPal,每周,老年,7,忠实客户
552,29,男,大衣,外套,78,Idaho,XL,绿色,秋,3.1,是,两日达,是,27,现金,双周,青年,14,忠实客户
553,24,男,T恤,服装,94,Missouri,M,桃色,秋,3.5,是,快递,是,18,银行转账,每周,青年,7,忠实客户
554,63,男,太阳镜,配饰,59,Florida,M,白色,冬,3.2,是,快递,是,15,信用卡,每季,老年,90,忠实客户
555,56,男,运动鞋,鞋履,47,Minnesota,M,红色,夏,3.0,是,快递,是,34,银行转账,每周,中年,7,忠实客户
556,63,男,手套,配饰,57,Maine,M,白色,秋,4.8,是,快递,是,37,Venmo,每年,老年,365,忠实客户
557,40,男,大衣,外套,90,Montana,L,靛蓝色,冬,5.0,是,门店自提,是,21,现金,每两周,成年,14,忠实客户
558,18,男,衬衫,服装,60,Alaska,M,白色,春,2.9,是,包邮,是,31,借记卡,每周,青年,7,忠实客户
559,50,男,运动鞋,鞋履,77,Iowa,L,青绿色,秋,3.2,是,快递,是,43,借记卡,每三个月,中年,90,忠实客户
560,66,男,围巾,配饰,41,Arizona,M,靛蓝色,秋,2.9,是,门店自提,是,22,银行转账,每月,老年,30,忠实客户
561,25,男,首饰,配饰,48,Louisiana,L,红色,秋,3.8,是,包邮,是,12,借记卡,每年,青年,365,忠实客户
562,65,男,夹克,外套,65,Alabama,M,蓝色,秋,2.6,是,次日达,是,25,PayPal,每两周,老年,14,忠实客户
563,53,男,牛仔裤,服装,62,Missouri,M,蓝色,夏,3.5,是,标准快递,是,40,借记卡,每年,中年,365,忠实客户
564,61,男,鞋子,鞋履,99,Idaho,M,黑色,秋,4.4,是,标准快递,是,16,借记卡,每季,老年,90,忠实客户
565,67,男,卫衣,服装,58,Florida,M,橄榄绿,冬,3.4,是,次日达,是,30,银行转账,每周,老年,7,忠实客户
566,59,男,双肩包,配饰,43,Idaho,L,薰衣草紫,秋,4.2,是,门店自提,是,10,Venmo,每周,老年,7,回头客
567,55,男,运动鞋,鞋履,93,Alabama,M,靛蓝色,春,3.6,是,门店自提,是,1,借记卡,每两周,中年,14,新客户
568,21,男,女式衬衫,服装,50,New Hampshire,S,红色,冬,3.0,是,次日达,是,24,Venmo,每两周,青年,14,忠实客户
569,44,男,长裤,服装,88,Utah,L,红色,夏,4.0,是,包邮,是,36,PayPal,每月,成年,30,忠实客户
570,65,男,半身裙,服装,33,Alabama,M,粉色,秋,4.4,是,快递,是,46,信用卡,每三个月,老年,90,忠实客户
571,65,男,T恤,服装,99,Iowa,XL,紫色,秋,4.1,是,标准快递,是,20,现金,每年,老年,365,忠实客户
572,54,男,夹克,外套,76,Kentucky,XL,青色,春,3.6,是,包邮,是,37,Venmo,每周,中年,7,忠实客户
573,56,男,围巾,配饰,97,South Carolina,XL,青色,夏,4.6,是,次日达,是,26,银行转账,每年,中年,365,忠实客户
574,58,男,长裤,服装,68,California,M,炭灰色,夏,3.2,是,两日达,是,23,信用卡,双周,老年,14,忠实客户
575,54,男,运动鞋,鞋履,79,Maine,L,红色,秋,4.8,是,包邮,是,20,银行转账,双周,中年,14,忠实客户
576,58,男,牛仔裤,服装,86,Nebraska,M,桃色,秋,4.8,是,快递,是,38,PayPal,每月,老年,30,忠实客户
577,48,男,帽子,配饰,68,Washington,M,黑色,冬,5.0,是,两日达,是,5,信用卡,每三个月,中年,90,回头客
578,19,男,半身裙,服装,52,Alabama,M,黑色,秋,3.7,是,门店自提,是,41,Venmo,每年,青年,365,忠实客户
579,69,男,凉鞋,鞋履,90,Maine,M,紫色,秋,4.6,是,次日达,是,22,信用卡,每两周,老年,14,忠实客户
580,58,男,凉鞋,鞋履,41,California,M,紫罗兰色,冬,3.7,是,包邮,是,48,信用卡,每年,老年,365,忠实客户
581,49,男,毛衣,服装,80,Iowa,M,橙色,春,4.1,是,包邮,是,10,PayPal,每周,中年,7,回头客
582,32,男,毛衣,服装,100,Iowa,XL,炭灰色,冬,2.7,是,门店自提,是,12,银行转账,每三个月,成年,90,忠实客户
583,40,男,夹克,外套,77,Colorado,L,绿松石色,春,4.9,是,门店自提,是,2,银行转账,每季,成年,90,回头客
584,25,男,短裤,服装,78,California,L,黄色,春,4.0,是,门店自提,是,38,PayPal,每月,青年,30,忠实客户
585,70,男,袜子,服装,94,Indiana,M,白色,春,4.7,是,包邮,是,20,借记卡,每月,老年,30,忠实客户
586,69,男,袜子,服装,23,South Carolina,M,灰色,秋,2.8,是,次日达,是,5,现金,每三个月,老年,90,回头客
587,45,男,卫衣,服装,20,Wisconsin,S,蓝色,冬,4.9,是,两日达,是,9,Venmo,每年,中年,365,回头客
588,29,男,袜子,服装,86,Washington,S,栗色,秋,4.2,是,快递,是,48,借记卡,每三个月,青年,90,忠实客户
589,47,男,靴子,鞋履,60,South Dakota,M,紫罗兰色,秋,3.0,是,标准快递,是,9,借记卡,每季,中年,90,回头客
590,28,男,衬衫,服装,70,Minnesota,M,橙色,秋,3.4,是,两日达,是,40,PayPal,每年,青年,365,忠实客户
591,64,男,腰带,配饰,39,Alaska,S,绿松石色,秋,4.6,是,标准快递,是,30,Venmo,每两周,老年,14,忠实客户
592,47,男,双肩包,配饰,37,Kentucky,L,橄榄绿,秋,4.2,是,门店自提,是,6,借记卡,双周,中年,14,回头客
593,60,男,靴子,鞋履,29,North Dakota,M,棕色,秋,3.2,是,包邮,是,42,Venmo,每三个月,老年,90,忠实客户
594,67,男,大衣,外套,35,Alaska,S,绿色,冬,4.4,是,门店自提,是,9,PayPal,每三个月,老年,90,回头客
595,35,男,卫衣,服装,83,Oklahoma,S,棕色,冬,2.5,是,次日达,是,6,借记卡,每月,成年,30,回头客
596,30,男,鞋子,鞋履,77,Delaware,M,银色,夏,3.6,是,次日达,是,47,PayPal,每季,青年,90,忠实客户
597,23,男,鞋子,鞋履,37,Montana,XL,白色,夏,4.5,是,门店自提,是,36,Venmo,每年,青年,365,忠实客户
598,70,男,首饰,配饰,69,Alaska,L,金色,夏,3.4,是,标准快递,是,19,银行转账,每两周,老年,14,忠实客户
599,21,男,连衣裙,服装,66,California,L,绿色,冬,3.2,是,两日达,是,30,现金,每三个月,青年,90,忠实客户
600,51,男,靴子,鞋履,26,Massachusetts,L,青绿色,春,4.2,是,标准快递,是,27,借记卡,每三个月,中年,90,忠实客户
601,22,男,帽子,配饰,63,South Carolina,M,炭灰色,春,5.0,是,两日达,是,25,Venmo,每月,青年,30,忠实客户
602,32,男,双肩包,配饰,38,West Virginia,M,栗色,夏,4.7,是,门店自提,是,5,现金,每两周,成年,14,回头客
603,37,男,鞋子,鞋履,58,Oregon,L,薰衣草紫,夏,4.2,是,次日达,是,10,现金,每三个月,成年,90,回头客
604,31,男,手提包,配饰,46,Massachusetts,L,绿色,冬,3.4,是,两日达,是,26,PayPal,每三个月,青年,90,忠实客户
605,44,男,太阳镜,配饰,92,West Virginia,S,粉色,秋,4.4,是,门店自提,是,11,信用卡,每三个月,成年,90,忠实客户
606,40,男,帽子,配饰,32,California,XL,炭灰色,冬,4.2,是,标准快递,是,17,银行转账,每周,成年,7,忠实客户
607,27,男,围巾,配饰,90,Colorado,M,蓝色,春,4.5,是,标准快递,是,44,PayPal,每月,青年,30,忠实客户
608,47,男,卫衣,服装,23,Indiana,L,紫色,秋,2.8,是,次日达,是,44,现金,每月,中年,30,忠实客户
609,41,男,双肩包,配饰,25,Delaware,S,金色,秋,3.3,是,次日达,是,21,Venmo,每三个月,成年,90,忠实客户
610,51,男,毛衣,服装,54,Ohio,L,紫色,秋,4.6,是,次日达,是,49,信用卡,每两周,中年,14,忠实客户
611,53,男,短裤,服装,72,Oklahoma,M,炭灰色,夏,2.5,是,包邮,是,27,银行转账,每三个月,中年,90,忠实客户
612,43,男,围巾,配饰,33,California,M,黑色,冬,4.7,是,门店自提,是,19,现金,每月,成年,30,忠实客户
613,67,男,帽子,配饰,43,New Hampshire,L,薰衣草紫,秋,4.6,是,快递,是,33,信用卡,每季,老年,90,忠实客户
614,61,男,大衣,外套,51,Pennsylvania,L,薰衣草紫,秋,2.6,是,标准快递,是,46,现金,双周,老年,14,忠实客户
615,68,男,首饰,配饰,85,Idaho,M,薰衣草紫,冬,4.0,是,标准快递,是,21,信用卡,双周,老年,14,忠实客户
616,67,男,凉鞋,鞋履,100,Maryland,L,橄榄绿,夏,2.6,是,次日达,是,23,Venmo,每年,老年,365,忠实客户
617,29,男,手套,配饰,72,Pennsylvania,L,青绿色,春,4.6,是,包邮,是,38,信用卡,每三个月,青年,90,忠实客户
618,50,男,双肩包,配饰,57,Colorado,M,栗色,秋,2.6,是,标准快递,是,2,银行转账,每季,中年,90,回头客
619,61,男,夹克,外套,94,Indiana,L,青色,春,4.0,是,快递,是,21,借记卡,双周,老年,14,忠实客户
620,19,男,双肩包,配饰,34,Nebraska,M,炭灰色,夏,4.6,是,门店自提,是,1,借记卡,每三个月,青年,90,新客户
621,33,男,双肩包,配饰,89,Rhode Island,M,黑色,秋,3.7,是,两日达,是,10,Venmo,每三个月,成年,90,回头客
622,51,男,太阳镜,配饰,27,Kansas,S,红色,秋,4.4,是,门店自提,是,45,信用卡,每周,中年,7,忠实客户
623,69,男,袜子,服装,63,Georgia,S,桃色,春,4.0,是,次日达,是,44,银行转账,每两周,老年,14,忠实客户
624,19,男,鞋子,鞋履,70,Nevada,M,白色,秋,4.7,是,标准快递,是,48,PayPal,双周,青年,14,忠实客户
625,55,男,长裤,服装,87,South Carolina,XL,粉色,秋,3.4,是,快递,是,21,PayPal,每年,中年,365,忠实客户
626,49,男,首饰,配饰,79,Delaware,M,红色,秋,4.0,是,次日达,是,1,Venmo,每周,中年,7,新客户
627,31,男,太阳镜,配饰,79,New Hampshire,M,靛蓝色,春,3.9,是,标准快递,是,10,Venmo,每年,青年,365,回头客
628,42,男,凉鞋,鞋履,44,Oregon,L,黑色,冬,4.1,是,快递,是,24,PayPal,每月,成年,30,忠实客户
629,69,男,毛衣,服装,85,Massachusetts,M,白色,秋,3.7,是,两日达,是,29,信用卡,每月,老年,30,忠实客户
630,26,男,鞋子,鞋履,90,Vermont,L,米色,春,4.7,是,标准快递,是,11,借记卡,每年,青年,365,忠实客户
631,41,男,首饰,配饰,94,Mississippi,S,银色,秋,4.3,是,两日达,是,33,借记卡,每年,成年,365,忠实客户
632,55,男,靴子,鞋履,68,Washington,S,紫罗兰色,夏,4.1,是,门店自提,是,27,现金,每两周,中年,14,忠实客户
633,35,男,双肩包,配饰,51,Wyoming,M,红色,冬,3.9,是,次日达,是,19,Venmo,每两周,成年,14,忠实客户
634,66,男,凉鞋,鞋履,33,Minnesota,M,橙色,春,2.9,是,快递,是,50,借记卡,每季,老年,90,忠实客户
635,36,男,运动鞋,鞋履,60,Ohio,M,青绿色,夏,3.9,是,标准快递,是,46,PayPal,每周,成年,7,忠实客户
636,27,男,卫衣,服装,59,South Carolina,M,棕色,秋,4.3,是,两日达,是,28,现金,每季,青年,90,忠实客户
637,41,男,手提包,配饰,30,Wisconsin,M,靛蓝色,夏,2.8,是,门店自提,是,14,银行转账,每三个月,成年,90,忠实客户
638,21,男,毛衣,服装,20,Tennessee,M,青色,冬,3.4,是,两日达,是,46,现金,每两周,青年,14,忠实客户
639,53,男,凉鞋,鞋履,20,Maryland,S,蓝色,夏,2.7,是,快递,是,41,PayPal,每月,中年,30,忠实客户
640,54,男,连衣裙,服装,24,Mississippi,L,橄榄绿,春,4.0,是,两日达,是,50,信用卡,每年,中年,365,忠实客户
641,53,男,半身裙,服装,88,Minnesota,M,灰色,夏,4.4,是,门店自提,是,28,借记卡,每两周,中年,14,忠实客户
642,47,男,女式衬衫,服装,78,Alaska,M,红色,冬,3.9,是,两日达,是,23,信用卡,每三个月,中年,90,忠实客户
643,64,男,半身裙,服装,25,Arkansas,L,红色,春,2.8,是,两日达,是,14,借记卡,双周,老年,14,忠实客户
644,18,男,毛衣,服装,57,Oregon,XL,绿色,冬,3.2,是,次日达,是,10,银行转账,每三个月,青年,90,回头客
645,68,男,双肩包,配饰,93,Louisiana,S,蓝色,夏,4.3,是,次日达,是,37,现金,每周,老年,7,忠实客户
646,62,男,卫衣,服装,42,Oklahoma,S,紫色,夏,4.2,是,快递,是,15,Venmo,双周,老年,14,忠实客户
647,51,男,靴子,鞋履,54,Indiana,XL,粉色,春,4.9,是,标准快递,是,19,Venmo,双周,中年,14,忠实客户
648,54,男,女式衬衫,服装,70,Mississippi,XL,炭灰色,夏,3.7,是,快递,是,23,信用卡,每两周,中年,14,忠实客户
649,22,男,卫衣,服装,31,Michigan,M,棕色,冬,4.1,是,门店自提,是,35,信用卡,每周,青年,7,忠实客户
650,53,男,长裤,服装,93,Delaware,L,橙色,春,4.2,是,门店自提,是,33,PayPal,每三个月,中年,90,忠实客户
651,34,男,手套,配饰,40,Florida,M,品红色,春,3.9,是,次日达,是,12,银行转账,每年,成年,365,忠实客户
652,32,男,帽子,配饰,32,Arkansas,L,黄色,夏,2.9,是,次日达,是,41,Venmo,每两周,成年,14,忠实客户
653,64,男,太阳镜,配饰,27,Minnesota,M,米色,冬,3.1,是,包邮,是,27,Venmo,每周,老年,7,忠实客户
654,20,男,围巾,配饰,68,North Dakota,M,橄榄绿,冬,3.6,是,两日达,是,45,现金,每两周,青年,14,忠实客户
655,24,男,手提包,配饰,59,California,L,灰色,夏,4.4,是,两日达,是,23,Venmo,每年,青年,365,忠实客户
656,20,男,手提包,配饰,36,Mississippi,S,紫色,秋,3.1,是,包邮,是,19,Venmo,每月,青年,30,忠实客户
657,42,男,牛仔裤,服装,23,Pennsylvania,M,米色,夏,3.9,是,标准快递,是,6,PayPal,每季,成年,90,回头客
658,48,男,夹克,外套,80,Arizona,M,白色,冬,4.3,是,包邮,是,6,PayPal,每季,中年,90,回头客
659,62,男,双肩包,配饰,37,Louisiana,S,白色,秋,4.9,是,门店自提,是,20,Venmo,每周,老年,7,忠实客户
660,62,男,短裤,服装,52,Virginia,S,金色,春,3.6,是,两日达,是,8,现金,每周,老年,7,回头客
661,50,男,大衣,外套,79,Montana,M,橄榄绿,秋,5.0,是,两日达,是,39,信用卡,每季,中年,90,忠实客户
662,57,男,衬衫,服装,68,Iowa,XL,绿色,秋,4.1,是,门店自提,是,39,信用卡,每季,中年,90,忠实客户
663,24,男,手套,配饰,98,Illinois,L,品红色,秋,2.8,是,快递,是,39,Venmo,双周,青年,14,忠实客户
664,59,男,连衣裙,服装,83,Alaska,M,炭灰色,秋,4.7,是,快递,是,23,信用卡,每月,老年,30,忠实客户
665,63,男,长裤,服装,83,Colorado,M,靛蓝色,冬,4.4,是,快递,是,41,PayPal,双周,老年,14,忠实客户
666,41,男,长裤,服装,55,New Mexico,M,桃色,春,4.9,是,两日达,是,50,信用卡,每年,成年,365,忠实客户
667,35,男,卫衣,服装,26,Colorado,L,绿松石色,冬,3.1,是,包邮,是,30,借记卡,每季,成年,90,忠实客户
668,34,男,太阳镜,配饰,76,Arizona,S,蓝色,冬,2.6,是,标准快递,是,32,银行转账,每季,成年,90,忠实客户
669,49,男,T恤,服装,85,Hawaii,S,绿松石色,秋,2.9,是,快递,是,35,银行转账,每月,中年,30,忠实客户
670,43,男,夹克,外套,89,Illinois,M,灰色,春,3.3,是,包邮,是,45,Venmo,双周,成年,14,忠实客户
671,63,男,毛衣,服装,41,Louisiana,XL,紫色,春,4.8,是,次日达,是,37,现金,双周,老年,14,忠实客户
672,38,男,夹克,外套,30,Iowa,L,黑色,冬,4.7,是,快递,是,45,现金,每周,成年,7,忠实客户
673,59,男,袜子,服装,53,Washington,M,桃色,冬,3.3,是,两日达,是,29,现金,每季,老年,90,忠实客户
674,35,男,衬衫,服装,66,Oklahoma,M,靛蓝色,春,4.2,是,包邮,是,27,Venmo,双周,成年,14,忠实客户
675,48,男,首饰,配饰,33,Washington,XL,米色,冬,4.7,是,门店自提,是,36,银行转账,每年,中年,365,忠实客户
676,64,男,太阳镜,配饰,86,Arkansas,M,黄色,春,2.6,是,两日达,是,9,现金,每年,老年,365,回头客
677,28,男,长裤,服装,60,Connecticut,M,桃色,冬,2.9,是,两日达,是,38,Venmo,双周,青年,14,忠实客户
678,60,男,袜子,服装,62,Washington,S,绿松石色,夏,2.7,是,快递,是,41,PayPal,每年,老年,365,忠实客户
679,27,男,女式衬衫,服装,74,Maine,M,青绿色,秋,3.3,是,门店自提,是,25,借记卡,每三个月,青年,90,忠实客户
680,56,男,凉鞋,鞋履,95,Michigan,M,绿松石色,秋,3.4,是,快递,是,37,Venmo,每两周,中年,14,忠实客户
681,58,男,运动鞋,鞋履,25,Tennessee,M,品红色,春,4.2,是,快递,是,3,PayPal,每年,老年,365,回头客
682,30,男,衬衫,服装,59,Louisiana,XL,紫色,冬,3.8,是,两日达,是,24,信用卡,每三个月,青年,90,忠实客户
683,23,男,夹克,外套,29,Missouri,M,棕色,夏,4.0,是,标准快递,是,49,信用卡,双周,青年,14,忠实客户
684,33,男,凉鞋,鞋履,36,Michigan,S,紫罗兰色,冬,2.7,是,包邮,是,3,银行转账,每月,成年,30,回头客
685,63,男,帽子,配饰,82,Alabama,M,黄色,夏,4.7,是,快递,是,42,借记卡,每月,老年,30,忠实客户
686,70,男,女式衬衫,服装,71,Massachusetts,XL,品红色,冬,3.5,是,标准快递,是,32,现金,每两周,老年,14,忠实客户
687,70,男,毛衣,服装,35,Indiana,L,米色,秋,3.0,是,两日达,是,33,Venmo,每两周,老年,14,忠实客户
688,19,男,手套,配饰,38,West Virginia,XL,绿松石色,冬,3.3,是,包邮,是,46,银行转账,每季,青年,90,忠实客户
689,25,男,围巾,配饰,59,Michigan,S,桃色,夏,4.7,是,门店自提,是,44,Venmo,每月,青年,30,忠实客户
690,19,男,卫衣,服装,91,Pennsylvania,M,橙色,夏,4.7,是,快递,是,35,信用卡,每三个月,青年,90,忠实客户
691,25,男,短裤,服装,68,Alaska,XL,红色,春,4.8,是,标准快递,是,45,银行转账,每周,青年,7,忠实客户
692,60,男,双肩包,配饰,21,Massachusetts,L,银色,夏,2.9,是,标准快递,是,37,PayPal,双周,老年,14,忠实客户
693,35,男,太阳镜,配饰,95,North Dakota,M,青色,春,4.0,是,两日达,是,40,借记卡,每三个月,成年,90,忠实客户
694,46,男,短裤,服装,52,Vermont,L,绿松石色,春,3.1,是,包邮,是,30,现金,每三个月,中年,90,忠实客户
695,41,男,连衣裙,服装,21,Kentucky,S,炭灰色,秋,3.5,是,两日达,是,38,Venmo,每三个月,成年,90,忠实客户
696,30,男,短裤,服装,67,Nevada,XL,桃色,夏,3.7,是,次日达,是,15,借记卡,每三个月,青年,90,忠实客户
697,44,男,腰带,配饰,42,Utah,L,绿色,秋,2.8,是,标准快递,是,49,现金,每月,成年,30,忠实客户
698,61,男,围巾,配饰,63,North Dakota,XL,棕色,夏,4.6,是,包邮,是,40,借记卡,每季,老年,90,忠实客户
699,55,男,靴子,鞋履,41,Iowa,M,黄色,冬,3.8,是,标准快递,是,40,借记卡,每周,中年,7,忠实客户
700,50,男,手提包,配饰,46,Connecticut,M,炭灰色,秋,2.6,是,两日达,是,5,PayPal,每周,中年,7,回头客
701,57,男,长裤,服装,79,Wisconsin,L,橄榄绿,冬,4.1,是,标准快递,是,5,PayPal,每月,中年,30,回头客
702,51,男,靴子,鞋履,90,Idaho,L,红色,秋,3.3,是,次日达,是,5,借记卡,每三个月,中年,90,回头客
703,18,男,衬衫,服装,71,Montana,M,白色,冬,3.4,是,门店自提,是,1,现金,每周,青年,7,新客户
704,63,男,连衣裙,服装,87,Connecticut,L,粉色,夏,3.0,是,标准快递,是,21,Venmo,每周,老年,7,忠实客户
705,34,男,卫衣,服装,66,Idaho,S,黑色,春,3.2,是,快递,是,18,PayPal,每年,成年,365,忠实客户
706,25,男,长裤,服装,90,Arkansas,XL,靛蓝色,夏,4.5,是,包邮,是,49,现金,每季,青年,90,忠实客户
707,46,男,牛仔裤,服装,47,Iowa,L,绿松石色,夏,4.8,是,快递,是,27,借记卡,每周,中年,7,忠实客户
708,59,男,衬衫,服装,38,Louisiana,L,紫色,春,3.7,是,次日达,是,21,Venmo,每年,老年,365,忠实客户
709,37,男,双肩包,配饰,50,Kentucky,L,米色,夏,3.4,是,门店自提,是,19,现金,每两周,成年,14,忠实客户
710,49,男,夹克,外套,79,Massachusetts,L,炭灰色,夏,4.6,是,标准快递,是,23,借记卡,每月,中年,30,忠实客户
711,22,男,围巾,配饰,91,Virginia,L,绿松石色,春,4.1,是,标准快递,是,26,PayPal,每两周,青年,14,忠实客户
712,64,男,靴子,鞋履,60,New Hampshire,M,栗色,春,3.5,是,两日达,是,13,银行转账,双周,老年,14,忠实客户
713,42,男,女式衬衫,服装,81,New Hampshire,XL,黑色,夏,3.8,是,次日达,是,36,银行转账,每季,成年,90,忠实客户
714,37,男,卫衣,服装,90,Oregon,M,薰衣草紫,夏,2.6,是,快递,是,39,银行转账,双周,成年,14,忠实客户
715,26,男,夹克,外套,70,South Dakota,M,品红色,秋,4.4,是,门店自提,是,40,借记卡,每两周,青年,14,忠实客户
716,33,男,牛仔裤,服装,63,Delaware,L,绿色,春,2.6,是,快递,是,37,借记卡,每季,成年,90,忠实客户
717,30,男,首饰,配饰,29,Missouri,M,橄榄绿,春,3.6,是,快递,是,9,Venmo,双周,青年,14,回头客
718,21,男,袜子,服装,90,Alaska,L,绿色,春,4.2,是,快递,是,7,Venmo,每三个月,青年,90,回头客
719,22,男,衬衫,服装,22,Florida,M,桃色,夏,4.6,是,标准快递,是,25,银行转账,每年,青年,365,忠实客户
720,63,男,短裤,服装,22,Mississippi,L,绿松石色,夏,3.3,是,次日达,是,42,Venmo,双周,老年,14,忠实客户
721,33,男,首饰,配饰,62,New Mexico,L,橙色,秋,3.4,是,包邮,是,19,借记卡,每周,成年,7,忠实客户
722,43,男,女式衬衫,服装,57,California,L,银色,夏,4.4,是,次日达,是,41,借记卡,每三个月,成年,90,忠实客户
723,27,男,毛衣,服装,32,Wyoming,S,蓝色,夏,4.3,是,门店自提,是,50,现金,双周,青年,14,忠实客户
724,35,男,首饰,配饰,53,Missouri,L,青色,秋,3.5,是,快递,是,43,PayPal,每月,成年,30,忠实客户
725,37,男,T恤,服装,79,New Hampshire,XL,绿色,秋,4.7,是,门店自提,是,36,Venmo,每三个月,成年,90,忠实客户
726,61,男,帽子,配饰,61,Texas,L,银色,冬,3.1,是,标准快递,是,33,借记卡,每两周,老年,14,忠实客户
727,32,男,短裤,服装,78,North Dakota,L,黄色,夏,3.6,是,次日达,是,20,银行转账,每三个月,成年,90,忠实客户
728,62,男,毛衣,服装,97,Arkansas,S,灰色,冬,4.8,是,次日达,是,37,Venmo,每三个月,老年,90,忠实客户
729,29,男,牛仔裤,服装,78,Nebraska,M,粉色,冬,3.7,是,次日达,是,12,PayPal,每三个月,青年,90,忠实客户
730,41,男,太阳镜,配饰,56,Minnesota,L,米色,夏,3.2,是,快递,是,46,PayPal,每三个月,成年,90,忠实客户
731,48,男,靴子,鞋履,25,Massachusetts,M,靛蓝色,夏,3.9,是,标准快递,是,28,Venmo,每两周,中年,14,忠实客户
732,43,男,大衣,外套,28,Arkansas,M,红色,春,3.5,是,包邮,是,30,PayPal,每两周,成年,14,忠实客户
733,34,男,衬衫,服装,57,New Hampshire,L,蓝色,春,2.8,是,快递,是,28,现金,双周,成年,14,忠实客户
734,45,男,连衣裙,服装,36,Rhode Island,L,青色,秋,2.7,是,两日达,是,20,借记卡,双周,中年,14,忠实客户
735,65,男,衬衫,服装,69,New Jersey,S,紫罗兰色,冬,3.1,是,快递,是,39,银行转账,每三个月,老年,90,忠实客户
736,61,男,太阳镜,配饰,48,Montana,M,橙色,秋,3.6,是,两日达,是,48,现金,双周,老年,14,忠实客户
737,18,男,连衣裙,服装,58,Colorado,L,栗色,春,2.9,是,两日达,是,32,信用卡,每三个月,青年,90,忠实客户
738,47,男,太阳镜,配饰,24,Nebraska,M,青绿色,春,3.6,是,门店自提,是,28,PayPal,每年,中年,365,忠实客户
739,56,男,太阳镜,配饰,31,Minnesota,L,橙色,冬,3.5,是,两日达,是,27,Venmo,每季,中年,90,忠实客户
740,64,男,短裤,服装,29,Minnesota,S,紫色,夏,3.5,是,包邮,是,26,Venmo,双周,老年,14,忠实客户
741,26,男,牛仔裤,服装,69,South Dakota,M,橙色,夏,2.8,是,次日达,是,22,信用卡,每两周,青年,14,忠实客户
742,22,男,T恤,服装,79,West Virginia,XL,黄色,夏,4.7,是,包邮,是,23,银行转账,每三个月,青年,90,忠实客户
743,64,男,长裤,服装,39,Nevada,M,炭灰色,夏,3.1,是,快递,是,21,借记卡,每季,老年,90,忠实客户
744,21,男,太阳镜,配饰,84,North Carolina,L,灰色,秋,4.9,是,包邮,是,36,现金,每周,青年,7,忠实客户
745,67,男,靴子,鞋履,66,Illinois,S,炭灰色,春,4.1,是,次日达,是,42,借记卡,双周,老年,14,忠实客户
746,46,男,T恤,服装,92,Michigan,L,橙色,秋,4.7,是,标准快递,是,4,Venmo,每月,中年,30,回头客
747,40,男,凉鞋,鞋履,45,Michigan,M,红色,冬,2.5,是,包邮,是,47,信用卡,每年,成年,365,忠实客户
748,51,男,短裤,服装,74,Oklahoma,L,金色,春,4.4,是,次日达,是,13,银行转账,每周,中年,7,忠实客户
749,35,男,帽子,配饰,39,South Dakota,L,棕色,秋,3.9,是,包邮,是,8,银行转账,每季,成年,90,回头客
750,56,男,围巾,配饰,71,Oklahoma,M,橄榄绿,冬,3.7,是,标准快递,是,11,借记卡,每季,中年,90,忠实客户
751,25,男,T恤,服装,95,Maryland,L,紫罗兰色,秋,3.4,是,包邮,是,5,Venmo,每年,青年,365,回头客
752,65,男,手套,配饰,72,Ohio,L,靛蓝色,秋,4.8,是,包邮,是,1,信用卡,每月,老年,30,新客户
753,39,男,围巾,配饰,85,Ohio,L,黄色,秋,4.2,是,两日达,是,17,PayPal,每三个月,成年,90,忠实客户
754,47,男,靴子,鞋履,54,Massachusetts,M,青绿色,秋,3.4,是,门店自提,是,27,Venmo,每季,中年,90,忠实客户
755,36,男,手套,配饰,41,North Carolina,L,粉色,春,2.9,是,门店自提,是,3,借记卡,每季,成年,90,回头客
756,66,男,大衣,外套,24,Florida,M,紫罗兰色,春,3.3,是,包邮,是,22,PayPal,每周,老年,7,忠实客户
757,62,男,腰带,配饰,99,Montana,S,橙色,夏,4.8,是,标准快递,是,24,现金,每两周,老年,14,忠实客户
758,41,男,卫衣,服装,32,Minnesota,M,红色,秋,3.8,是,门店自提,是,18,借记卡,每季,成年,90,忠实客户
759,66,男,鞋子,鞋履,71,Massachusetts,L,桃色,夏,4.6,是,两日达,是,39,银行转账,每三个月,老年,90,忠实客户
760,51,男,连衣裙,服装,49,Rhode Island,XL,绿色,冬,2.6,是,次日达,是,25,信用卡,每两周,中年,14,忠实客户
761,33,男,手套,配饰,50,Minnesota,XL,紫罗兰色,秋,3.4,是,包邮,是,6,现金,每年,成年,365,回头客
762,57,男,首饰,配饰,91,Nevada,L,黄色,秋,4.2,是,快递,是,26,银行转账,每周,中年,7,忠实客户
763,45,男,腰带,配饰,46,New Mexico,M,粉色,秋,3.9,是,标准快递,是,43,借记卡,每两周,中年,14,忠实客户
764,61,男,毛衣,服装,50,North Carolina,M,棕色,春,2.9,是,两日达,是,6,信用卡,每月,老年,30,回头客
765,55,男,半身裙,服装,39,Virginia,XL,银色,秋,4.2,是,包邮,是,6,借记卡,每季,中年,90,回头客
766,54,男,运动鞋,鞋履,99,Alaska,M,粉色,夏,3.0,是,门店自提,是,13,现金,每季,中年,90,忠实客户
767,57,男,手套,配饰,48,Nevada,M,青色,冬,3.6,是,次日达,是,13,PayPal,每月,中年,30,忠实客户
768,27,男,大衣,外套,77,Pennsylvania,M,棕色,秋,2.5,是,次日达,是,11,现金,每年,青年,365,忠实客户
769,64,男,双肩包,配饰,95,Illinois,XL,红色,春,2.6,是,快递,是,45,Venmo,每周,老年,7,忠实客户
770,52,男,袜子,服装,100,Delaware,M,银色,春,4.3,是,门店自提,是,8,PayPal,每月,中年,30,回头客
771,19,男,运动鞋,鞋履,54,Vermont,M,灰色,春,3.3,是,快递,是,8,信用卡,每年,青年,365,回头客
772,22,男,毛衣,服装,68,Hawaii,L,青色,秋,2.6,是,次日达,是,34,银行转账,每两周,青年,14,忠实客户
773,18,男,牛仔裤,服装,22,Illinois,L,青绿色,秋,3.6,是,包邮,是,40,借记卡,双周,青年,14,忠实客户
774,29,男,帽子,配饰,84,California,L,靛蓝色,冬,2.6,是,快递,是,14,借记卡,双周,青年,14,忠实客户
775,42,男,帽子,配饰,46,Nevada,M,黄色,夏,3.5,是,标准快递,是,11,信用卡,每季,成年,90,忠实客户
776,49,男,手提包,配饰,53,Kentucky,S,金色,冬,3.0,是,门店自提,是,8,PayPal,每月,中年,30,回头客
777,49,男,衬衫,服装,60,Alabama,M,栗色,春,5.0,是,标准快递,是,8,Venmo,每三个月,中年,90,回头客
778,55,男,袜子,服装,32,Wyoming,XL,银色,春,2.5,是,快递,是,37,Venmo,每周,中年,7,忠实客户
779,29,男,袜子,服装,50,Massachusetts,M,黄色,夏,2.9,是,门店自提,是,23,借记卡,每年,青年,365,忠实客户
780,60,男,连衣裙,服装,94,Utah,M,蓝色,春,4.6,是,快递,是,38,现金,每年,老年,365,忠实客户
781,34,男,鞋子,鞋履,26,New York,M,绿松石色,春,3.6,是,包邮,是,38,现金,每季,成年,90,忠实客户
782,30,男,围巾,配饰,44,Vermont,L,靛蓝色,冬,3.0,是,门店自提,是,12,信用卡,每两周,青年,14,忠实客户
783,28,男,卫衣,服装,57,Hawaii,M,绿色,夏,4.5,是,标准快递,是,15,现金,每周,青年,7,忠实客户
784,63,男,T恤,服装,65,Louisiana,L,紫色,冬,4.5,是,次日达,是,38,PayPal,每两周,老年,14,忠实客户
785,31,男,牛仔裤,服装,72,Alabama,M,桃色,冬,3.2,是,门店自提,是,41,银行转账,每三个月,青年,90,忠实客户
786,46,男,短裤,服装,62,Louisiana,S,紫色,春,4.0,是,次日达,是,37,PayPal,每两周,中年,14,忠实客户
787,70,男,帽子,配饰,21,Indiana,S,青绿色,冬,4.8,是,快递,是,16,银行转账,每三个月,老年,90,忠实客户
788,53,男,手提包,配饰,85,Michigan,S,绿色,春,3.7,是,包邮,是,25,Venmo,每周,中年,7,忠实客户
789,50,男,长裤,服装,51,Rhode Island,XL,黄色,夏,3.8,是,门店自提,是,18,银行转账,每季,中年,90,忠实客户
790,33,男,手提包,配饰,84,Idaho,S,紫色,秋,2.7,是,标准快递,是,4,信用卡,双周,成年,14,回头客
791,22,男,毛衣,服装,37,Louisiana,M,靛蓝色,夏,4.9,是,门店自提,是,12,银行转账,每季,青年,90,忠实客户
792,50,男,围巾,配饰,44,North Carolina,S,品红色,夏,3.1,是,两日达,是,35,PayPal,每两周,中年,14,忠实客户
793,34,男,运动鞋,鞋履,45,New Jersey,M,紫罗兰色,春,4.2,是,次日达,是,45,Venmo,每周,成年,7,忠实客户
794,24,男,长裤,服装,35,Alabama,L,栗色,夏,3.8,是,包邮,是,16,信用卡,每月,青年,30,忠实客户
795,69,男,双肩包,配饰,50,Kentucky,XL,黄色,冬,4.2,是,门店自提,是,10,借记卡,每两周,老年,14,回头客
796,39,男,凉鞋,鞋履,26,New York,M,米色,夏,4.6,是,门店自提,是,34,Venmo,每年,成年,365,忠实客户
797,42,男,袜子,服装,78,Arizona,XL,黑色,秋,4.0,是,两日达,是,43,信用卡,每年,成年,365,忠实客户
798,42,男,大衣,外套,82,Maryland,M,紫罗兰色,秋,4.0,是,两日达,是,38,借记卡,每周,成年,7,忠实客户
799,29,男,袜子,服装,39,Alaska,M,紫罗兰色,春,3.8,是,两日达,是,48,PayPal,每三个月,青年,90,忠实客户
800,55,男,腰带,配饰,55,Nevada,L,棕色,夏,3.8,是,包邮,是,31,PayPal,每年,中年,365,忠实客户
801,32,男,袜子,服装,20,Utah,S,金色,夏,2.6,是,包邮,是,20,现金,每三个月,成年,90,忠实客户
802,25,男,腰带,配饰,29,New Mexico,L,蓝色,秋,4.9,是,快递,是,12,信用卡,每两周,青年,14,忠实客户
803,38,男,长裤,服装,41,Delaware,M,青绿色,冬,3.5,是,次日达,是,2,银行转账,每周,成年,7,回头客
804,32,男,短裤,服装,38,Connecticut,L,银色,冬,2.8,是,快递,是,30,Venmo,每三个月,成年,90,忠实客户
805,43,男,靴子,鞋履,47,Mississippi,M,栗色,夏,2.6,是,门店自提,是,28,Venmo,每季,成年,90,忠实客户
806,41,男,连衣裙,服装,30,Connecticut,L,白色,夏,3.7,是,次日达,是,40,借记卡,每月,成年,30,忠实客户
807,56,男,牛仔裤,服装,56,Florida,L,炭灰色,夏,2.7,是,标准快递,是,46,PayPal,每季,中年,90,忠实客户
808,27,男,T恤,服装,89,New York,S,棕色,冬,3.3,是,快递,是,15,信用卡,每周,青年,7,忠实客户
809,46,男,鞋子,鞋履,96,Wisconsin,L,薰衣草紫,秋,4.6,是,次日达,是,38,现金,每三个月,中年,90,忠实客户
810,48,男,靴子,鞋履,81,South Carolina,M,紫罗兰色,秋,4.9,是,次日达,是,30,PayPal,双周,中年,14,忠实客户
811,52,男,围巾,配饰,83,South Dakota,S,薰衣草紫,秋,4.9,是,门店自提,是,32,借记卡,双周,中年,14,忠实客户
812,18,男,运动鞋,鞋履,35,Illinois,M,绿色,冬,2.7,是,包邮,是,36,Venmo,每季,青年,90,忠实客户
813,64,男,靴子,鞋履,56,Alaska,M,橄榄绿,夏,3.2,是,标准快递,是,32,信用卡,每周,老年,7,忠实客户
814,54,男,手提包,配饰,45,Montana,S,橄榄绿,夏,2.9,是,门店自提,是,14,借记卡,每年,中年,365,忠实客户
815,31,男,衬衫,服装,62,Minnesota,M,粉色,冬,3.8,是,快递,是,8,PayPal,每月,青年,30,回头客
816,30,男,帽子,配饰,84,West Virginia,L,青绿色,春,3.0,是,次日达,是,27,Venmo,双周,青年,14,忠实客户
817,26,男,毛衣,服装,24,Illinois,L,青色,夏,3.9,是,门店自提,是,24,借记卡,每月,青年,30,忠实客户
818,25,男,手提包,配饰,21,Nevada,S,灰色,春,4.7,是,门店自提,是,30,PayPal,每两周,青年,14,忠实客户
819,59,男,衬衫,服装,91,Idaho,M,桃色,冬,4.9,是,门店自提,是,34,借记卡,每月,老年,30,忠实客户
820,55,男,太阳镜,配饰,36,Colorado,S,青绿色,冬,4.8,是,次日达,是,28,借记卡,每季,中年,90,忠实客户
821,56,男,运动鞋,鞋履,39,Louisiana,M,绿松石色,春,2.5,是,两日达,是,27,借记卡,每月,中年,30,忠实客户
822,62,男,卫衣,服装,39,Vermont,M,绿色,春,3.9,是,标准快递,是,31,信用卡,双周,老年,14,忠实客户
823,35,男,衬衫,服装,59,Mississippi,L,品红色,冬,3.4,是,标准快递,是,23,银行转账,每年,成年,365,忠实客户
824,51,男,太阳镜,配饰,27,Georgia,M,绿色,冬,2.5,是,包邮,是,11,信用卡,每季,中年,90,忠实客户
825,61,男,女式衬衫,服装,94,Georgia,M,白色,春,3.0,是,门店自提,是,48,现金,每季,老年,90,忠实客户
826,27,男,腰带,配饰,94,Nebraska,XL,棕色,秋,3.6,是,次日达,是,17,现金,每月,青年,30,忠实客户
827,54,男,连衣裙,服装,94,Massachusetts,M,紫色,冬,3.6,是,标准快递,是,36,PayPal,每周,中年,7,忠实客户
828,31,男,鞋子,鞋履,51,Colorado,S,绿色,秋,4.1,是,包邮,是,33,银行转账,每两周,青年,14,忠实客户
829,24,男,袜子,服装,62,Nevada,M,桃色,秋,3.7,是,两日达,是,27,PayPal,双周,青年,14,忠实客户
830,42,男,袜子,服装,57,Idaho,S,银色,春,3.7,是,两日达,是,14,信用卡,每两周,成年,14,忠实客户
831,41,男,短裤,服装,76,Wyoming,M,栗色,秋,4.2,是,快递,是,5,信用卡,每年,成年,365,回头客
832,66,男,手套,配饰,63,Washington,M,红色,夏,4.3,是,快递,是,47,现金,每三个月,老年,90,忠实客户
833,58,男,夹克,外套,80,California,L,蓝色,秋,2.5,是,快递,是,28,现金,双周,老年,14,忠实客户
834,43,男,手提包,配饰,68,Oklahoma,M,紫色,秋,3.5,是,标准快递,是,11,信用卡,每年,成年,365,忠实客户
835,52,男,双肩包,配饰,89,Nevada,M,靛蓝色,夏,3.1,是,包邮,是,18,信用卡,每周,中年,7,忠实客户
836,35,男,靴子,鞋履,26,Maryland,L,靛蓝色,夏,2.5,是,次日达,是,21,借记卡,每周,成年,7,忠实客户
837,23,男,手套,配饰,90,West Virginia,L,紫罗兰色,冬,3.9,是,门店自提,是,22,现金,双周,青年,14,忠实客户
838,25,男,卫衣,服装,28,Illinois,L,棕色,春,4.9,是,快递,是,33,现金,每三个月,青年,90,忠实客户
839,33,男,大衣,外套,29,Kentucky,M,灰色,春,4.3,是,快递,是,49,信用卡,每年,成年,365,忠实客户
840,48,男,衬衫,服装,31,Illinois,L,青绿色,春,2.6,是,包邮,是,10,借记卡,每三个月,中年,90,回头客
841,42,男,衬衫,服装,24,Alabama,L,青绿色,夏,4.2,是,两日达,是,18,PayPal,每周,成年,7,忠实客户
842,55,男,毛衣,服装,88,Texas,M,米色,夏,2.6,是,门店自提,是,28,PayPal,每两周,中年,14,忠实客户
843,59,男,衬衫,服装,87,Missouri,M,紫罗兰色,春,3.6,是,快递,是,25,PayPal,每周,老年,7,忠实客户
844,65,男,卫衣,服装,80,Pennsylvania,S,米色,夏,3.2,是,快递,是,6,PayPal,每周,老年,7,回头客
845,59,男,凉鞋,鞋履,48,Missouri,L,紫色,冬,4.4,是,快递,是,44,Venmo,双周,老年,14,忠实客户
846,31,男,腰带,配饰,21,Michigan,XL,炭灰色,冬,3.7,是,标准快递,是,30,Venmo,每月,青年,30,忠实客户
847,49,男,靴子,鞋履,72,Kentucky,M,粉色,春,3.7,是,快递,是,42,借记卡,每季,中年,90,忠实客户
848,53,男,卫衣,服装,44,New Jersey,L,蓝色,秋,4.1,是,标准快递,是,30,PayPal,每月,中年,30,忠实客户
849,48,男,凉鞋,鞋履,73,Delaware,M,薰衣草紫,秋,3.6,是,门店自提,是,33,信用卡,双周,中年,14,忠实客户
850,23,男,牛仔裤,服装,61,Missouri,S,炭灰色,春,4.3,是,快递,是,24,PayPal,每季,青年,90,忠实客户
851,68,男,鞋子,鞋履,20,Connecticut,L,绿松石色,冬,2.6,是,门店自提,是,13,Venmo,每月,老年,30,忠实客户
852,35,男,凉鞋,鞋履,86,Massachusetts,M,红色,夏,2.9,是,快递,是,19,借记卡,每月,成年,30,忠实客户
853,34,男,连衣裙,服装,60,Florida,L,黄色,春,4.2,是,次日达,是,23,借记卡,每三个月,成年,90,忠实客户
854,62,男,帽子,配饰,43,Delaware,L,橙色,冬,4.0,是,包邮,是,35,现金,每月,老年,30,忠实客户
855,21,男,长裤,服装,44,California,L,蓝色,春,4.3,是,包邮,是,22,Venmo,每月,青年,30,忠实客户
856,70,男,袜子,服装,76,Oregon,L,金色,春,3.0,是,两日达,是,14,信用卡,每季,老年,90,忠实客户
857,55,男,衬衫,服装,33,Alaska,M,金色,夏,3.5,是,快递,是,47,借记卡,每两周,中年,14,忠实客户
858,43,男,短裤,服装,60,Missouri,L,青色,秋,3.0,是,标准快递,是,50,借记卡,每三个月,成年,90,忠实客户
859,19,男,夹克,外套,26,Oklahoma,L,橄榄绿,秋,3.1,是,包邮,是,33,PayPal,每周,青年,7,忠实客户
860,47,男,卫衣,服装,73,Wisconsin,M,青绿色,冬,4.0,是,次日达,是,7,借记卡,每月,中年,30,回头客
861,26,男,鞋子,鞋履,87,South Carolina,M,栗色,春,4.1,是,标准快递,是,3,现金,每月,青年,30,回头客
862,46,男,半身裙,服装,100,Virginia,XL,绿色,春,3.7,是,两日达,是,35,信用卡,每三个月,中年,90,忠实客户
863,19,男,大衣,外套,84,Arkansas,M,炭灰色,冬,4.9,是,标准快递,是,13,PayPal,每两周,青年,14,忠实客户
864,49,男,运动鞋,鞋履,41,Vermont,M,青色,夏,3.9,是,标准快递,是,42,PayPal,每两周,中年,14,忠实客户
865,51,男,牛仔裤,服装,59,Kentucky,S,炭灰色,冬,3.9,是,次日达,是,5,PayPal,每年,中年,365,回头客
866,64,男,女式衬衫,服装,26,Colorado,L,炭灰色,冬,4.8,是,门店自提,是,23,Venmo,每年,老年,365,忠实客户
867,67,男,太阳镜,配饰,69,New Mexico,M,薰衣草紫,夏,2.7,是,包邮,是,11,PayPal,双周,老年,14,忠实客户
868,37,男,夹克,外套,20,Colorado,M,绿松石色,春,3.1,是,包邮,是,23,银行转账,每两周,成年,14,忠实客户
869,40,男,连衣裙,服装,83,North Carolina,M,绿色,夏,3.2,是,次日达,是,2,信用卡,每三个月,成年,90,回头客
870,38,男,帽子,配饰,54,New Hampshire,M,银色,春,2.7,是,两日达,是,33,PayPal,每周,成年,7,忠实客户
871,66,男,卫衣,服装,66,West Virginia,M,蓝色,秋,2.5,是,标准快递,是,6,银行转账,双周,老年,14,回头客
872,47,男,手提包,配饰,42,Hawaii,M,炭灰色,春,2.6,是,次日达,是,45,借记卡,每季,中年,90,忠实客户
873,56,男,牛仔裤,服装,33,North Dakota,M,粉色,春,2.9,是,标准快递,是,25,现金,每季,中年,90,忠实客户
874,51,男,靴子,鞋履,77,Mississippi,M,粉色,夏,4.2,是,包邮,是,24,Venmo,每季,中年,90,忠实客户
875,25,男,夹克,外套,65,Maine,M,品红色,秋,4.4,是,包邮,是,10,Venmo,每三个月,青年,90,回头客
876,37,男,凉鞋,鞋履,39,North Dakota,L,灰色,夏,4.1,是,包邮,是,7,银行转账,每三个月,成年,90,回头客
877,41,男,腰带,配饰,51,Nebraska,L,灰色,夏,3.8,是,两日达,是,1,借记卡,每周,成年,7,新客户
878,64,男,手提包,配饰,65,Nebraska,M,橙色,冬,4.9,是,次日达,是,45,Venmo,每三个月,老年,90,忠实客户
879,23,男,太阳镜,配饰,89,Tennessee,S,黑色,夏,4.9,是,快递,是,37,借记卡,每周,青年,7,忠实客户
880,62,男,半身裙,服装,76,Wyoming,S,薰衣草紫,春,4.1,是,包邮,是,14,PayPal,每季,老年,90,忠实客户
881,39,男,双肩包,配饰,75,Nevada,L,红色,春,3.1,是,快递,是,25,借记卡,每月,成年,30,忠实客户
882,52,男,凉鞋,鞋履,61,South Carolina,M,银色,夏,2.7,是,次日达,是,18,Venmo,每年,中年,365,忠实客户
883,50,男,靴子,鞋履,35,Virginia,M,青色,秋,3.8,是,次日达,是,37,现金,每三个月,中年,90,忠实客户
884,28,男,运动鞋,鞋履,37,Pennsylvania,S,金色,秋,4.3,是,包邮,是,30,银行转账,每月,青年,30,忠实客户
885,67,男,半身裙,服装,91,Hawaii,L,黄色,冬,4.1,是,快递,是,34,银行转账,每周,老年,7,忠实客户
886,41,男,连衣裙,服装,99,Ohio,L,紫色,秋,4.4,是,包邮,是,49,借记卡,每三个月,成年,90,忠实客户
887,19,男,短裤,服装,54,Utah,S,棕色,夏,3.6,是,快递,是,48,银行转账,每月,青年,30,忠实客户
888,70,男,手提包,配饰,47,Minnesota,L,绿松石色,冬,3.3,是,两日达,是,33,PayPal,每两周,老年,14,忠实客户
889,49,男,围巾,配饰,77,New Hampshire,S,金色,春,3.8,是,快递,是,44,现金,每年,中年,365,忠实客户
890,59,男,腰带,配饰,84,Arizona,S,橄榄绿,秋,2.8,是,包邮,是,50,Venmo,每周,老年,7,忠实客户
891,52,男,手套,配饰,51,New York,S,紫色,春,4.3,是,两日达,是,47,信用卡,每月,中年,30,忠实客户
892,20,男,半身裙,服装,26,Pennsylvania,S,薰衣草紫,夏,3.9,是,门店自提,是,24,PayPal,每三个月,青年,90,忠实客户
893,31,男,短裤,服装,64,New Mexico,L,灰色,夏,2.7,是,包邮,是,43,借记卡,每月,青年,30,忠实客户
894,33,男,双肩包,配饰,51,Nebraska,M,红色,春,4.7,是,快递,是,14,Venmo,每月,成年,30,忠实客户
895,44,男,卫衣,服装,60,Wyoming,L,紫色,春,3.8,是,包邮,是,3,借记卡,每季,成年,90,回头客
896,40,男,帽子,配饰,69,Mississippi,XL,橄榄绿,春,4.7,是,次日达,是,33,借记卡,每季,成年,90,忠实客户
897,69,男,首饰,配饰,29,Arkansas,M,薰衣草紫,春,4.7,是,快递,是,38,现金,每两周,老年,14,忠实客户
898,29,男,衬衫,服装,91,Illinois,M,灰色,春,3.4,是,快递,是,46,Venmo,每周,青年,7,忠实客户
899,54,男,腰带,配饰,70,Nevada,L,红色,春,3.5,是,两日达,是,19,银行转账,每三个月,中年,90,忠实客户
900,65,男,毛衣,服装,58,Rhode Island,M,桃色,夏,4.0,是,标准快递,是,20,PayPal,每年,老年,365,忠实客户
901,54,男,帽子,配饰,98,West Virginia,L,灰色,秋,3.3,是,包邮,是,42,银行转账,每季,中年,90,忠实客户
902,60,男,围巾,配饰,68,Missouri,L,紫罗兰色,夏,4.7,是,两日达,是,34,现金,每月,老年,30,忠实客户
903,43,男,帽子,配饰,44,Kentucky,M,米色,夏,2.8,是,次日达,是,5,现金,每月,成年,30,回头客
904,44,男,夹克,外套,45,Washington,M,蓝色,冬,3.3,是,快递,是,3,PayPal,每季,成年,90,回头客
905,69,男,T恤,服装,99,Alaska,L,品红色,春,2.9,是,包邮,是,46,PayPal,每三个月,老年,90,忠实客户
906,46,男,连衣裙,服装,68,Mississippi,S,青色,春,2.8,是,标准快递,是,16,Venmo,每年,中年,365,忠实客户
907,41,男,长裤,服装,56,South Carolina,M,红色,春,4.2,是,标准快递,是,21,借记卡,双周,成年,14,忠实客户
908,32,男,毛衣,服装,43,Missouri,L,青色,冬,4.4,是,快递,是,34,信用卡,双周,成年,14,忠实客户
909,26,男,太阳镜,配饰,99,New Jersey,M,绿松石色,冬,3.6,是,包邮,是,9,PayPal,每三个月,青年,90,回头客
910,61,男,腰带,配饰,56,Louisiana,L,银色,秋,2.7,是,快递,是,36,PayPal,每周,老年,7,忠实客户
911,49,男,卫衣,服装,25,South Carolina,S,粉色,春,3.4,是,快递,是,22,信用卡,每月,中年,30,忠实客户
912,53,男,长裤,服装,74,Vermont,M,黑色,冬,2.8,是,两日达,是,2,银行转账,每季,中年,90,回头客
913,24,男,卫衣,服装,56,Arkansas,M,绿色,冬,3.4,是,次日达,是,32,银行转账,每月,青年,30,忠实客户
914,37,男,运动鞋,鞋履,47,Utah,M,黄色,秋,2.6,是,次日达,是,29,现金,每三个月,成年,90,忠实客户
915,43,男,连衣裙,服装,67,Washington,L,紫色,夏,4.1,是,标准快递,是,27,Venmo,每三个月,成年,90,忠实客户
916,31,男,连衣裙,服装,22,Rhode Island,L,紫色,冬,2.9,是,门店自提,是,33,信用卡,每两周,青年,14,忠实客户
917,49,男,牛仔裤,服装,34,Illinois,S,蓝色,春,2.7,是,标准快递,是,16,Venmo,每月,中年,30,忠实客户
918,69,男,毛衣,服装,64,Missouri,M,栗色,春,3.7,是,标准快递,是,11,银行转账,每季,老年,90,忠实客户
919,65,男,短裤,服装,42,North Carolina,M,橙色,春,4.3,是,两日达,是,11,现金,每两周,老年,14,忠实客户
920,41,男,衬衫,服装,82,Massachusetts,L,绿色,冬,2.6,是,两日达,是,17,借记卡,双周,成年,14,忠实客户
921,37,男,腰带,配饰,81,Arkansas,XL,金色,夏,4.3,是,包邮,是,37,现金,每周,成年,7,忠实客户
922,70,男,大衣,外套,24,South Dakota,L,银色,夏,4.1,是,快递,是,18,PayPal,每周,老年,7,忠实客户
923,63,男,运动鞋,鞋履,60,Georgia,M,青色,秋,4.2,是,标准快递,是,13,信用卡,每月,老年,30,忠实客户
924,55,男,衬衫,服装,24,Arkansas,M,银色,春,4.2,是,两日达,是,7,PayPal,每周,中年,7,回头客
925,52,男,袜子,服装,78,Kansas,XL,米色,冬,3.1,是,标准快递,是,37,现金,每季,中年,90,忠实客户
926,22,男,牛仔裤,服装,88,Arizona,L,青绿色,冬,4.9,是,快递,是,8,现金,每月,青年,30,回头客
927,54,男,牛仔裤,服装,63,Massachusetts,XL,绿色,春,4.4,是,快递,是,11,现金,双周,中年,14,忠实客户
928,28,男,运动鞋,鞋履,78,New Mexico,L,黑色,夏,4.4,是,标准快递,是,8,Venmo,双周,青年,14,回头客
929,67,男,连衣裙,服装,37,Arkansas,XL,黄色,冬,3.4,是,门店自提,是,31,现金,每三个月,老年,90,忠实客户
930,59,男,靴子,鞋履,94,Nebraska,M,白色,秋,4.5,是,两日达,是,26,借记卡,每两周,老年,14,忠实客户
931,26,男,T恤,服装,78,Hawaii,L,绿色,秋,4.5,是,门店自提,是,20,信用卡,双周,青年,14,忠实客户
932,24,男,大衣,外套,36,Nebraska,M,银色,冬,4.1,是,标准快递,是,24,银行转账,每两周,青年,14,忠实客户
933,62,男,半身裙,服装,24,Indiana,L,蓝色,冬,3.2,是,标准快递,是,45,借记卡,双周,老年,14,忠实客户
934,70,男,运动鞋,鞋履,84,Colorado,M,品红色,春,2.7,是,门店自提,是,33,借记卡,每月,老年,30,忠实客户
935,45,男,牛仔裤,服装,47,Oregon,S,黄色,春,3.7,是,快递,是,21,银行转账,每月,中年,30,忠实客户
936,58,男,卫衣,服装,51,Ohio,L,白色,秋,2.6,是,门店自提,是,2,银行转账,每两周,老年,14,回头客
937,31,男,鞋子,鞋履,84,Maine,M,粉色,夏,2.7,是,包邮,是,28,现金,每周,青年,7,忠实客户
938,32,男,短裤,服装,24,Iowa,M,品红色,夏,2.7,是,快递,是,18,Venmo,每季,成年,90,忠实客户
939,36,男,女式衬衫,服装,97,Wisconsin,S,青绿色,秋,4.8,是,包邮,是,21,借记卡,每两周,成年,14,忠实客户
940,25,男,T恤,服装,89,New York,L,靛蓝色,冬,4.8,是,次日达,是,24,信用卡,每月,青年,30,忠实客户
941,48,男,腰带,配饰,44,Colorado,S,栗色,春,2.6,是,门店自提,是,15,PayPal,每三个月,中年,90,忠实客户
942,39,男,手提包,配饰,35,Illinois,L,黑色,冬,4.5,是,两日达,是,38,PayPal,每三个月,成年,90,忠实客户
943,26,男,连衣裙,服装,91,Arizona,M,青色,冬,3.2,是,快递,是,38,PayPal,双周,青年,14,忠实客户
944,32,男,帽子,配饰,63,Oklahoma,L,青色,冬,3.8,是,次日达,是,13,Venmo,每两周,成年,14,忠实客户
945,54,男,腰带,配饰,97,Indiana,S,灰色,春,4.8,是,快递,是,39,现金,双周,中年,14,忠实客户
946,38,男,靴子,鞋履,38,Minnesota,M,紫罗兰色,夏,4.1,是,门店自提,是,8,Venmo,每三个月,成年,90,回头客
947,46,男,大衣,外套,24,Pennsylvania,XL,蓝色,春,2.8,是,次日达,是,4,PayPal,每季,中年,90,回头客
948,57,男,女式衬衫,服装,32,Indiana,M,炭灰色,冬,3.9,是,门店自提,是,6,现金,每三个月,中年,90,回头客
949,49,男,帽子,配饰,90,Alabama,L,橄榄绿,夏,4.9,是,快递,是,11,Venmo,每三个月,中年,90,忠实客户
950,33,男,牛仔裤,服装,36,Montana,M,橄榄绿,夏,3.4,是,标准快递,是,49,Venmo,每月,成年,30,忠实客户
951,54,男,双肩包,配饰,37,New Mexico,XL,绿松石色,冬,4.1,是,包邮,是,30,PayPal,每季,中年,90,忠实客户
952,47,男,连衣裙,服装,51,Alaska,M,青色,夏,2.9,是,快递,是,34,银行转账,每月,中年,30,忠实客户
953,36,男,帽子,配饰,71,Idaho,S,红色,秋,3.1,是,两日达,是,28,PayPal,每月,成年,30,忠实客户
954,68,男,太阳镜,配饰,50,Utah,S,青色,春,3.6,是,两日达,是,36,Venmo,每季,老年,90,忠实客户
955,60,男,帽子,配饰,74,Louisiana,S,绿松石色,秋,3.5,是,标准快递,是,18,信用卡,每三个月,老年,90,忠实客户
956,55,男,连衣裙,服装,75,Mississippi,L,薰衣草紫,夏,3.4,是,包邮,是,4,PayPal,每月,中年,30,回头客
957,29,男,衬衫,服装,99,Mississippi,XL,青色,春,2.9,是,两日达,是,42,借记卡,每季,青年,90,忠实客户
958,38,男,围巾,配饰,23,Indiana,XL,紫罗兰色,春,4.7,是,门店自提,是,11,现金,每季,成年,90,忠实客户
959,70,男,运动鞋,鞋履,53,Washington,XL,米色,冬,4.4,是,包邮,是,31,信用卡,双周,老年,14,忠实客户
960,36,男,半身裙,服装,99,Nevada,M,青色,春,2.6,是,标准快递,是,12,现金,每两周,成年,14,忠实客户
961,18,男,首饰,配饰,48,Louisiana,XL,靛蓝色,春,4.4,是,标准快递,是,20,Venmo,每季,青年,90,忠实客户
962,62,男,靴子,鞋履,72,Pennsylvania,L,橄榄绿,秋,3.7,是,次日达,是,37,借记卡,每季,老年,90,忠实客户
963,29,男,太阳镜,配饰,64,Michigan,L,绿色,春,4.4,是,标准快递,是,26,借记卡,每两周,青年,14,忠实客户
964,21,男,靴子,鞋履,63,South Carolina,L,绿色,春,2.5,是,两日达,是,14,信用卡,每周,青年,7,忠实客户
965,42,男,凉鞋,鞋履,51,Arizona,M,米色,春,2.6,是,次日达,是,12,Venmo,双周,成年,14,忠实客户
966,43,男,靴子,鞋履,55,Delaware,L,黑色,春,5.0,是,门店自提,是,10,信用卡,每年,成年,365,回头客
967,58,男,连衣裙,服装,55,Kentucky,M,棕色,春,4.9,是,快递,是,19,现金,每年,老年,365,忠实客户
968,27,男,卫衣,服装,26,Georgia,S,银色,夏,3.7,是,门店自提,是,4,现金,每周,青年,7,回头客
969,57,男,短裤,服装,67,North Carolina,L,灰色,夏,3.1,是,次日达,是,48,银行转账,每季,中年,90,忠实客户
970,40,男,大衣,外套,31,California,S,粉色,秋,3.2,是,快递,是,37,PayPal,每月,成年,30,忠实客户
971,45,男,牛仔裤,服装,66,California,S,栗色,冬,4.4,是,包邮,是,4,现金,每月,中年,30,回头客
972,47,男,太阳镜,配饰,67,Indiana,M,青色,夏,4.3,是,次日达,是,15,信用卡,每周,中年,7,忠实客户
973,61,男,运动鞋,鞋履,61,Colorado,L,金色,冬,3.0,是,标准快递,是,33,信用卡,每周,老年,7,忠实客户
974,60,男,夹克,外套,75,Colorado,M,青绿色,秋,3.5,是,两日达,是,30,银行转账,每季,老年,90,忠实客户
975,69,男,半身裙,服装,90,North Carolina,M,米色,春,3.6,是,两日达,是,23,银行转账,每月,老年,30,忠实客户
976,58,男,毛衣,服装,40,Washington,M,橄榄绿,夏,3.8,是,两日达,是,2,银行转账,每周,老年,7,回头客
977,34,男,T恤,服装,90,Florida,M,灰色,秋,3.6,是,快递,是,50,信用卡,每三个月,成年,90,忠实客户
978,20,男,腰带,配饰,20,Washington,M,黑色,春,4.6,是,快递,是,34,现金,双周,青年,14,忠实客户
979,56,男,手套,配饰,40,Colorado,M,绿松石色,夏,2.5,是,标准快递,是,33,信用卡,每周,中年,7,忠实客户
980,64,男,帽子,配饰,33,New Hampshire,S,棕色,秋,3.5,是,门店自提,是,34,借记卡,每月,老年,30,忠实客户
981,56,男,靴子,鞋履,98,Maryland,S,品红色,春,4.0,是,包邮,是,39,PayPal,每三个月,中年,90,忠实客户
982,27,男,腰带,配饰,42,Maryland,M,银色,春,3.5,是,次日达,是,47,信用卡,每季,青年,90,忠实客户
983,35,男,大衣,外套,62,Texas,S,红色,夏,3.2,是,标准快递,是,37,PayPal,每月,成年,30,忠实客户
984,24,男,帽子,配饰,45,New Mexico,L,靛蓝色,冬,3.5,是,包邮,是,40,Venmo,双周,青年,14,忠实客户
985,26,男,鞋子,鞋履,78,Utah,M,绿色,夏,3.4,是,包邮,是,8,信用卡,双周,青年,14,回头客
986,32,男,手提包,配饰,80,West Virginia,M,灰色,秋,5.0,是,快递,是,12,银行转账,每年,成年,365,忠实客户
987,54,男,围巾,配饰,96,Connecticut,S,桃色,春,4.5,是,门店自提,是,36,银行转账,每月,中年,30,忠实客户
988,62,男,手提包,配饰,47,West Virginia,M,炭灰色,夏,2.8,是,快递,是,48,PayPal,每周,老年,7,忠实客户
989,50,男,长裤,服装,84,Ohio,M,橙色,冬,4.9,是,两日达,是,47,PayPal,每两周,中年,14,忠实客户
990,70,男,鞋子,鞋履,31,Texas,M,米色,春,3.1,是,门店自提,是,2,银行转账,每月,老年,30,回头客
991,48,男,太阳镜,配饰,63,Washington,S,黄色,春,4.8,是,门店自提,是,24,现金,每周,中年,7,忠实客户
992,20,男,短裤,服装,97,Wisconsin,XL,白色,春,2.7,是,标准快递,是,40,银行转账,双周,青年,14,忠实客户
993,46,男,夹克,外套,99,Louisiana,M,灰色,冬,4.6,是,快递,是,50,借记卡,每周,中年,7,忠实客户
994,51,男,凉鞋,鞋履,90,Iowa,M,桃色,冬,4.4,是,门店自提,是,25,现金,每周,中年,7,忠实客户
995,53,男,鞋子,鞋履,68,New York,L,紫罗兰色,秋,3.2,是,快递,是,20,借记卡,每月,中年,30,忠实客户
996,44,男,首饰,配饰,80,Idaho,M,品红色,春,3.0,是,两日达,是,10,Venmo,每周,成年,7,回头客
997,29,男,凉鞋,鞋履,91,Delaware,L,栗色,夏,4.9,是,标准快递,是,32,银行转账,每季,青年,90,忠实客户
998,64,男,长裤,服装,30,Kentucky,M,青色,春,3.6,是,快递,是,31,现金,每两周,老年,14,忠实客户
999,51,男,鞋子,鞋履,90,Connecticut,M,白色,春,3.8,是,次日达,是,48,银行转账,双周,中年,14,忠实客户
1000,50,男,袜子,服装,28,New Mexico,L,棕色,春,2.9,是,标准快递,是,23,借记卡,每月,中年,30,忠实客户
1001,43,男,袜子,服装,46,Georgia,M,红色,冬,3.9,是,快递,是,1,银行转账,双周,成年,14,新客户
1002,61,男,连衣裙,服装,60,Washington,M,橙色,秋,3.6,是,标准快递,是,4,借记卡,每两周,老年,14,回头客
1003,55,男,鞋子,鞋履,59,North Dakota,M,白色,春,3.5,是,门店自提,是,3,银行转账,双周,中年,14,回头客
1004,56,男,帽子,配饰,68,Ohio,M,绿色,秋,4.0,是,门店自提,是,3,现金,双周,中年,14,回头客
1005,33,男,双肩包,配饰,79,Tennessee,M,黑色,夏,4.8,是,两日达,是,44,现金,每年,成年,365,忠实客户
1006,43,男,双肩包,配饰,94,New York,M,金色,冬,3.9,是,门店自提,是,5,借记卡,双周,成年,14,回头客
1007,21,男,长裤,服装,83,Michigan,S,薰衣草紫,夏,4.5,是,次日达,是,50,Venmo,每季,青年,90,忠实客户
1008,58,男,手套,配饰,62,Georgia,XL,绿松石色,春,4.8,是,标准快递,是,2,信用卡,每年,老年,365,回头客
1009,41,男,围巾,配饰,85,New Mexico,M,粉色,春,2.6,是,门店自提,是,29,PayPal,每年,成年,365,忠实客户
1010,39,男,卫衣,服装,30,Louisiana,M,银色,夏,3.1,是,快递,是,11,Venmo,每年,成年,365,忠实客户
1011,54,男,牛仔裤,服装,24,South Dakota,XL,灰色,春,4.7,是,两日达,是,37,信用卡,每两周,中年,14,忠实客户
1012,43,男,双肩包,配饰,25,Montana,L,靛蓝色,春,2.9,是,次日达,是,32,借记卡,每两周,成年,14,忠实客户
1013,28,男,凉鞋,鞋履,37,New Mexico,L,青绿色,夏,3.8,是,快递,是,27,信用卡,每年,青年,365,忠实客户
1014,59,男,腰带,配饰,69,South Carolina,XL,绿色,夏,3.8,是,两日达,是,31,Venmo,双周,老年,14,忠实客户
1015,28,男,鞋子,鞋履,97,Ohio,M,紫罗兰色,夏,3.0,是,标准快递,是,36,借记卡,每两周,青年,14,忠实客户
1016,68,男,手套,配饰,24,North Carolina,M,青色,夏,4.1,是,标准快递,是,34,现金,每周,老年,7,忠实客户
1017,20,男,腰带,配饰,30,Idaho,XL,蓝色,夏,3.4,是,快递,是,15,银行转账,每三个月,青年,90,忠实客户
1018,21,男,夹克,外套,53,Oklahoma,L,橙色,秋,2.5,是,快递,是,14,信用卡,每年,青年,365,忠实客户
1019,50,男,连衣裙,服装,70,Georgia,XL,炭灰色,春,4.9,是,次日达,是,46,现金,每周,中年,7,忠实客户
1020,32,男,衬衫,服装,76,Kentucky,S,米色,冬,2.8,是,标准快递,是,33,Venmo,双周,成年,14,忠实客户
1021,24,男,围巾,配饰,95,Delaware,M,黑色,秋,4.5,是,快递,是,41,借记卡,每年,青年,365,忠实客户
1022,55,男,大衣,外套,51,Massachusetts,S,薰衣草紫,冬,4.9,是,两日达,是,39,PayPal,每周,中年,7,忠实客户
1023,61,男,手提包,配饰,41,Nebraska,M,薰衣草紫,冬,4.9,是,门店自提,是,7,现金,每年,老年,365,回头客
1024,61,男,太阳镜,配饰,71,Maine,S,绿松石色,冬,3.5,是,包邮,是,29,银行转账,每三个月,老年,90,忠实客户
1025,28,男,T恤,服装,66,Pennsylvania,M,紫色,夏,3.5,是,包邮,是,18,Venmo,每季,青年,90,忠实客户
1026,60,男,衬衫,服装,84,Nebraska,M,橄榄绿,冬,4.9,是,包邮,是,15,信用卡,每年,老年,365,忠实客户
1027,49,男,手提包,配饰,95,Virginia,L,绿松石色,冬,3.0,是,快递,是,39,PayPal,双周,中年,14,忠实客户
1028,33,男,首饰,配饰,90,Ohio,L,青绿色,夏,2.8,是,次日达,是,11,现金,每月,成年,30,忠实客户
1029,45,男,卫衣,服装,36,Nebraska,S,薰衣草紫,夏,3.7,是,标准快递,是,4,现金,每两周,中年,14,回头客
1030,29,男,手套,配饰,22,Ohio,M,紫色,春,3.6,是,两日达,是,33,Venmo,双周,青年,14,忠实客户
1031,58,男,大衣,外套,89,Kentucky,L,蓝色,冬,3.3,是,次日达,是,37,借记卡,每季,老年,90,忠实客户
1032,22,男,凉鞋,鞋履,50,Tennessee,M,青绿色,春,3.4,是,包邮,是,32,现金,每季,青年,90,忠实客户
1033,55,男,靴子,鞋履,36,Maine,M,薰衣草紫,秋,4.0,是,包邮,是,44,信用卡,每季,中年,90,忠实客户
1034,19,男,长裤,服装,52,Montana,S,银色,春,4.6,是,包邮,是,41,银行转账,每季,青年,90,忠实客户
1035,68,男,袜子,服装,29,Maryland,M,橄榄绿,秋,4.2,是,次日达,是,44,银行转账,每周,老年,7,忠实客户
1036,61,男,女式衬衫,服装,89,Georgia,M,棕色,秋,2.8,是,快递,是,32,Venmo,每年,老年,365,忠实客户
1037,68,男,手提包,配饰,47,Hawaii,M,黄色,秋,3.7,是,两日达,是,13,银行转账,每月,老年,30,忠实客户
1038,52,男,首饰,配饰,25,Rhode Island,XL,棕色,春,3.4,是,标准快递,是,48,借记卡,每季,中年,90,忠实客户
1039,41,男,长裤,服装,74,Nebraska,XL,青色,秋,3.0,是,快递,是,3,银行转账,每周,成年,7,回头客
1040,29,男,腰带,配饰,46,Michigan,M,品红色,秋,4.8,是,标准快递,是,39,Venmo,每月,青年,30,忠实客户
1041,68,男,牛仔裤,服装,22,North Carolina,S,品红色,秋,4.0,是,次日达,是,7,现金,每两周,老年,14,回头客
1042,36,男,衬衫,服装,25,Minnesota,M,橙色,夏,4.9,是,次日达,是,11,现金,每两周,成年,14,忠实客户
1043,55,男,腰带,配饰,80,Maryland,M,栗色,春,4.9,是,次日达,是,47,信用卡,每周,中年,7,忠实客户
1044,28,男,牛仔裤,服装,76,Hawaii,M,绿色,春,3.3,是,两日达,是,28,借记卡,每两周,青年,14,忠实客户
1045,39,男,牛仔裤,服装,30,Oregon,L,青绿色,夏,4.4,是,次日达,是,17,银行转账,每三个月,成年,90,忠实客户
1046,54,男,毛衣,服装,79,New Mexico,L,黑色,秋,3.5,是,两日达,是,11,PayPal,双周,中年,14,忠实客户
1047,40,男,运动鞋,鞋履,22,Illinois,M,品红色,冬,4.2,是,标准快递,是,12,Venmo,每年,成年,365,忠实客户
1048,31,男,袜子,服装,36,Utah,S,橄榄绿,秋,4.2,是,标准快递,是,7,信用卡,每两周,青年,14,回头客
1049,30,男,袜子,服装,77,Maine,L,黄色,秋,2.7,是,标准快递,是,19,Venmo,每两周,青年,14,忠实客户
1050,45,男,太阳镜,配饰,33,Virginia,S,紫色,秋,2.8,是,门店自提,是,24,现金,每季,中年,90,忠实客户
1051,48,男,运动鞋,鞋履,64,Florida,M,米色,冬,3.8,是,次日达,是,19,Venmo,每月,中年,30,忠实客户
1052,45,男,袜子,服装,53,Ohio,M,靛蓝色,秋,2.6,是,包邮,是,39,PayPal,每年,中年,365,忠实客户
1053,60,男,鞋子,鞋履,36,Virginia,XL,粉色,秋,3.0,是,两日达,是,1,信用卡,每两周,老年,14,新客户
1054,59,男,女式衬衫,服装,70,Kansas,M,蓝色,春,3.3,否,两日达,是,10,借记卡,双周,老年,14,回头客
1055,18,男,短裤,服装,96,Arkansas,L,青色,冬,4.9,否,快递,是,48,PayPal,每季,青年,90,忠实客户
1056,70,男,夹克,外套,27,Massachusetts,M,橙色,春,3.3,否,次日达,是,24,借记卡,每年,老年,365,忠实客户
1057,20,男,毛衣,服装,64,Idaho,L,黑色,冬,2.9,否,两日达,是,42,Venmo,每两周,青年,14,忠实客户
1058,65,男,夹克,外套,23,Wisconsin,S,栗色,春,4.4,否,两日达,是,20,信用卡,每周,老年,7,忠实客户
1059,29,男,围巾,配饰,33,New Mexico,L,紫罗兰色,夏,3.1,否,次日达,是,49,银行转账,每三个月,青年,90,忠实客户
1060,22,男,夹克,外套,34,North Carolina,M,米色,冬,2.5,否,标准快递,是,25,借记卡,每月,青年,30,忠实客户
1061,27,男,毛衣,服装,35,Iowa,S,灰色,夏,2.6,否,次日达,是,21,借记卡,每三个月,青年,90,忠实客户
1062,36,男,大衣,外套,62,Idaho,M,灰色,夏,4.4,否,包邮,是,12,Venmo,每三个月,成年,90,忠实客户
1063,59,男,靴子,鞋履,75,Ohio,M,棕色,秋,2.6,否,次日达,是,21,借记卡,每三个月,老年,90,忠实客户
1064,62,男,卫衣,服装,29,Alabama,S,靛蓝色,夏,3.3,否,包邮,是,35,现金,每月,老年,30,忠实客户
1065,34,男,帽子,配饰,28,Wyoming,M,紫罗兰色,春,3.5,否,快递,是,42,信用卡,每三个月,成年,90,忠实客户
1066,59,男,T恤,服装,20,Alabama,XL,蓝色,春,4.1,否,门店自提,是,3,PayPal,每三个月,老年,90,回头客
1067,49,男,大衣,外套,96,Mississippi,M,红色,冬,4.0,否,门店自提,是,11,PayPal,双周,中年,14,忠实客户
1068,18,男,连衣裙,服装,43,Pennsylvania,S,桃色,夏,2.7,否,两日达,是,22,PayPal,每季,青年,90,忠实客户
1069,55,男,衬衫,服装,94,Wyoming,M,橄榄绿,秋,2.5,否,标准快递,是,47,信用卡,每周,中年,7,忠实客户
1070,38,男,半身裙,服装,81,Maryland,XL,白色,秋,4.3,否,次日达,是,33,Venmo,每三个月,成年,90,忠实客户
1071,50,男,首饰,配饰,75,North Carolina,M,品红色,夏,3.3,否,包邮,是,50,借记卡,每周,中年,7,忠实客户
1072,61,男,帽子,配饰,81,Pennsylvania,M,米色,夏,2.6,否,快递,是,46,信用卡,每月,老年,30,忠实客户
1073,48,男,短裤,服装,92,Idaho,L,金色,秋,3.7,否,快递,是,34,借记卡,每两周,中年,14,忠实客户
1074,22,男,围巾,配饰,96,California,XL,紫色,春,4.0,否,门店自提,是,33,信用卡,每月,青年,30,忠实客户
1075,48,男,首饰,配饰,71,Tennessee,S,白色,秋,2.6,否,标准快递,是,45,银行转账,每两周,中年,14,忠实客户
1076,57,男,太阳镜,配饰,50,Missouri,L,靛蓝色,夏,4.9,否,次日达,是,32,借记卡,双周,中年,14,忠实客户
1077,33,男,大衣,外套,72,North Dakota,L,炭灰色,春,2.9,否,标准快递,是,47,Venmo,双周,成年,14,忠实客户
1078,58,男,夹克,外套,28,West Virginia,M,粉色,冬,3.7,否,标准快递,是,5,PayPal,每季,老年,90,回头客
1079,37,男,毛衣,服装,59,Arizona,M,银色,秋,4.4,否,快递,是,49,信用卡,每两周,成年,14,忠实客户
1080,18,男,大衣,外套,33,Oklahoma,S,蓝色,夏,4.4,否,包邮,是,48,银行转账,每月,青年,30,忠实客户
1081,65,男,围巾,配饰,59,Pennsylvania,L,蓝色,秋,3.8,否,快递,是,22,现金,每三个月,老年,90,忠实客户
1082,62,男,腰带,配饰,30,Idaho,XL,棕色,春,4.5,否,标准快递,是,45,信用卡,每年,老年,365,忠实客户
1083,54,男,帽子,配饰,85,South Carolina,XL,青色,冬,2.6,否,次日达,是,30,Venmo,每季,中年,90,忠实客户
1084,35,男,双肩包,配饰,97,Washington,L,青绿色,夏,3.3,否,门店自提,是,43,现金,每周,成年,7,忠实客户
1085,34,男,T恤,服装,36,Arkansas,S,紫色,秋,4.1,否,次日达,是,48,现金,每季,成年,90,忠实客户
1086,25,男,首饰,配饰,85,Utah,M,绿松石色,冬,3.0,否,门店自提,是,23,Venmo,每两周,青年,14,忠实客户
1087,53,男,太阳镜,配饰,62,Alaska,M,橄榄绿,冬,3.0,否,包邮,是,27,PayPal,双周,中年,14,忠实客户
1088,45,男,牛仔裤,服装,71,West Virginia,S,白色,冬,3.4,否,次日达,是,7,银行转账,每月,中年,30,回头客
1089,49,男,长裤,服装,21,Louisiana,M,绿松石色,冬,2.7,否,包邮,是,2,PayPal,每周,中年,7,回头客
1090,40,男,双肩包,配饰,61,Arizona,M,银色,春,3.8,否,次日达,是,33,PayPal,双周,成年,14,忠实客户
1091,38,男,围巾,配饰,58,Connecticut,M,紫罗兰色,春,4.2,否,门店自提,是,27,现金,每两周,成年,14,忠实客户
1092,44,男,毛衣,服装,80,North Carolina,L,薰衣草紫,春,4.7,否,门店自提,是,6,信用卡,每两周,成年,14,回头客
1093,68,男,首饰,配饰,50,South Dakota,L,品红色,春,4.1,否,两日达,是,20,Venmo,每季,老年,90,忠实客户
1094,60,男,运动鞋,鞋履,48,Delaware,S,靛蓝色,冬,4.2,否,两日达,是,46,Venmo,每三个月,老年,90,忠实客户
1095,25,男,首饰,配饰,40,Connecticut,M,黑色,冬,4.8,否,次日达,是,25,现金,每季,青年,90,忠实客户
1096,19,男,大衣,外套,34,Tennessee,S,桃色,夏,3.0,否,包邮,是,30,银行转账,每季,青年,90,忠实客户
1097,57,男,大衣,外套,46,New Hampshire,S,米色,秋,2.6,否,标准快递,是,48,信用卡,每年,中年,365,忠实客户
1098,58,男,太阳镜,配饰,27,Vermont,M,黑色,夏,3.2,否,门店自提,是,47,银行转账,每周,老年,7,忠实客户
1099,49,男,手提包,配饰,98,Idaho,S,绿松石色,春,3.6,否,次日达,是,27,信用卡,每周,中年,7,忠实客户
1100,19,男,毛衣,服装,73,North Carolina,M,桃色,秋,2.6,否,次日达,是,45,银行转账,每两周,青年,14,忠实客户
1101,50,男,长裤,服装,28,Nevada,L,金色,春,4.4,否,快递,是,2,信用卡,每周,中年,7,回头客
1102,30,男,手套,配饰,76,Delaware,XL,银色,秋,3.0,否,包邮,是,39,现金,每两周,青年,14,忠实客户
1103,52,男,毛衣,服装,83,Texas,M,桃色,秋,2.9,否,快递,是,24,现金,每两周,中年,14,忠实客户
1104,35,男,卫衣,服装,23,Tennessee,S,炭灰色,春,4.3,否,包邮,是,8,借记卡,双周,成年,14,回头客
1105,35,男,帽子,配饰,28,Delaware,M,米色,秋,3.1,否,快递,是,8,银行转账,每季,成年,90,回头客
1106,33,男,T恤,服装,83,Massachusetts,S,橄榄绿,春,3.0,否,次日达,是,6,Venmo,每三个月,成年,90,回头客
1107,52,男,半身裙,服装,96,Minnesota,L,紫罗兰色,冬,3.6,否,门店自提,是,12,Venmo,每两周,中年,14,忠实客户
1108,69,男,运动鞋,鞋履,62,Texas,M,桃色,秋,2.8,否,门店自提,是,26,银行转账,每周,老年,7,忠实客户
1109,27,男,短裤,服装,25,Nebraska,M,青绿色,秋,2.8,否,标准快递,是,50,现金,每两周,青年,14,忠实客户
1110,66,男,卫衣,服装,97,Oklahoma,L,紫罗兰色,冬,3.7,否,次日达,是,2,Venmo,每周,老年,7,回头客
1111,28,男,卫衣,服装,61,Texas,L,青色,秋,3.0,否,标准快递,是,31,现金,双周,青年,14,忠实客户
1112,22,男,鞋子,鞋履,66,New York,S,橄榄绿,夏,4.1,否,次日达,是,4,信用卡,双周,青年,14,回头客
1113,69,男,卫衣,服装,67,Washington,XL,粉色,春,4.6,否,包邮,是,32,PayPal,每季,老年,90,忠实客户
1114,28,男,太阳镜,配饰,80,Maryland,M,紫色,夏,4.8,否,次日达,是,11,PayPal,双周,青年,14,忠实客户
1115,55,男,半身裙,服装,25,New Hampshire,L,紫罗兰色,秋,2.6,否,次日达,是,47,银行转账,每三个月,中年,90,忠实客户
1116,30,男,帽子,配饰,58,New York,S,桃色,秋,4.0,否,两日达,是,37,现金,每周,青年,7,忠实客户
1117,67,男,双肩包,配饰,96,Hawaii,M,炭灰色,冬,4.2,否,快递,是,39,PayPal,每两周,老年,14,忠实客户
1118,25,男,太阳镜,配饰,77,California,L,薰衣草紫,春,4.5,否,门店自提,是,24,信用卡,每月,青年,30,忠实客户
1119,49,男,腰带,配饰,65,Indiana,M,紫色,夏,4.9,否,标准快递,是,11,PayPal,每三个月,中年,90,忠实客户
1120,34,男,首饰,配饰,36,Louisiana,M,靛蓝色,春,3.1,否,标准快递,是,36,信用卡,每周,成年,7,忠实客户
1121,22,男,运动鞋,鞋履,84,Pennsylvania,M,品红色,冬,4.0,否,次日达,是,40,借记卡,每月,青年,30,忠实客户
1122,63,男,T恤,服装,58,Florida,XL,桃色,秋,3.2,否,快递,是,25,现金,每季,老年,90,忠实客户
1123,70,男,手提包,配饰,62,North Carolina,S,炭灰色,春,4.3,否,两日达,是,12,信用卡,每年,老年,365,忠实客户
1124,36,男,帽子,配饰,67,Massachusetts,S,紫色,秋,2.5,否,门店自提,是,38,现金,每月,成年,30,忠实客户
1125,42,男,毛衣,服装,20,Iowa,M,橙色,春,3.7,否,快递,是,40,现金,每季,成年,90,忠实客户
1126,27,男,凉鞋,鞋履,90,North Dakota,M,薰衣草紫,夏,2.7,否,两日达,是,10,银行转账,每周,青年,7,回头客
1127,23,男,围巾,配饰,58,Iowa,L,米色,冬,3.4,否,标准快递,是,47,Venmo,每两周,青年,14,忠实客户
1128,50,男,衬衫,服装,53,Delaware,XL,栗色,春,4.8,否,门店自提,是,22,借记卡,每月,中年,30,忠实客户
1129,56,男,手套,配饰,30,New York,L,炭灰色,冬,4.7,否,次日达,是,35,借记卡,每月,中年,30,忠实客户
1130,37,男,卫衣,服装,65,New Hampshire,XL,白色,冬,4.7,否,快递,是,46,Venmo,每两周,成年,14,忠实客户
1131,67,男,首饰,配饰,41,Kentucky,M,薰衣草紫,夏,3.9,否,标准快递,是,30,PayPal,双周,老年,14,忠实客户
1132,67,男,衬衫,服装,73,Illinois,M,黑色,春,3.7,否,快递,是,20,银行转账,每月,老年,30,忠实客户
1133,50,男,卫衣,服装,98,North Carolina,S,青绿色,春,4.3,否,门店自提,是,25,现金,每两周,中年,14,忠实客户
1134,36,男,鞋子,鞋履,36,Connecticut,XL,品红色,冬,4.1,否,两日达,是,29,现金,每周,成年,7,忠实客户
1135,62,男,T恤,服装,81,Wisconsin,M,棕色,夏,3.7,否,快递,是,2,Venmo,每三个月,老年,90,回头客
1136,65,男,半身裙,服装,90,Massachusetts,L,桃色,冬,3.6,否,两日达,是,32,银行转账,每季,老年,90,忠实客户
1137,23,男,手提包,配饰,83,Illinois,S,青色,夏,4.8,否,包邮,是,37,现金,每月,青年,30,忠实客户
1138,46,男,衬衫,服装,91,New Mexico,XL,粉色,冬,2.8,否,两日达,是,16,银行转账,每三个月,中年,90,忠实客户
1139,18,男,长裤,服装,36,Iowa,M,紫色,夏,4.7,否,快递,是,32,Venmo,每两周,青年,14,忠实客户
1140,58,男,大衣,外套,53,Alabama,L,紫色,春,3.9,否,标准快递,是,42,借记卡,双周,老年,14,忠实客户
1141,31,男,牛仔裤,服装,39,Maryland,M,白色,冬,2.6,否,门店自提,是,6,信用卡,每三个月,青年,90,回头客
1142,39,男,手套,配饰,33,Ohio,S,银色,冬,4.7,否,次日达,是,23,PayPal,每两周,成年,14,忠实客户
1143,69,男,T恤,服装,76,Ohio,L,绿色,春,3.5,否,门店自提,是,27,Venmo,双周,老年,14,忠实客户
1144,68,男,靴子,鞋履,23,Nevada,L,青绿色,冬,4.4,否,标准快递,是,43,PayPal,每季,老年,90,忠实客户
1145,41,男,牛仔裤,服装,54,South Carolina,S,靛蓝色,秋,4.4,否,两日达,是,25,银行转账,每两周,成年,14,忠实客户
1146,31,男,运动鞋,鞋履,89,Nevada,L,粉色,夏,3.0,否,快递,是,30,现金,每三个月,青年,90,忠实客户
1147,48,男,运动鞋,鞋履,38,Wisconsin,M,靛蓝色,夏,4.2,否,标准快递,是,7,银行转账,每三个月,中年,90,回头客
1148,59,男,帽子,配饰,36,Tennessee,XL,红色,冬,4.3,否,次日达,是,17,借记卡,每年,老年,365,忠实客户
1149,34,男,长裤,服装,66,Florida,M,紫罗兰色,春,2.6,否,门店自提,是,10,PayPal,每两周,成年,14,回头客
1150,21,男,首饰,配饰,42,Georgia,L,青色,春,3.3,否,门店自提,是,40,Venmo,每年,青年,365,忠实客户
1151,29,男,首饰,配饰,36,Kentucky,S,红色,冬,2.7,否,次日达,是,50,Venmo,双周,青年,14,忠实客户
1152,41,男,女式衬衫,服装,86,Ohio,M,灰色,春,3.7,否,快递,是,24,信用卡,每周,成年,7,忠实客户
1153,62,男,手提包,配饰,49,Connecticut,M,金色,秋,4.0,否,标准快递,是,8,PayPal,每三个月,老年,90,回头客
1154,27,男,衬衫,服装,41,Idaho,M,粉色,夏,4.0,否,包邮,是,6,银行转账,每季,青年,90,回头客
1155,49,男,连衣裙,服装,82,Georgia,L,青色,春,2.9,否,两日达,是,44,信用卡,双周,中年,14,忠实客户
1156,67,男,T恤,服装,53,Tennessee,S,红色,秋,2.6,否,快递,是,47,PayPal,每季,老年,90,忠实客户
1157,20,男,鞋子,鞋履,21,Hawaii,M,金色,夏,4.8,否,快递,是,6,Venmo,每三个月,青年,90,回头客
1158,37,男,腰带,配饰,66,Maryland,M,炭灰色,秋,4.4,否,标准快递,是,11,现金,每季,成年,90,忠实客户
1159,69,男,腰带,配饰,89,Nevada,L,橙色,夏,4.0,否,两日达,是,41,银行转账,每年,老年,365,忠实客户
1160,66,男,手提包,配饰,55,New Hampshire,L,蓝色,秋,3.6,否,两日达,是,46,Venmo,每三个月,老年,90,忠实客户
1161,37,男,围巾,配饰,42,North Dakota,S,蓝色,夏,3.2,否,次日达,是,9,Venmo,双周,成年,14,回头客
1162,63,男,短裤,服装,52,Oklahoma,S,橙色,秋,3.1,否,两日达,是,37,PayPal,每月,老年,30,忠实客户
1163,47,男,凉鞋,鞋履,92,North Carolina,M,蓝色,冬,4.2,否,快递,是,13,PayPal,每周,中年,7,忠实客户
1164,26,男,长裤,服装,56,Tennessee,L,白色,夏,3.0,否,两日达,是,24,借记卡,每月,青年,30,忠实客户
1165,68,男,连衣裙,服装,96,Montana,M,绿色,冬,4.2,否,标准快递,是,47,PayPal,每季,老年,90,忠实客户
1166,51,男,T恤,服装,64,Wisconsin,M,银色,冬,2.9,否,次日达,是,21,Venmo,每三个月,中年,90,忠实客户
1167,48,男,连衣裙,服装,48,Connecticut,S,薰衣草紫,冬,3.7,否,门店自提,是,22,Venmo,每两周,中年,14,忠实客户
1168,60,男,袜子,服装,83,New Jersey,XL,米色,夏,3.6,否,包邮,是,16,PayPal,每季,老年,90,忠实客户
1169,68,男,围巾,配饰,91,Mississippi,L,紫罗兰色,夏,3.6,否,标准快递,是,37,借记卡,每两周,老年,14,忠实客户
1170,25,男,双肩包,配饰,94,Wyoming,S,灰色,秋,4.5,否,两日达,是,3,现金,每年,青年,365,回头客
1171,57,男,半身裙,服装,62,Illinois,S,红色,春,3.2,否,快递,是,33,现金,双周,中年,14,忠实客户
1172,41,男,袜子,服装,55,Louisiana,M,薰衣草紫,春,3.9,否,次日达,是,15,借记卡,每年,成年,365,忠实客户
1173,59,男,大衣,外套,68,Oregon,L,桃色,春,4.6,否,门店自提,是,42,银行转账,双周,老年,14,忠实客户
1174,44,男,首饰,配饰,76,South Dakota,M,靛蓝色,冬,2.5,否,快递,是,42,现金,双周,成年,14,忠实客户
1175,42,男,双肩包,配饰,31,Michigan,M,黑色,冬,4.3,否,快递,是,19,银行转账,双周,成年,14,忠实客户
1176,35,男,腰带,配饰,81,New Jersey,M,米色,春,4.1,否,门店自提,是,26,PayPal,每季,成年,90,忠实客户
1177,36,男,连衣裙,服装,83,Oregon,M,红色,冬,3.7,否,包邮,是,39,PayPal,每季,成年,90,忠实客户
1178,54,男,半身裙,服装,21,Iowa,M,黑色,春,4.8,否,标准快递,是,24,借记卡,每月,中年,30,忠实客户
1179,37,男,连衣裙,服装,22,South Carolina,M,青绿色,春,4.9,否,快递,是,23,借记卡,每年,成年,365,忠实客户
1180,20,男,T恤,服装,33,Indiana,M,蓝色,夏,2.8,否,包邮,是,44,银行转账,每年,青年,365,忠实客户
1181,23,男,半身裙,服装,23,Oregon,S,米色,春,4.9,否,标准快递,是,34,现金,每月,青年,30,忠实客户
1182,61,男,短裤,服装,96,New York,L,青绿色,夏,3.5,否,包邮,是,43,银行转账,每季,老年,90,忠实客户
1183,37,男,首饰,配饰,21,New Mexico,M,栗色,春,3.8,否,快递,是,45,PayPal,每季,成年,90,忠实客户
1184,23,男,长裤,服装,39,Louisiana,M,黄色,春,4.5,否,两日达,是,4,信用卡,每周,青年,7,回头客
1185,63,男,腰带,配饰,73,South Carolina,S,靛蓝色,秋,3.4,否,快递,是,19,信用卡,每年,老年,365,忠实客户
1186,47,男,牛仔裤,服装,64,Maine,M,品红色,春,3.9,否,标准快递,是,29,信用卡,每月,中年,30,忠实客户
1187,63,男,牛仔裤,服装,68,Indiana,M,米色,夏,4.1,否,两日达,是,27,信用卡,每年,老年,365,忠实客户
1188,56,男,帽子,配饰,89,Iowa,L,栗色,秋,3.0,否,快递,是,37,信用卡,每三个月,中年,90,忠实客户
1189,68,男,女式衬衫,服装,29,Mississippi,M,品红色,夏,3.3,否,次日达,是,11,信用卡,每周,老年,7,忠实客户
1190,64,男,衬衫,服装,97,Arkansas,XL,青绿色,夏,3.7,否,包邮,是,28,借记卡,每年,老年,365,忠实客户
1191,62,男,衬衫,服装,45,South Carolina,M,橙色,冬,4.3,否,次日达,是,31,信用卡,每周,老年,7,忠实客户
1192,34,男,T恤,服装,70,Indiana,L,炭灰色,冬,4.1,否,包邮,是,50,Venmo,每季,成年,90,忠实客户
1193,49,男,大衣,外套,56,Florida,M,绿松石色,夏,4.0,否,两日达,是,42,Venmo,每季,中年,90,忠实客户
1194,40,男,夹克,外套,55,Alaska,L,粉色,秋,5.0,否,两日达,是,18,信用卡,每两周,成年,14,忠实客户
1195,50,男,卫衣,服装,46,New York,S,青绿色,冬,3.1,否,两日达,是,6,信用卡,每两周,中年,14,回头客
1196,25,男,围巾,配饰,95,Texas,M,白色,冬,4.0,否,两日达,是,33,Venmo,每月,青年,30,忠实客户
1197,30,男,腰带,配饰,88,North Dakota,M,栗色,冬,3.2,否,两日达,是,13,银行转账,双周,青年,14,忠实客户
1198,54,男,运动鞋,鞋履,92,Vermont,L,紫罗兰色,秋,3.9,否,标准快递,是,26,PayPal,每年,中年,365,忠实客户
1199,40,男,袜子,服装,49,New Jersey,M,棕色,夏,3.9,否,两日达,是,17,现金,每年,成年,365,忠实客户
1200,49,男,凉鞋,鞋履,89,Maryland,M,靛蓝色,秋,4.5,否,包邮,是,3,借记卡,每周,中年,7,回头客
1201,27,男,大衣,外套,22,Connecticut,XL,黑色,冬,4.4,否,门店自提,是,7,PayPal,每周,青年,7,回头客
1202,27,男,鞋子,鞋履,61,Illinois,XL,黑色,夏,3.1,否,两日达,是,46,Venmo,每两周,青年,14,忠实客户
1203,48,男,围巾,配饰,29,Maryland,S,橄榄绿,春,2.9,否,标准快递,是,14,Venmo,每三个月,中年,90,忠实客户
1204,40,男,运动鞋,鞋履,82,Minnesota,M,橙色,冬,3.7,否,包邮,是,23,银行转账,每年,成年,365,忠实客户
1205,67,男,腰带,配饰,94,Florida,M,粉色,春,3.2,否,两日达,是,20,信用卡,每三个月,老年,90,忠实客户
1206,52,男,手提包,配饰,99,California,M,橄榄绿,春,3.5,否,标准快递,是,38,银行转账,每两周,中年,14,忠实客户
1207,22,男,手提包,配饰,59,Mississippi,S,青色,秋,3.0,否,包邮,是,16,Venmo,每三个月,青年,90,忠实客户
1208,62,男,靴子,鞋履,90,Washington,M,白色,夏,4.1,否,次日达,是,48,信用卡,每三个月,老年,90,忠实客户
1209,20,男,靴子,鞋履,100,Wisconsin,S,红色,冬,3.8,否,两日达,是,8,借记卡,每年,青年,365,回头客
1210,41,男,长裤,服装,62,Pennsylvania,M,蓝色,冬,3.8,否,次日达,是,16,银行转账,每月,成年,30,忠实客户
1211,34,男,太阳镜,配饰,78,Missouri,M,橄榄绿,秋,4.1,否,次日达,是,5,现金,每季,成年,90,回头客
1212,23,男,卫衣,服装,94,Oklahoma,M,绿色,春,4.6,否,门店自提,是,14,Venmo,每三个月,青年,90,忠实客户
1213,32,男,鞋子,鞋履,74,Pennsylvania,M,黄色,夏,2.5,否,包邮,是,18,信用卡,每周,成年,7,忠实客户
1214,68,男,手提包,配饰,52,Kentucky,XL,黑色,春,3.7,否,快递,是,14,借记卡,每三个月,老年,90,忠实客户
1215,30,男,夹克,外套,81,Vermont,M,蓝色,秋,3.8,否,包邮,是,5,现金,每三个月,青年,90,回头客
1216,66,男,女式衬衫,服装,20,Oregon,L,粉色,冬,2.6,否,两日达,是,15,信用卡,每三个月,老年,90,忠实客户
1217,62,男,长裤,服装,32,Utah,XL,薰衣草紫,夏,3.7,否,包邮,是,3,Venmo,每三个月,老年,90,回头客
1218,50,男,靴子,鞋履,63,Nebraska,XL,青色,秋,2.6,否,包邮,是,12,现金,每三个月,中年,90,忠实客户
1219,55,男,靴子,鞋履,79,Pennsylvania,M,青色,春,3.1,否,门店自提,是,43,现金,每三个月,中年,90,忠实客户
1220,19,男,毛衣,服装,23,Vermont,M,金色,冬,2.5,否,次日达,是,35,信用卡,双周,青年,14,忠实客户
1221,67,男,手套,配饰,64,Kentucky,M,绿色,冬,3.8,否,快递,是,36,银行转账,每季,老年,90,忠实客户
1222,18,男,袜子,服装,69,Iowa,M,红色,冬,4.5,否,标准快递,是,3,现金,每季,青年,90,回头客
1223,58,男,牛仔裤,服装,69,Indiana,L,品红色,秋,3.4,否,门店自提,是,27,银行转账,每年,老年,365,忠实客户
1224,69,男,长裤,服装,24,Kansas,L,红色,冬,3.9,否,包邮,是,21,银行转账,每周,老年,7,忠实客户
1225,62,男,短裤,服装,50,Illinois,M,黄色,夏,3.7,否,门店自提,是,18,Venmo,每周,老年,7,忠实客户
1226,28,男,手套,配饰,97,North Carolina,S,绿松石色,秋,2.6,否,包邮,是,16,借记卡,每周,青年,7,忠实客户
1227,53,男,凉鞋,鞋履,91,Ohio,S,青色,秋,3.4,否,门店自提,是,18,Venmo,双周,中年,14,忠实客户
1228,27,男,女式衬衫,服装,37,Illinois,L,黄色,春,4.9,否,门店自提,是,19,银行转账,双周,青年,14,忠实客户
1229,55,男,夹克,外套,55,Indiana,S,黄色,冬,3.9,否,快递,是,1,现金,每年,中年,365,新客户
1230,34,男,首饰,配饰,52,Kansas,XL,栗色,冬,3.6,否,快递,是,39,银行转账,每年,成年,365,忠实客户
1231,25,男,帽子,配饰,80,Illinois,L,棕色,春,3.8,否,标准快递,是,49,Venmo,每月,青年,30,忠实客户
1232,66,男,袜子,服装,79,Pennsylvania,M,金色,春,4.0,否,两日达,是,43,信用卡,每两周,老年,14,忠实客户
1233,57,男,手提包,配饰,23,New York,M,炭灰色,夏,3.6,否,包邮,是,31,借记卡,每三个月,中年,90,忠实客户
1234,46,男,长裤,服装,73,Utah,L,米色,冬,3.5,否,次日达,是,40,Venmo,每三个月,中年,90,忠实客户
1235,38,男,手套,配饰,99,New Jersey,M,靛蓝色,秋,4.1,否,门店自提,是,2,银行转账,双周,成年,14,回头客
1236,23,男,毛衣,服装,22,Idaho,M,红色,春,3.0,否,门店自提,是,46,PayPal,每三个月,青年,90,忠实客户
1237,42,男,帽子,配饰,68,New Mexico,M,白色,夏,4.4,否,门店自提,是,35,借记卡,每三个月,成年,90,忠实客户
1238,25,男,连衣裙,服装,92,Michigan,S,炭灰色,春,4.4,否,两日达,是,42,信用卡,每季,青年,90,忠实客户
1239,55,男,长裤,服装,77,Wyoming,M,紫罗兰色,冬,3.7,否,快递,是,3,Venmo,每两周,中年,14,回头客
1240,62,男,大衣,外套,37,New Jersey,XL,品红色,春,4.8,否,标准快递,是,32,借记卡,每三个月,老年,90,忠实客户
1241,41,男,围巾,配饰,79,New Jersey,L,白色,冬,2.9,否,门店自提,是,48,借记卡,每年,成年,365,忠实客户
1242,58,男,卫衣,服装,51,Hawaii,XL,粉色,冬,3.1,否,快递,是,34,信用卡,每周,老年,7,忠实客户
1243,56,男,袜子,服装,27,Nevada,M,薰衣草紫,夏,4.0,否,次日达,是,15,银行转账,每季,中年,90,忠实客户
1244,25,男,女式衬衫,服装,23,New Hampshire,S,粉色,春,3.0,否,门店自提,是,22,借记卡,每年,青年,365,忠实客户
1245,70,男,袜子,服装,76,Indiana,S,银色,夏,3.9,否,两日达,是,2,现金,每月,老年,30,回头客
1246,42,男,连衣裙,服装,31,New York,M,紫罗兰色,秋,3.4,否,标准快递,是,30,银行转账,每周,成年,7,忠实客户
1247,27,男,卫衣,服装,60,Louisiana,M,炭灰色,冬,2.7,否,标准快递,是,27,现金,每月,青年,30,忠实客户
1248,65,男,T恤,服装,99,Virginia,M,炭灰色,春,3.7,否,快递,是,18,Venmo,双周,老年,14,忠实客户
1249,62,男,帽子,配饰,37,Wisconsin,XL,红色,冬,3.0,否,包邮,是,8,信用卡,每年,老年,365,回头客
1250,62,男,靴子,鞋履,50,Oregon,M,桃色,冬,4.5,否,快递,是,48,Venmo,每两周,老年,14,忠实客户
1251,52,男,牛仔裤,服装,26,New Hampshire,XL,紫色,冬,4.1,否,包邮,是,24,现金,每月,中年,30,忠实客户
1252,56,男,短裤,服装,86,Indiana,XL,橙色,春,5.0,否,次日达,是,43,信用卡,每月,中年,30,忠实客户
1253,28,男,凉鞋,鞋履,41,Massachusetts,L,品红色,秋,4.0,否,标准快递,是,8,现金,每季,青年,90,回头客
1254,39,男,凉鞋,鞋履,23,Montana,XL,红色,冬,4.9,否,快递,是,49,PayPal,每年,成年,365,忠实客户
1255,54,男,运动鞋,鞋履,56,California,XL,黑色,春,3.3,否,两日达,是,2,信用卡,双周,中年,14,回头客
1256,30,男,帽子,配饰,68,Indiana,M,桃色,秋,4.1,否,标准快递,是,38,现金,每两周,青年,14,忠实客户
1257,45,男,大衣,外套,48,West Virginia,S,橄榄绿,冬,3.6,否,快递,是,4,现金,每两周,中年,14,回头客
1258,68,男,连衣裙,服装,67,Minnesota,L,金色,春,3.0,否,包邮,是,31,现金,每三个月,老年,90,忠实客户
1259,47,男,靴子,鞋履,87,Ohio,XL,金色,春,4.1,否,两日达,是,34,借记卡,每三个月,中年,90,忠实客户
1260,68,男,半身裙,服装,64,Minnesota,M,绿松石色,秋,3.9,否,标准快递,是,45,信用卡,每月,老年,30,忠实客户
1261,63,男,衬衫,服装,93,Virginia,XL,绿色,春,4.1,否,门店自提,是,30,借记卡,每季,老年,90,忠实客户
1262,20,男,衬衫,服装,29,Connecticut,L,栗色,夏,2.8,否,次日达,是,2,信用卡,每两周,青年,14,回头客
1263,29,男,靴子,鞋履,62,Tennessee,L,棕色,冬,4.8,否,门店自提,是,44,Venmo,每月,青年,30,忠实客户
1264,41,男,卫衣,服装,70,Delaware,L,棕色,冬,4.6,否,两日达,是,1,信用卡,双周,成年,14,新客户
1265,52,男,毛衣,服装,92,Vermont,S,蓝色,冬,2.5,否,次日达,是,1,Venmo,双周,中年,14,新客户
1266,32,男,衬衫,服装,79,Louisiana,M,薰衣草紫,春,2.7,否,次日达,是,27,银行转账,每周,成年,7,忠实客户
1267,20,男,女式衬衫,服装,31,North Dakota,M,桃色,秋,4.0,否,标准快递,是,14,借记卡,每三个月,青年,90,忠实客户
1268,47,男,T恤,服装,83,Oregon,S,灰色,春,2.7,否,标准快递,是,41,现金,每周,中年,7,忠实客户
1269,23,男,夹克,外套,88,Idaho,XL,炭灰色,冬,2.9,否,次日达,是,25,借记卡,双周,青年,14,忠实客户
1270,43,男,首饰,配饰,53,Vermont,M,薰衣草紫,春,3.0,否,标准快递,是,47,PayPal,每季,成年,90,忠实客户
1271,67,男,卫衣,服装,98,West Virginia,M,绿色,秋,3.3,否,标准快递,是,20,现金,每年,老年,365,忠实客户
1272,70,男,首饰,配饰,57,Kentucky,S,灰色,春,4.3,否,门店自提,是,42,PayPal,每年,老年,365,忠实客户
1273,35,男,凉鞋,鞋履,80,Wisconsin,M,橙色,冬,4.4,否,快递,是,16,银行转账,每月,成年,30,忠实客户
1274,41,男,牛仔裤,服装,29,Mississippi,L,银色,春,4.1,否,次日达,是,32,信用卡,每三个月,成年,90,忠实客户
1275,54,男,帽子,配饰,73,Missouri,M,橄榄绿,春,3.1,否,两日达,是,37,PayPal,每季,中年,90,忠实客户
1276,55,男,毛衣,服装,32,Arkansas,S,绿松石色,秋,4.5,否,标准快递,是,1,PayPal,每月,中年,30,新客户
1277,51,男,靴子,鞋履,68,Wyoming,L,绿松石色,春,4.8,否,次日达,是,37,银行转账,每周,中年,7,忠实客户
1278,19,男,女式衬衫,服装,97,Rhode Island,L,绿色,春,5.0,否,快递,是,5,Venmo,每季,青年,90,回头客
1279,28,男,短裤,服装,98,Utah,M,紫罗兰色,秋,2.8,否,次日达,是,31,Venmo,每两周,青年,14,忠实客户
1280,63,男,卫衣,服装,56,Maryland,L,炭灰色,秋,3.7,否,快递,是,18,借记卡,每年,老年,365,忠实客户
1281,30,男,长裤,服装,78,Georgia,L,白色,冬,4.4,否,两日达,是,39,Venmo,每三个月,青年,90,忠实客户
1282,29,男,腰带,配饰,81,New Jersey,M,橄榄绿,春,4.5,否,门店自提,是,8,Venmo,双周,青年,14,回头客
1283,24,男,衬衫,服装,68,New Hampshire,L,紫罗兰色,冬,3.0,否,包邮,是,20,Venmo,每月,青年,30,忠实客户
1284,69,男,衬衫,服装,94,Oregon,M,紫罗兰色,冬,3.9,否,两日达,是,23,借记卡,每三个月,老年,90,忠实客户
1285,65,男,连衣裙,服装,93,Arkansas,M,黑色,春,3.9,否,快递,是,38,PayPal,每两周,老年,14,忠实客户
1286,64,男,手套,配饰,99,North Carolina,M,炭灰色,秋,3.5,否,次日达,是,45,银行转账,每两周,老年,14,忠实客户
1287,40,男,手套,配饰,49,West Virginia,L,黄色,冬,4.9,否,次日达,是,44,借记卡,每两周,成年,14,忠实客户
1288,24,男,牛仔裤,服装,28,Utah,XL,蓝色,冬,3.4,否,标准快递,是,20,PayPal,每月,青年,30,忠实客户
1289,66,男,腰带,配饰,93,South Dakota,XL,炭灰色,冬,4.1,否,标准快递,是,34,PayPal,双周,老年,14,忠实客户
1290,35,男,夹克,外套,24,New Hampshire,M,红色,秋,2.9,否,次日达,是,10,PayPal,每周,成年,7,回头客
1291,67,男,半身裙,服装,35,Maryland,M,靛蓝色,春,3.4,否,包邮,是,3,PayPal,每年,老年,365,回头客
1292,69,男,凉鞋,鞋履,68,South Dakota,S,米色,春,3.2,否,两日达,是,23,借记卡,每两周,老年,14,忠实客户
1293,26,男,腰带,配饰,61,Kentucky,M,栗色,夏,3.8,否,包邮,是,42,银行转账,每年,青年,365,忠实客户
1294,23,男,毛衣,服装,74,Florida,XL,黄色,秋,4.1,否,标准快递,是,30,借记卡,每年,青年,365,忠实客户
1295,27,男,衬衫,服装,64,Texas,M,银色,夏,4.5,否,标准快递,是,21,现金,每三个月,青年,90,忠实客户
1296,30,男,运动鞋,鞋履,60,New Mexico,M,橄榄绿,秋,2.8,否,标准快递,是,50,PayPal,每周,青年,7,忠实客户
1297,48,男,牛仔裤,服装,29,South Dakota,S,青绿色,春,2.8,否,快递,是,16,现金,双周,中年,14,忠实客户
1298,44,男,凉鞋,鞋履,85,New Jersey,M,银色,夏,4.6,否,标准快递,是,32,Venmo,每年,成年,365,忠实客户
1299,29,男,长裤,服装,81,Indiana,S,靛蓝色,夏,3.0,否,包邮,是,14,银行转账,每两周,青年,14,忠实客户
1300,29,男,腰带,配饰,23,Louisiana,L,青绿色,秋,3.6,否,两日达,是,42,Venmo,双周,青年,14,忠实客户
1301,67,男,T恤,服装,100,West Virginia,M,炭灰色,春,4.5,否,次日达,是,47,信用卡,每三个月,老年,90,忠实客户
1302,42,男,衬衫,服装,54,Maine,M,橙色,秋,5.0,否,快递,是,21,借记卡,每周,成年,7,忠实客户
1303,23,男,运动鞋,鞋履,25,Idaho,M,金色,秋,2.9,否,次日达,是,37,信用卡,每月,青年,30,忠实客户
1304,34,男,女式衬衫,服装,32,New York,L,银色,夏,3.1,否,次日达,是,10,信用卡,每年,成年,365,回头客
1305,64,男,双肩包,配饰,63,Montana,S,橙色,春,4.0,否,两日达,是,18,PayPal,每三个月,老年,90,忠实客户
1306,31,男,长裤,服装,56,Mississippi,XL,桃色,春,4.5,否,快递,是,2,PayPal,每三个月,青年,90,回头客
1307,54,男,毛衣,服装,33,Alaska,L,棕色,冬,4.5,否,次日达,是,40,PayPal,每年,中年,365,忠实客户
1308,23,男,大衣,外套,32,Missouri,L,黑色,夏,3.1,否,快递,是,43,PayPal,每年,青年,365,忠实客户
1309,59,男,连衣裙,服装,38,Rhode Island,L,红色,夏,4.4,否,次日达,是,14,信用卡,每三个月,老年,90,忠实客户
1310,32,男,女式衬衫,服装,21,Hawaii,L,薰衣草紫,夏,4.7,否,门店自提,是,41,现金,每季,成年,90,忠实客户
1311,43,男,卫衣,服装,59,South Carolina,L,棕色,冬,3.1,否,门店自提,是,38,信用卡,每三个月,成年,90,忠实客户
1312,32,男,鞋子,鞋履,87,Tennessee,M,栗色,秋,4.2,否,快递,是,12,Venmo,每年,成年,365,忠实客户
1313,66,男,T恤,服装,79,Missouri,M,紫罗兰色,冬,3.0,否,门店自提,是,19,银行转账,每月,老年,30,忠实客户
1314,70,男,鞋子,鞋履,28,Missouri,M,薰衣草紫,夏,3.8,否,包邮,是,23,信用卡,双周,老年,14,忠实客户
1315,42,男,靴子,鞋履,67,Missouri,S,品红色,夏,3.4,否,包邮,是,49,借记卡,每年,成年,365,忠实客户
1316,56,男,短裤,服装,75,Mississippi,L,绿色,春,4.2,否,两日达,是,29,借记卡,每季,中年,90,忠实客户
1317,28,男,腰带,配饰,32,Arkansas,S,薰衣草紫,春,4.6,否,标准快递,是,14,借记卡,双周,青年,14,忠实客户
1318,28,男,长裤,服装,43,Kentucky,M,绿色,春,2.8,否,包邮,是,19,现金,每月,青年,30,忠实客户
1319,52,男,短裤,服装,93,Connecticut,M,栗色,春,2.7,否,快递,是,19,信用卡,双周,中年,14,忠实客户
1320,65,男,太阳镜,配饰,24,Oklahoma,M,品红色,春,4.0,否,标准快递,是,48,银行转账,每周,老年,7,忠实客户
1321,56,男,帽子,配饰,31,California,XL,青绿色,秋,3.1,否,包邮,是,19,借记卡,每年,中年,365,忠实客户
1322,59,男,T恤,服装,84,Missouri,L,橙色,冬,3.7,否,快递,是,45,银行转账,每三个月,老年,90,忠实客户
1323,23,男,长裤,服装,74,Washington,M,紫罗兰色,冬,4.0,否,次日达,是,17,银行转账,每季,青年,90,忠实客户
1324,58,男,短裤,服装,62,New York,M,黄色,春,4.6,否,标准快递,是,15,借记卡,每三个月,老年,90,忠实客户
1325,39,男,首饰,配饰,77,Indiana,S,橙色,夏,3.8,否,包邮,是,11,信用卡,每两周,成年,14,忠实客户
1326,28,男,双肩包,配饰,73,Oregon,L,金色,夏,3.5,否,快递,是,1,现金,每月,青年,30,新客户
1327,40,男,鞋子,鞋履,50,Texas,M,靛蓝色,春,3.8,否,包邮,是,17,现金,每月,成年,30,忠实客户
1328,52,男,大衣,外套,40,Florida,M,绿松石色,冬,2.8,否,标准快递,是,37,现金,每周,中年,7,忠实客户
1329,37,男,毛衣,服装,97,Rhode Island,M,橙色,冬,3.7,否,标准快递,是,40,银行转账,每周,成年,7,忠实客户
1330,70,男,手套,配饰,63,Texas,M,靛蓝色,秋,3.3,否,快递,是,50,PayPal,每三个月,老年,90,忠实客户
1331,30,男,手提包,配饰,65,Vermont,M,炭灰色,秋,2.9,否,标准快递,是,20,PayPal,双周,青年,14,忠实客户
1332,38,男,袜子,服装,91,Maryland,M,薰衣草紫,春,3.2,否,标准快递,是,8,PayPal,双周,成年,14,回头客
1333,66,男,卫衣,服装,60,Alaska,S,金色,春,4.3,否,门店自提,是,16,银行转账,每季,老年,90,忠实客户
1334,29,男,长裤,服装,69,Idaho,M,薰衣草紫,冬,2.7,否,次日达,是,9,银行转账,每季,青年,90,回头客
1335,46,男,大衣,外套,52,West Virginia,S,白色,春,3.8,否,门店自提,是,12,Venmo,每月,中年,30,忠实客户
1336,56,男,靴子,鞋履,49,Nevada,M,薰衣草紫,秋,4.8,否,两日达,是,26,信用卡,每周,中年,7,忠实客户
1337,23,男,运动鞋,鞋履,85,Oregon,M,炭灰色,春,4.8,否,门店自提,是,44,借记卡,每两周,青年,14,忠实客户
1338,37,男,毛衣,服装,86,Tennessee,L,银色,春,3.4,否,快递,是,19,信用卡,双周,成年,14,忠实客户
1339,56,男,手提包,配饰,51,Alabama,S,黄色,冬,2.6,否,标准快递,是,43,PayPal,每两周,中年,14,忠实客户
1340,36,男,腰带,配饰,56,Indiana,L,橄榄绿,冬,5.0,否,次日达,是,5,银行转账,每三个月,成年,90,回头客
1341,40,男,腰带,配饰,72,Idaho,M,桃色,秋,4.4,否,次日达,是,5,借记卡,每三个月,成年,90,回头客
1342,26,男,卫衣,服装,27,Rhode Island,XL,黄色,秋,3.7,否,标准快递,是,31,银行转账,每季,青年,90,忠实客户
1343,57,男,太阳镜,配饰,43,Arizona,XL,黄色,夏,3.4,否,两日达,是,11,银行转账,每月,中年,30,忠实客户
1344,68,男,运动鞋,鞋履,56,Florida,M,靛蓝色,春,3.4,否,标准快递,是,34,银行转账,每月,老年,30,忠实客户
1345,56,男,T恤,服装,37,New York,S,紫罗兰色,秋,4.9,否,次日达,是,14,现金,每年,中年,365,忠实客户
1346,40,男,连衣裙,服装,21,Nebraska,M,白色,秋,3.6,否,标准快递,是,42,Venmo,每周,成年,7,忠实客户
1347,44,男,卫衣,服装,91,Mississippi,L,白色,冬,3.0,否,包邮,是,15,Venmo,双周,成年,14,忠实客户
1348,44,男,毛衣,服装,95,Vermont,M,青色,夏,3.9,否,两日达,是,47,银行转账,每月,成年,30,忠实客户
1349,19,男,腰带,配饰,54,Nebraska,XL,紫色,春,3.2,否,标准快递,是,23,信用卡,每两周,青年,14,忠实客户
1350,21,男,袜子,服装,36,South Carolina,XL,黑色,春,3.2,否,次日达,是,23,现金,双周,青年,14,忠实客户
1351,31,男,太阳镜,配饰,71,Delaware,M,橙色,秋,4.3,否,次日达,是,1,现金,每三个月,青年,90,新客户
1352,30,男,大衣,外套,31,Vermont,L,栗色,夏,2.8,否,两日达,是,28,银行转账,每季,青年,90,忠实客户
1353,65,男,帽子,配饰,89,Indiana,XL,橙色,春,4.5,否,次日达,是,37,信用卡,双周,老年,14,忠实客户
1354,39,男,长裤,服装,83,Oregon,M,青绿色,冬,4.1,否,次日达,是,4,现金,每三个月,成年,90,回头客
1355,64,男,双肩包,配饰,42,Maryland,M,灰色,春,3.6,否,两日达,是,21,银行转账,每季,老年,90,忠实客户
1356,59,男,短裤,服装,91,Florida,M,蓝色,夏,3.0,否,两日达,是,50,PayPal,双周,老年,14,忠实客户
1357,49,男,夹克,外套,61,Indiana,M,青色,春,4.0,否,包邮,是,34,银行转账,每年,中年,365,忠实客户
1358,24,男,双肩包,配饰,66,Texas,S,红色,夏,3.5,否,次日达,是,20,现金,每季,青年,90,忠实客户
1359,19,男,围巾,配饰,22,Nebraska,XL,粉色,春,2.5,否,门店自提,是,25,Venmo,每三个月,青年,90,忠实客户
1360,27,男,卫衣,服装,68,North Carolina,S,青色,冬,4.3,否,门店自提,是,26,银行转账,每两周,青年,14,忠实客户
1361,56,男,半身裙,服装,43,Alabama,L,黑色,秋,2.8,否,快递,是,4,银行转账,每年,中年,365,回头客
1362,49,男,连衣裙,服装,32,Alabama,M,米色,秋,3.7,否,次日达,是,39,借记卡,每月,中年,30,忠实客户
1363,41,男,大衣,外套,46,Colorado,M,灰色,秋,4.3,否,快递,是,29,现金,每周,成年,7,忠实客户
1364,36,男,女式衬衫,服装,90,Wisconsin,L,红色,夏,4.0,否,快递,是,47,PayPal,每季,成年,90,忠实客户
1365,68,男,帽子,配饰,75,Delaware,L,黄色,秋,4.7,否,快递,是,5,现金,每三个月,老年,90,回头客
1366,28,男,手提包,配饰,69,Indiana,M,品红色,冬,4.5,否,门店自提,是,18,银行转账,每两周,青年,14,忠实客户
1367,45,男,腰带,配饰,40,Iowa,M,品红色,秋,3.1,否,包邮,是,10,信用卡,每两周,中年,14,回头客
1368,60,男,腰带,配饰,63,Iowa,S,黑色,秋,3.8,否,快递,是,25,现金,每季,老年,90,忠实客户
1369,21,男,衬衫,服装,36,Wisconsin,L,橙色,夏,4.9,否,快递,是,2,现金,每周,青年,7,回头客
1370,32,男,鞋子,鞋履,75,Iowa,M,绿色,冬,3.2,否,标准快递,是,48,Venmo,每两周,成年,14,忠实客户
1371,27,男,围巾,配饰,67,Montana,L,桃色,夏,3.8,否,两日达,是,41,银行转账,每三个月,青年,90,忠实客户
1372,40,男,长裤,服装,64,Mississippi,M,炭灰色,春,2.8,否,门店自提,是,42,信用卡,每月,成年,30,忠实客户
1373,64,男,女式衬衫,服装,61,Michigan,M,灰色,秋,4.0,否,两日达,是,44,PayPal,双周,老年,14,忠实客户
1374,18,男,手套,配饰,40,Virginia,L,绿松石色,冬,2.6,否,门店自提,是,6,现金,每季,青年,90,回头客
1375,22,男,手提包,配饰,97,New York,M,红色,秋,2.7,否,包邮,是,5,银行转账,每季,青年,90,回头客
1376,42,男,运动鞋,鞋履,31,Maine,L,棕色,春,4.1,否,两日达,是,8,信用卡,每年,成年,365,回头客
1377,57,男,凉鞋,鞋履,65,New Jersey,L,粉色,春,5.0,否,包邮,是,24,PayPal,每年,中年,365,忠实客户
1378,33,男,太阳镜,配饰,54,Maryland,L,橄榄绿,春,3.0,否,次日达,是,42,Venmo,每月,成年,30,忠实客户
1379,37,男,夹克,外套,49,Kentucky,XL,薰衣草紫,秋,3.6,否,包邮,是,24,Venmo,每周,成年,7,忠实客户
1380,21,男,T恤,服装,64,Minnesota,L,紫色,秋,2.8,否,两日达,是,38,Venmo,双周,青年,14,忠实客户
1381,51,男,运动鞋,鞋履,35,Massachusetts,S,米色,冬,4.6,否,标准快递,是,41,现金,每两周,中年,14,忠实客户
1382,30,男,鞋子,鞋履,86,Illinois,L,绿色,冬,2.9,否,标准快递,是,48,Venmo,每季,青年,90,忠实客户
1383,68,男,夹克,外套,55,Michigan,L,棕色,冬,4.8,否,快递,是,16,银行转账,每季,老年,90,忠实客户
1384,36,男,围巾,配饰,58,Wisconsin,M,米色,春,3.3,否,快递,是,4,Venmo,每月,成年,30,回头客
1385,46,男,运动鞋,鞋履,96,Alaska,M,米色,秋,4.6,否,标准快递,是,8,银行转账,每周,中年,7,回头客
1386,41,男,首饰,配饰,64,Mississippi,M,靛蓝色,秋,2.6,否,门店自提,是,1,银行转账,双周,成年,14,新客户
1387,68,男,夹克,外套,56,Oregon,M,银色,秋,4.0,否,次日达,是,4,借记卡,每季,老年,90,回头客
1388,21,男,女式衬衫,服装,85,Maryland,M,金色,冬,3.8,否,标准快递,是,20,信用卡,每月,青年,30,忠实客户
1389,62,男,连衣裙,服装,23,Arkansas,M,薰衣草紫,春,3.9,否,快递,是,40,现金,每季,老年,90,忠实客户
1390,59,男,围巾,配饰,72,Illinois,L,橙色,秋,2.6,否,门店自提,是,8,借记卡,每两周,老年,14,回头客
1391,25,男,帽子,配饰,38,Arkansas,M,栗色,夏,4.3,否,标准快递,是,42,借记卡,每周,青年,7,忠实客户
1392,53,男,女式衬衫,服装,29,Mississippi,S,白色,冬,3.6,否,快递,是,38,信用卡,每年,中年,365,忠实客户
1393,31,男,手套,配饰,46,Arkansas,M,黄色,春,4.2,否,快递,是,34,Venmo,每三个月,青年,90,忠实客户
1394,46,男,手套,配饰,58,Idaho,L,黄色,春,3.9,否,快递,是,14,PayPal,每两周,中年,14,忠实客户
1395,26,男,大衣,外套,43,Iowa,L,品红色,秋,4.7,否,次日达,是,39,现金,每周,青年,7,忠实客户
1396,47,男,围巾,配饰,32,West Virginia,L,绿松石色,春,2.8,否,次日达,是,40,PayPal,双周,中年,14,忠实客户
1397,37,男,长裤,服装,30,Wisconsin,XL,薰衣草紫,冬,3.0,否,次日达,是,49,借记卡,每月,成年,30,忠实客户
1398,55,男,太阳镜,配饰,67,Massachusetts,S,品红色,夏,4.7,否,门店自提,是,33,PayPal,每年,中年,365,忠实客户
1399,30,男,连衣裙,服装,45,Texas,M,青色,夏,2.5,否,包邮,是,25,信用卡,每周,青年,7,忠实客户
1400,19,男,帽子,配饰,81,Nebraska,M,橄榄绿,冬,3.1,否,门店自提,是,48,Venmo,每年,青年,365,忠实客户
1401,36,男,双肩包,配饰,23,Nevada,M,红色,秋,3.6,否,次日达,是,22,信用卡,每三个月,成年,90,忠实客户
1402,23,男,凉鞋,鞋履,59,Indiana,M,蓝色,秋,3.5,否,两日达,是,1,PayPal,每周,青年,7,新客户
1403,62,男,太阳镜,配饰,21,North Dakota,L,白色,夏,3.1,否,快递,是,47,PayPal,每月,老年,30,忠实客户
1404,26,男,双肩包,配饰,20,Georgia,M,桃色,春,3.6,否,门店自提,是,20,信用卡,双周,青年,14,忠实客户
1405,36,男,首饰,配饰,28,New Mexico,M,炭灰色,冬,3.5,否,次日达,是,10,借记卡,每周,成年,7,回头客
1406,33,男,袜子,服装,100,New Hampshire,M,桃色,冬,2.7,否,门店自提,是,39,信用卡,每月,成年,30,忠实客户
1407,32,男,衬衫,服装,46,Washington,L,绿松石色,春,3.6,否,快递,是,15,借记卡,每月,成年,30,忠实客户
1408,56,男,手提包,配饰,61,Nevada,XL,炭灰色,春,4.5,否,快递,是,11,信用卡,每年,中年,365,忠实客户
1409,58,男,女式衬衫,服装,58,Maine,M,黄色,冬,4.1,否,包邮,是,38,Venmo,每周,老年,7,忠实客户
1410,34,男,双肩包,配饰,50,Idaho,M,蓝色,春,4.2,否,标准快递,是,41,现金,每两周,成年,14,忠实客户
1411,61,男,帽子,配饰,93,Tennessee,M,紫色,夏,4.0,否,门店自提,是,18,借记卡,每年,老年,365,忠实客户
1412,48,男,半身裙,服装,24,Louisiana,L,绿色,夏,2.8,否,门店自提,是,13,Venmo,每季,中年,90,忠实客户
1413,25,男,短裤,服装,100,Michigan,M,炭灰色,夏,2.6,否,两日达,是,43,Venmo,每年,青年,365,忠实客户
1414,51,男,女式衬衫,服装,79,New Hampshire,S,靛蓝色,秋,2.7,否,门店自提,是,12,银行转账,每季,中年,90,忠实客户
1415,29,男,袜子,服装,51,Minnesota,M,黑色,夏,4.5,否,门店自提,是,3,信用卡,双周,青年,14,回头客
1416,54,男,腰带,配饰,90,Illinois,M,蓝色,冬,3.7,否,包邮,是,12,信用卡,每三个月,中年,90,忠实客户
1417,48,男,靴子,鞋履,56,Idaho,L,银色,夏,3.4,否,包邮,是,46,现金,每季,中年,90,忠实客户
1418,62,男,短裤,服装,25,Montana,S,棕色,春,4.6,否,标准快递,是,21,借记卡,每两周,老年,14,忠实客户
1419,18,男,衬衫,服装,75,Alabama,M,紫罗兰色,夏,4.1,否,两日达,是,23,Venmo,每三个月,青年,90,忠实客户
1420,43,男,手提包,配饰,75,Montana,M,橙色,夏,2.6,否,包邮,是,4,借记卡,每季,成年,90,回头客
1421,22,男,牛仔裤,服装,53,California,XL,灰色,夏,4.6,否,门店自提,是,45,PayPal,每三个月,青年,90,忠实客户
1422,68,男,连衣裙,服装,100,Pennsylvania,S,金色,春,3.0,否,标准快递,是,24,银行转账,每两周,老年,14,忠实客户
1423,44,男,连衣裙,服装,27,Texas,L,炭灰色,秋,3.4,否,包邮,是,3,PayPal,双周,成年,14,回头客
1424,51,男,凉鞋,鞋履,60,Michigan,S,黑色,秋,3.5,否,包邮,是,12,Venmo,每三个月,中年,90,忠实客户
1425,66,男,夹克,外套,23,Connecticut,S,靛蓝色,秋,3.5,否,标准快递,是,34,银行转账,每三个月,老年,90,忠实客户
1426,59,男,大衣,外套,40,Wyoming,S,白色,冬,3.7,否,次日达,是,39,信用卡,每年,老年,365,忠实客户
1427,60,男,长裤,服装,38,Michigan,M,黄色,夏,4.8,否,包邮,是,35,PayPal,每三个月,老年,90,忠实客户
1428,31,男,双肩包,配饰,90,South Dakota,S,橙色,夏,4.9,否,门店自提,是,8,信用卡,每年,青年,365,回头客
1429,20,男,女式衬衫,服装,97,North Dakota,S,绿色,夏,4.9,否,快递,是,42,PayPal,每季,青年,90,忠实客户
1430,24,男,半身裙,服装,38,Maryland,L,金色,秋,4.7,否,标准快递,是,6,信用卡,每三个月,青年,90,回头客
1431,48,男,凉鞋,鞋履,30,Michigan,S,橙色,夏,4.9,否,包邮,是,3,信用卡,每两周,中年,14,回头客
1432,39,男,长裤,服装,88,South Dakota,M,青色,秋,2.9,否,快递,是,29,Venmo,每季,成年,90,忠实客户
1433,34,男,帽子,配饰,33,Florida,L,黑色,冬,4.4,否,快递,是,32,借记卡,每季,成年,90,忠实客户
1434,70,男,卫衣,服装,60,Minnesota,L,黄色,冬,3.2,否,次日达,是,45,借记卡,每周,老年,7,忠实客户
1435,59,男,毛衣,服装,64,New York,L,栗色,夏,4.6,否,包邮,是,21,借记卡,双周,老年,14,忠实客户
1436,45,男,围巾,配饰,95,Oregon,XL,黑色,秋,4.0,否,标准快递,是,41,现金,每周,中年,7,忠实客户
1437,35,男,运动鞋,鞋履,83,Minnesota,M,灰色,冬,3.7,否,包邮,是,23,PayPal,每两周,成年,14,忠实客户
1438,69,男,靴子,鞋履,97,Montana,XL,橙色,冬,4.2,否,包邮,是,14,现金,每年,老年,365,忠实客户
1439,58,男,大衣,外套,38,Washington,M,青色,春,2.9,否,标准快递,是,24,借记卡,每月,老年,30,忠实客户
1440,25,男,靴子,鞋履,48,New Mexico,M,品红色,夏,4.8,否,次日达,是,25,现金,每两周,青年,14,忠实客户
1441,27,男,凉鞋,鞋履,76,Arizona,M,粉色,春,4.4,否,标准快递,是,13,Venmo,每月,青年,30,忠实客户
1442,34,男,长裤,服装,25,Nebraska,S,绿松石色,夏,3.4,否,包邮,是,3,Venmo,每三个月,成年,90,回头客
1443,53,男,卫衣,服装,92,Idaho,S,紫罗兰色,春,2.8,否,两日达,是,42,信用卡,每年,中年,365,忠实客户
1444,58,男,凉鞋,鞋履,47,Idaho,L,青绿色,秋,4.2,否,次日达,是,2,现金,每月,老年,30,回头客
1445,32,男,毛衣,服装,36,Vermont,L,粉色,秋,3.8,否,快递,是,26,现金,每季,成年,90,忠实客户
1446,64,男,腰带,配饰,51,Arkansas,M,金色,秋,3.1,否,两日达,是,24,信用卡,每年,老年,365,忠实客户
1447,63,男,牛仔裤,服装,35,Wyoming,XL,红色,夏,3.2,否,快递,是,6,信用卡,每季,老年,90,回头客
1448,23,男,卫衣,服装,57,New Mexico,S,米色,夏,3.0,否,次日达,是,25,PayPal,每月,青年,30,忠实客户
1449,64,男,靴子,鞋履,95,West Virginia,M,黑色,夏,3.6,否,包邮,是,11,信用卡,每三个月,老年,90,忠实客户
1450,18,男,袜子,服装,41,New York,L,薰衣草紫,冬,2.5,否,门店自提,是,20,现金,每三个月,青年,90,忠实客户
1451,25,男,连衣裙,服装,44,Illinois,S,青绿色,冬,3.4,否,包邮,是,25,现金,每季,青年,90,忠实客户
1452,54,男,夹克,外套,34,Utah,M,栗色,秋,2.5,否,次日达,是,35,PayPal,每季,中年,90,忠实客户
1453,60,男,夹克,外套,25,Colorado,L,蓝色,春,4.7,否,两日达,是,11,银行转账,每季,老年,90,忠实客户
1454,36,男,靴子,鞋履,93,Virginia,S,青绿色,冬,3.2,否,两日达,是,41,银行转账,每两周,成年,14,忠实客户
1455,66,男,运动鞋,鞋履,50,Georgia,L,栗色,冬,2.9,否,包邮,是,17,信用卡,每年,老年,365,忠实客户
1456,60,男,长裤,服装,79,Alabama,L,银色,秋,4.9,否,快递,是,1,PayPal,每三个月,老年,90,新客户
1457,59,男,大衣,外套,100,Montana,S,橄榄绿,春,2.7,否,门店自提,是,30,PayPal,每三个月,老年,90,忠实客户
1458,58,男,衬衫,服装,57,Pennsylvania,S,灰色,春,4.7,否,快递,是,47,Venmo,每两周,老年,14,忠实客户
1459,35,男,毛衣,服装,28,Missouri,M,桃色,春,2.9,否,两日达,是,34,Venmo,每周,成年,7,忠实客户
1460,20,男,鞋子,鞋履,35,Maine,L,黄色,冬,4.8,否,快递,是,18,Venmo,每两周,青年,14,忠实客户
1461,70,男,靴子,鞋履,85,Pennsylvania,L,紫罗兰色,秋,4.6,否,标准快递,是,33,Venmo,双周,老年,14,忠实客户
1462,54,男,太阳镜,配饰,95,Oregon,S,红色,夏,5.0,否,两日达,是,42,Venmo,每季,中年,90,忠实客户
1463,38,男,运动鞋,鞋履,90,Utah,S,炭灰色,夏,4.8,否,两日达,是,2,Venmo,每季,成年,90,回头客
1464,54,男,首饰,配饰,49,Oklahoma,M,米色,夏,4.9,否,门店自提,是,1,银行转账,每月,中年,30,新客户
1465,33,男,腰带,配饰,92,Montana,M,桃色,冬,4.6,否,两日达,是,23,银行转账,每季,成年,90,忠实客户
1466,46,男,手套,配饰,72,Nebraska,XL,紫罗兰色,冬,3.9,否,门店自提,是,42,现金,双周,中年,14,忠实客户
1467,58,男,短裤,服装,71,Alabama,M,绿色,夏,4.5,否,门店自提,是,3,PayPal,每年,老年,365,回头客
1468,30,男,首饰,配饰,27,Ohio,XL,橄榄绿,冬,4.7,否,门店自提,是,16,借记卡,每两周,青年,14,忠实客户
1469,42,男,手套,配饰,39,Arkansas,S,银色,秋,3.9,否,快递,是,46,现金,每两周,成年,14,忠实客户
1470,28,男,首饰,配饰,98,Mississippi,M,紫色,冬,4.4,否,标准快递,是,31,PayPal,每三个月,青年,90,忠实客户
1471,43,男,凉鞋,鞋履,27,California,M,银色,春,3.9,否,次日达,是,15,现金,每三个月,成年,90,忠实客户
1472,31,男,首饰,配饰,71,Alaska,S,灰色,春,2.8,否,两日达,是,48,Venmo,每三个月,青年,90,忠实客户
1473,39,男,帽子,配饰,24,Indiana,L,绿松石色,春,3.5,否,门店自提,是,11,现金,每周,成年,7,忠实客户
1474,69,男,短裤,服装,63,Wisconsin,M,紫罗兰色,秋,4.3,否,快递,是,20,信用卡,每三个月,老年,90,忠实客户
1475,31,男,毛衣,服装,72,New Jersey,S,粉色,秋,3.9,否,次日达,是,6,信用卡,每月,青年,30,回头客
1476,44,男,女式衬衫,服装,61,Rhode Island,M,青绿色,春,4.0,否,快递,是,24,现金,每月,成年,30,忠实客户
1477,39,男,帽子,配饰,56,Wyoming,M,品红色,秋,4.1,否,次日达,是,18,信用卡,每月,成年,30,忠实客户
1478,24,男,腰带,配饰,32,Oregon,XL,银色,夏,4.3,否,标准快递,是,1,PayPal,每三个月,青年,90,新客户
1479,28,男,手套,配饰,23,Washington,M,蓝色,夏,4.2,否,包邮,是,13,Venmo,双周,青年,14,忠实客户
1480,48,男,大衣,外套,100,Washington,L,黑色,春,4.0,否,标准快递,是,2,银行转账,每周,中年,7,回头客
1481,39,男,首饰,配饰,74,New Hampshire,M,金色,秋,3.6,否,快递,是,26,现金,每季,成年,90,忠实客户
1482,64,男,半身裙,服装,33,Maryland,S,灰色,春,3.3,否,标准快递,是,31,PayPal,每季,老年,90,忠实客户
1483,28,男,手套,配饰,67,Wisconsin,S,品红色,春,4.1,否,两日达,是,43,银行转账,每周,青年,7,忠实客户
1484,39,男,首饰,配饰,61,Massachusetts,S,黄色,夏,4.7,否,次日达,是,12,借记卡,双周,成年,14,忠实客户
1485,49,男,短裤,服装,46,Nebraska,M,青绿色,夏,4.4,否,门店自提,是,22,Venmo,每三个月,中年,90,忠实客户
1486,22,男,手套,配饰,56,Nebraska,L,红色,春,3.4,否,标准快递,是,3,现金,每两周,青年,14,回头客
1487,25,男,运动鞋,鞋履,73,Idaho,S,黄色,春,5.0,否,包邮,是,23,Venmo,每三个月,青年,90,忠实客户
1488,40,男,半身裙,服装,44,Arizona,L,黑色,夏,4.6,否,门店自提,是,26,PayPal,每年,成年,365,忠实客户
1489,23,男,帽子,配饰,44,Hawaii,L,粉色,冬,4.0,否,标准快递,是,37,信用卡,每周,青年,7,忠实客户
1490,24,男,首饰,配饰,26,Missouri,XL,品红色,夏,4.1,否,次日达,是,42,Venmo,每季,青年,90,忠实客户
1491,66,男,运动鞋,鞋履,52,Louisiana,L,橄榄绿,春,4.9,否,快递,是,15,Venmo,双周,老年,14,忠实客户
1492,27,男,衬衫,服装,54,Arkansas,S,黑色,夏,2.7,否,包邮,是,10,银行转账,每季,青年,90,回头客
1493,62,男,夹克,外套,38,North Carolina,M,栗色,夏,4.5,否,包邮,是,3,Venmo,每季,老年,90,回头客
1494,70,男,腰带,配饰,44,North Dakota,S,金色,秋,2.7,否,标准快递,是,44,信用卡,每季,老年,90,忠实客户
1495,43,男,T恤,服装,76,Montana,M,灰色,春,3.0,否,次日达,是,23,银行转账,每两周,成年,14,忠实客户
1496,45,男,首饰,配饰,23,Rhode Island,M,棕色,冬,4.5,否,次日达,是,6,PayPal,每周,中年,7,回头客
1497,63,男,T恤,服装,98,Idaho,M,紫色,冬,5.0,否,标准快递,是,9,Venmo,双周,老年,14,回头客
1498,69,男,夹克,外套,33,Michigan,S,品红色,春,3.8,否,两日达,是,16,借记卡,每三个月,老年,90,忠实客户
1499,59,男,毛衣,服装,32,Illinois,M,青绿色,夏,3.1,否,标准快递,是,46,Venmo,每两周,老年,14,忠实客户
1500,19,男,靴子,鞋履,85,Georgia,S,橄榄绿,秋,3.4,否,包邮,是,24,信用卡,每三个月,青年,90,忠实客户
1501,63,男,牛仔裤,服装,69,Alabama,L,栗色,夏,4.8,否,次日达,是,22,借记卡,每月,老年,30,忠实客户
1502,37,男,牛仔裤,服装,55,Alaska,XL,银色,春,2.7,否,标准快递,是,13,借记卡,每三个月,成年,90,忠实客户
1503,37,男,长裤,服装,66,Massachusetts,M,黑色,夏,3.2,否,门店自提,是,20,现金,每两周,成年,14,忠实客户
1504,50,男,夹克,外套,30,Michigan,M,栗色,秋,3.9,否,两日达,是,46,现金,每季,中年,90,忠实客户
1505,60,男,夹克,外套,80,Alaska,M,青绿色,冬,4.2,否,次日达,是,10,银行转账,每月,老年,30,回头客
1506,46,男,腰带,配饰,20,North Dakota,M,青绿色,夏,3.0,否,快递,是,39,现金,每月,中年,30,忠实客户
1507,35,男,衬衫,服装,30,South Carolina,L,米色,秋,3.0,否,两日达,是,44,PayPal,每季,成年,90,忠实客户
1508,66,男,连衣裙,服装,86,Pennsylvania,S,栗色,冬,3.7,否,两日达,是,7,Venmo,每年,老年,365,回头客
1509,35,男,女式衬衫,服装,84,Colorado,L,米色,春,4.4,否,门店自提,是,3,现金,每三个月,成年,90,回头客
1510,20,男,连衣裙,服装,54,New Hampshire,XL,白色,夏,4.6,否,包邮,是,44,借记卡,每年,青年,365,忠实客户
1511,55,男,女式衬衫,服装,30,Maryland,XL,灰色,秋,3.0,否,包邮,是,31,Venmo,每年,中年,365,忠实客户
1512,34,男,连衣裙,服装,91,Georgia,M,紫罗兰色,冬,3.6,否,快递,是,48,信用卡,每周,成年,7,忠实客户
1513,60,男,运动鞋,鞋履,23,Wisconsin,L,银色,冬,3.9,否,标准快递,是,18,PayPal,双周,老年,14,忠实客户
1514,22,男,袜子,服装,35,Texas,M,红色,春,4.1,否,包邮,是,27,现金,每月,青年,30,忠实客户
1515,26,男,鞋子,鞋履,90,Utah,L,棕色,冬,3.9,否,两日达,是,1,Venmo,每周,青年,7,新客户
1516,39,男,牛仔裤,服装,93,Indiana,S,绿松石色,秋,3.9,否,两日达,是,34,现金,每周,成年,7,忠实客户
1517,20,男,牛仔裤,服装,68,Nevada,L,靛蓝色,冬,4.5,否,快递,是,5,银行转账,双周,青年,14,回头客
1518,57,男,手套,配饰,41,New Hampshire,M,紫罗兰色,春,3.4,否,标准快递,是,12,现金,每季,中年,90,忠实客户
1519,68,男,腰带,配饰,73,New York,M,黄色,冬,4.1,否,次日达,是,14,Venmo,每两周,老年,14,忠实客户
1520,50,男,太阳镜,配饰,73,Texas,L,青色,秋,4.9,否,次日达,是,40,PayPal,每周,中年,7,忠实客户
1521,21,男,帽子,配饰,66,Iowa,M,棕色,夏,4.4,否,两日达,是,39,现金,每季,青年,90,忠实客户
1522,29,男,双肩包,配饰,59,Washington,M,白色,夏,2.7,否,两日达,是,50,银行转账,每周,青年,7,忠实客户
1523,38,男,短裤,服装,72,Tennessee,L,黄色,春,4.8,否,包邮,是,5,借记卡,每月,成年,30,回头客
1524,54,男,袜子,服装,88,Georgia,M,白色,夏,3.3,否,两日达,是,35,借记卡,每年,中年,365,忠实客户
1525,22,男,袜子,服装,76,Massachusetts,L,粉色,夏,4.4,否,包邮,是,6,现金,双周,青年,14,回头客
1526,29,男,腰带,配饰,31,Oregon,M,靛蓝色,冬,4.6,否,两日达,是,22,现金,每两周,青年,14,忠实客户
1527,41,男,夹克,外套,22,Oklahoma,L,白色,夏,3.1,否,次日达,是,27,PayPal,每月,成年,30,忠实客户
1528,26,男,帽子,配饰,75,Wisconsin,L,红色,秋,4.5,否,两日达,是,33,借记卡,每两周,青年,14,忠实客户
1529,69,男,T恤,服装,75,Oregon,S,红色,春,4.0,否,门店自提,是,47,Venmo,双周,老年,14,忠实客户
1530,20,男,双肩包,配饰,63,Georgia,M,薰衣草紫,冬,3.1,否,包邮,是,48,信用卡,双周,青年,14,忠实客户
1531,59,男,大衣,外套,21,New Mexico,M,青绿色,春,3.9,否,次日达,是,22,银行转账,每季,老年,90,忠实客户
1532,63,男,双肩包,配饰,83,Mississippi,S,紫罗兰色,春,4.5,否,次日达,是,8,PayPal,双周,老年,14,回头客
1533,68,男,夹克,外套,46,Wisconsin,S,银色,冬,4.4,否,次日达,是,5,PayPal,每三个月,老年,90,回头客
1534,50,男,鞋子,鞋履,59,New Hampshire,M,金色,夏,3.6,否,两日达,是,16,银行转账,每季,中年,90,忠实客户
1535,55,男,女式衬衫,服装,66,Wyoming,M,绿色,夏,3.4,否,包邮,是,26,Venmo,每两周,中年,14,忠实客户
1536,36,男,凉鞋,鞋履,74,West Virginia,S,绿松石色,秋,4.0,否,两日达,是,8,Venmo,每月,成年,30,回头客
1537,18,男,太阳镜,配饰,82,Michigan,M,靛蓝色,夏,2.6,否,门店自提,是,17,现金,每季,青年,90,忠实客户
1538,68,男,鞋子,鞋履,89,Alaska,L,黑色,春,3.2,否,次日达,是,50,Venmo,每年,老年,365,忠实客户
1539,56,男,连衣裙,服装,65,Illinois,L,炭灰色,秋,3.2,否,标准快递,是,22,Venmo,双周,中年,14,忠实客户
1540,32,男,腰带,配饰,55,Hawaii,M,绿松石色,春,5.0,否,两日达,是,19,现金,每三个月,成年,90,忠实客户
1541,28,男,短裤,服装,95,Colorado,M,红色,冬,2.9,否,次日达,是,14,银行转账,每月,青年,30,忠实客户
1542,24,男,手提包,配饰,77,Illinois,S,靛蓝色,冬,2.9,否,门店自提,是,35,现金,双周,青年,14,忠实客户
1543,59,男,女式衬衫,服装,44,Hawaii,M,栗色,冬,3.5,否,次日达,是,43,PayPal,每周,老年,7,忠实客户
1544,56,男,牛仔裤,服装,89,Wisconsin,M,靛蓝色,秋,4.0,否,标准快递,是,24,Venmo,每年,中年,365,忠实客户
1545,30,男,首饰,配饰,24,Arkansas,M,栗色,春,3.9,否,标准快递,是,17,借记卡,双周,青年,14,忠实客户
1546,48,男,腰带,配饰,43,Delaware,M,黑色,冬,4.9,否,门店自提,是,49,银行转账,每年,中年,365,忠实客户
1547,60,男,运动鞋,鞋履,51,Oregon,XL,紫色,夏,3.8,否,快递,是,17,银行转账,每年,老年,365,忠实客户
1548,46,男,帽子,配饰,46,South Carolina,L,青绿色,夏,3.5,否,标准快递,是,40,现金,每季,中年,90,忠实客户
1549,69,男,连衣裙,服装,32,Maryland,M,银色,夏,3.7,否,门店自提,是,43,银行转账,每周,老年,7,忠实客户
1550,19,男,运动鞋,鞋履,55,Kansas,M,黑色,春,2.9,否,两日达,是,19,借记卡,每三个月,青年,90,忠实客户
1551,66,男,太阳镜,配饰,26,Arkansas,S,黑色,夏,2.8,否,包邮,是,40,银行转账,每季,老年,90,忠实客户
1552,64,男,手提包,配饰,29,Minnesota,M,橄榄绿,夏,3.7,否,两日达,是,13,信用卡,每月,老年,30,忠实客户
1553,54,男,女式衬衫,服装,49,New Mexico,L,紫色,春,3.0,否,快递,是,20,信用卡,每月,中年,30,忠实客户
1554,27,男,女式衬衫,服装,45,Delaware,M,靛蓝色,春,4.8,否,包邮,是,21,借记卡,每季,青年,90,忠实客户
1555,64,男,短裤,服装,48,Utah,S,薰衣草紫,冬,2.7,否,标准快递,是,18,现金,双周,老年,14,忠实客户
1556,43,男,短裤,服装,47,Ohio,S,青色,冬,4.5,否,包邮,是,44,现金,每季,成年,90,忠实客户
1557,43,男,卫衣,服装,57,Alabama,M,金色,秋,2.7,否,标准快递,是,26,信用卡,每季,成年,90,忠实客户
1558,27,男,双肩包,配饰,34,South Dakota,L,品红色,秋,3.5,否,次日达,是,34,PayPal,每季,青年,90,忠实客户
1559,35,男,太阳镜,配饰,75,New Mexico,XL,青绿色,秋,3.5,否,快递,是,24,信用卡,每三个月,成年,90,忠实客户
1560,43,男,围巾,配饰,94,Oregon,L,米色,秋,4.5,否,门店自提,是,23,PayPal,每两周,成年,14,忠实客户
1561,57,男,帽子,配饰,84,Oregon,M,青绿色,冬,3.8,否,包邮,是,3,借记卡,每周,中年,7,回头客
1562,50,男,围巾,配饰,38,Mississippi,M,靛蓝色,夏,3.8,否,标准快递,是,2,银行转账,每季,中年,90,回头客
1563,37,男,围巾,配饰,75,Alabama,M,紫色,冬,3.2,否,次日达,是,23,Venmo,双周,成年,14,忠实客户
1564,68,男,长裤,服装,44,Kansas,M,青绿色,秋,4.3,否,次日达,是,8,现金,每周,老年,7,回头客
1565,22,男,双肩包,配饰,33,California,XL,绿松石色,夏,4.5,否,次日达,是,30,借记卡,每三个月,青年,90,忠实客户
1566,58,男,太阳镜,配饰,93,Idaho,L,桃色,秋,4.2,否,包邮,是,48,PayPal,每年,老年,365,忠实客户
1567,48,男,运动鞋,鞋履,99,Wyoming,S,绿色,冬,3.0,否,包邮,是,21,现金,双周,中年,14,忠实客户
1568,30,男,双肩包,配饰,33,Minnesota,M,绿松石色,春,4.1,否,标准快递,是,9,现金,每月,青年,30,回头客
1569,51,男,运动鞋,鞋履,76,Washington,L,黄色,春,4.6,否,门店自提,是,8,借记卡,每月,中年,30,回头客
1570,20,男,半身裙,服装,63,Hawaii,M,橙色,夏,2.9,否,标准快递,是,29,借记卡,每周,青年,7,忠实客户
1571,30,男,长裤,服装,41,Missouri,L,棕色,冬,4.8,否,次日达,是,3,银行转账,每三个月,青年,90,回头客
1572,28,男,首饰,配饰,88,Colorado,L,银色,冬,4.5,否,次日达,是,11,银行转账,每两周,青年,14,忠实客户
1573,37,男,半身裙,服装,92,Washington,L,白色,夏,3.4,否,两日达,是,16,借记卡,每月,成年,30,忠实客户
1574,36,男,T恤,服装,31,North Dakota,L,靛蓝色,夏,4.3,否,两日达,是,25,借记卡,每周,成年,7,忠实客户
1575,18,男,半身裙,服装,25,Minnesota,S,品红色,春,4.2,否,包邮,是,32,PayPal,双周,青年,14,忠实客户
1576,52,男,衬衫,服装,28,California,M,绿松石色,春,3.6,否,次日达,是,28,现金,每两周,中年,14,忠实客户
1577,56,男,连衣裙,服装,75,Michigan,M,白色,春,3.7,否,两日达,是,36,PayPal,每月,中年,30,忠实客户
1578,68,男,靴子,鞋履,34,Delaware,S,橄榄绿,春,4.0,否,标准快递,是,7,Venmo,每两周,老年,14,回头客
1579,62,男,长裤,服装,97,California,S,栗色,冬,4.9,否,两日达,是,2,PayPal,每季,老年,90,回头客
1580,35,男,夹克,外套,80,Oklahoma,M,紫罗兰色,夏,3.1,否,包邮,是,6,银行转账,每月,成年,30,回头客
1581,65,男,运动鞋,鞋履,71,North Dakota,L,青色,夏,3.7,否,标准快递,是,30,现金,每年,老年,365,忠实客户
1582,69,男,首饰,配饰,77,Ohio,L,青绿色,秋,4.2,否,包邮,是,46,现金,每季,老年,90,忠实客户
1583,28,男,腰带,配饰,41,Hawaii,L,红色,春,2.5,否,次日达,是,39,现金,每月,青年,30,忠实客户
1584,37,男,围巾,配饰,92,Maryland,XL,黄色,夏,4.3,否,次日达,是,8,Venmo,每年,成年,365,回头客
1585,41,男,女式衬衫,服装,95,Hawaii,S,银色,春,3.1,否,门店自提,是,46,信用卡,每季,成年,90,忠实客户
1586,37,男,毛衣,服装,25,Alabama,M,炭灰色,秋,3.0,否,次日达,是,40,借记卡,每两周,成年,14,忠实客户
1587,25,男,靴子,鞋履,77,Oklahoma,M,紫色,秋,4.0,否,快递,是,21,银行转账,每周,青年,7,忠实客户
1588,41,男,袜子,服装,99,Alabama,M,米色,夏,3.5,否,包邮,是,33,信用卡,每两周,成年,14,忠实客户
1589,48,男,腰带,配饰,24,Vermont,L,青色,冬,3.2,否,次日达,是,3,Venmo,每月,中年,30,回头客
1590,42,男,运动鞋,鞋履,72,Ohio,M,银色,夏,2.7,否,门店自提,是,48,现金,每周,成年,7,忠实客户
1591,54,男,牛仔裤,服装,80,Wisconsin,S,粉色,冬,3.0,否,包邮,是,8,PayPal,每年,中年,365,回头客
1592,18,男,半身裙,服装,100,South Dakota,L,金色,冬,2.9,否,次日达,是,24,PayPal,每年,青年,365,忠实客户
1593,56,男,鞋子,鞋履,83,Iowa,M,青色,夏,3.3,否,包邮,是,10,银行转账,每三个月,中年,90,回头客
1594,61,男,连衣裙,服装,95,Maryland,M,黑色,春,4.9,否,两日达,是,25,银行转账,每月,老年,30,忠实客户
1595,40,男,手提包,配饰,41,Colorado,XL,炭灰色,夏,3.7,否,门店自提,是,3,现金,每两周,成年,14,回头客
1596,34,男,双肩包,配饰,35,Wisconsin,S,品红色,春,3.5,否,标准快递,是,45,借记卡,每两周,成年,14,忠实客户
1597,42,男,首饰,配饰,30,Mississippi,S,粉色,秋,4.7,否,门店自提,是,15,借记卡,每月,成年,30,忠实客户
1598,43,男,帽子,配饰,21,Mississippi,XL,栗色,冬,2.6,否,门店自提,是,34,银行转账,每季,成年,90,忠实客户
1599,47,男,首饰,配饰,85,California,M,青绿色,秋,4.1,否,快递,是,21,Venmo,双周,中年,14,忠实客户
1600,48,男,衬衫,服装,54,Delaware,M,橙色,冬,2.8,否,两日达,是,22,借记卡,双周,中年,14,忠实客户
1601,20,男,靴子,鞋履,26,Montana,S,黄色,春,4.7,否,次日达,是,24,PayPal,每周,青年,7,忠实客户
1602,65,男,衬衫,服装,59,Indiana,XL,红色,春,2.9,否,门店自提,是,33,信用卡,每月,老年,30,忠实客户
1603,54,男,太阳镜,配饰,48,West Virginia,S,炭灰色,冬,2.8,否,包邮,是,13,Venmo,每两周,中年,14,忠实客户
1604,23,男,短裤,服装,98,Iowa,L,黑色,夏,4.3,否,次日达,是,17,借记卡,双周,青年,14,忠实客户
1605,18,男,毛衣,服装,92,Maine,M,白色,夏,4.8,否,两日达,是,25,信用卡,每三个月,青年,90,忠实客户
1606,70,男,腰带,配饰,46,Connecticut,M,薰衣草紫,冬,3.4,否,次日达,是,15,信用卡,双周,老年,14,忠实客户
1607,55,男,T恤,服装,21,Kansas,S,白色,春,4.3,否,标准快递,是,4,PayPal,每两周,中年,14,回头客
1608,49,男,短裤,服装,72,Vermont,S,灰色,秋,2.7,否,包邮,是,43,借记卡,每季,中年,90,忠实客户
1609,26,男,凉鞋,鞋履,58,Nebraska,XL,青色,秋,4.6,否,次日达,是,12,银行转账,双周,青年,14,忠实客户
1610,33,男,衬衫,服装,93,Nevada,S,棕色,秋,4.1,否,标准快递,是,3,Venmo,每月,成年,30,回头客
1611,20,男,袜子,服装,31,Tennessee,L,紫色,春,3.4,否,两日达,是,1,PayPal,每年,青年,365,新客户
1612,41,男,长裤,服装,26,Arkansas,L,黄色,冬,4.5,否,次日达,是,6,借记卡,每月,成年,30,回头客
1613,18,男,半身裙,服装,68,Wisconsin,M,靛蓝色,夏,4.4,否,标准快递,是,26,Venmo,每月,青年,30,忠实客户
1614,26,男,首饰,配饰,31,Illinois,S,黑色,夏,4.0,否,次日达,是,6,信用卡,每两周,青年,14,回头客
1615,30,男,T恤,服装,41,Kansas,S,灰色,夏,3.4,否,包邮,是,22,现金,双周,青年,14,忠实客户
1616,64,男,首饰,配饰,62,New York,M,靛蓝色,秋,3.2,否,标准快递,是,45,现金,双周,老年,14,忠实客户
1617,26,男,帽子,配饰,41,Colorado,M,绿色,春,3.4,否,标准快递,是,50,现金,每季,青年,90,忠实客户
1618,43,男,女式衬衫,服装,64,Wisconsin,M,桃色,冬,4.3,否,标准快递,是,50,信用卡,每两周,成年,14,忠实客户
1619,63,男,凉鞋,鞋履,72,Michigan,L,紫色,夏,5.0,否,标准快递,是,39,借记卡,每季,老年,90,忠实客户
1620,57,男,手提包,配饰,78,Hawaii,L,米色,冬,3.5,否,门店自提,是,50,Venmo,双周,中年,14,忠实客户
1621,25,男,帽子,配饰,47,Virginia,M,炭灰色,冬,3.1,否,两日达,是,27,PayPal,每三个月,青年,90,忠实客户
1622,68,男,围巾,配饰,46,Ohio,L,灰色,夏,3.9,否,两日达,是,38,借记卡,每两周,老年,14,忠实客户
1623,31,男,短裤,服装,43,Missouri,S,棕色,冬,4.0,否,门店自提,是,37,银行转账,每三个月,青年,90,忠实客户
1624,64,男,双肩包,配饰,58,Indiana,M,青色,夏,3.5,否,次日达,是,50,借记卡,每年,老年,365,忠实客户
1625,38,男,毛衣,服装,32,Florida,M,白色,冬,3.6,否,包邮,是,40,PayPal,每三个月,成年,90,忠实客户
1626,34,男,半身裙,服装,45,Minnesota,L,米色,冬,3.0,否,次日达,是,3,PayPal,双周,成年,14,回头客
1627,32,男,运动鞋,鞋履,35,Nevada,L,橙色,夏,2.6,否,次日达,是,45,信用卡,双周,成年,14,忠实客户
1628,69,男,太阳镜,配饰,21,Maine,M,橄榄绿,冬,2.9,否,次日达,是,8,信用卡,每年,老年,365,回头客
1629,45,男,连衣裙,服装,64,Massachusetts,S,青绿色,冬,3.1,否,次日达,是,7,现金,每月,中年,30,回头客
1630,35,男,女式衬衫,服装,88,North Dakota,S,银色,春,3.3,否,次日达,是,13,Venmo,每季,成年,90,忠实客户
1631,63,男,鞋子,鞋履,48,New Jersey,M,金色,夏,2.9,否,门店自提,是,29,Venmo,每三个月,老年,90,忠实客户
1632,65,男,毛衣,服装,36,Indiana,L,紫罗兰色,夏,3.9,否,两日达,是,7,银行转账,每两周,老年,14,回头客
1633,35,男,手套,配饰,28,Oregon,S,白色,夏,4.7,否,两日达,是,50,借记卡,每三个月,成年,90,忠实客户
1634,54,男,袜子,服装,80,North Dakota,M,桃色,春,4.4,否,两日达,是,33,借记卡,双周,中年,14,忠实客户
1635,28,男,大衣,外套,23,South Carolina,S,橙色,夏,3.6,否,门店自提,是,30,现金,每三个月,青年,90,忠实客户
1636,68,男,太阳镜,配饰,24,North Carolina,L,紫罗兰色,夏,3.2,否,标准快递,是,40,现金,每年,老年,365,忠实客户
1637,58,男,靴子,鞋履,22,North Dakota,L,绿色,秋,4.0,否,包邮,是,49,现金,每两周,老年,14,忠实客户
1638,35,男,连衣裙,服装,21,Massachusetts,M,桃色,春,3.5,否,次日达,是,32,Venmo,每两周,成年,14,忠实客户
1639,68,男,夹克,外套,51,Tennessee,M,黑色,春,4.6,否,包邮,是,18,Venmo,每周,老年,7,忠实客户
1640,41,男,手套,配饰,65,Missouri,L,蓝色,夏,3.3,否,包邮,是,50,PayPal,每年,成年,365,忠实客户
1641,65,男,围巾,配饰,51,Tennessee,S,品红色,春,4.0,否,两日达,是,13,PayPal,每周,老年,7,忠实客户
1642,50,男,卫衣,服装,32,Colorado,L,紫罗兰色,夏,3.4,否,包邮,是,1,银行转账,每三个月,中年,90,新客户
1643,18,男,大衣,外套,70,Mississippi,M,米色,春,4.2,否,门店自提,是,16,PayPal,每两周,青年,14,忠实客户
1644,38,男,围巾,配饰,77,Ohio,L,粉色,夏,3.9,否,两日达,是,6,PayPal,每月,成年,30,回头客
1645,68,男,大衣,外套,90,North Carolina,S,米色,夏,3.9,否,次日达,是,21,借记卡,每月,老年,30,忠实客户
1646,53,男,围巾,配饰,36,Ohio,L,绿色,夏,2.8,否,标准快递,是,36,Venmo,每三个月,中年,90,忠实客户
1647,58,男,手提包,配饰,77,Nebraska,S,银色,夏,3.7,否,标准快递,是,20,银行转账,每三个月,老年,90,忠实客户
1648,34,男,靴子,鞋履,78,Hawaii,M,紫色,夏,4.9,否,门店自提,是,8,借记卡,每季,成年,90,回头客
1649,36,男,长裤,服装,69,Oklahoma,M,灰色,夏,2.6,否,快递,是,22,信用卡,每月,成年,30,忠实客户
1650,58,男,T恤,服装,63,Wisconsin,M,白色,夏,4.9,否,包邮,是,3,信用卡,每季,老年,90,回头客
1651,60,男,围巾,配饰,36,Arkansas,M,银色,冬,3.4,否,次日达,是,46,信用卡,每两周,老年,14,忠实客户
1652,59,男,大衣,外套,80,Texas,M,蓝色,冬,3.9,否,标准快递,是,42,借记卡,每月,老年,30,忠实客户
1653,65,男,毛衣,服装,35,New Mexico,M,橙色,夏,4.0,否,次日达,是,1,银行转账,每两周,老年,14,新客户
1654,31,男,腰带,配饰,93,Colorado,L,银色,冬,3.0,否,两日达,是,29,借记卡,双周,青年,14,忠实客户
1655,43,男,腰带,配饰,25,Indiana,L,灰色,春,2.6,否,门店自提,是,14,信用卡,每季,成年,90,忠实客户
1656,37,男,毛衣,服装,81,Arizona,L,金色,春,3.2,否,次日达,是,4,PayPal,每月,成年,30,回头客
1657,21,男,女式衬衫,服装,42,Indiana,L,棕色,春,2.6,否,两日达,是,41,PayPal,每三个月,青年,90,忠实客户
1658,69,男,半身裙,服装,36,Indiana,L,绿松石色,春,3.2,否,门店自提,是,4,借记卡,双周,老年,14,回头客
1659,32,男,首饰,配饰,66,Alaska,S,粉色,春,4.1,否,门店自提,是,47,现金,每周,成年,7,忠实客户
1660,53,男,手套,配饰,37,Utah,M,黑色,秋,3.9,否,次日达,是,44,Venmo,每年,中年,365,忠实客户
1661,59,男,T恤,服装,45,Louisiana,L,黄色,冬,4.1,否,标准快递,是,37,Venmo,每月,老年,30,忠实客户
1662,64,男,手套,配饰,86,Iowa,S,米色,夏,2.7,否,两日达,是,21,借记卡,每季,老年,90,忠实客户
1663,63,男,太阳镜,配饰,24,New Mexico,M,橄榄绿,冬,4.6,否,包邮,是,46,借记卡,每两周,老年,14,忠实客户
1664,43,男,衬衫,服装,22,Maine,XL,金色,夏,3.5,否,标准快递,是,1,现金,双周,成年,14,新客户
1665,19,男,手提包,配饰,53,Minnesota,M,紫色,春,5.0,否,次日达,是,35,PayPal,每周,青年,7,忠实客户
1666,40,男,夹克,外套,41,New Mexico,L,粉色,秋,3.4,否,次日达,是,49,Venmo,每月,成年,30,忠实客户
1667,51,男,半身裙,服装,64,Arkansas,M,蓝色,夏,3.1,否,门店自提,是,47,PayPal,每年,中年,365,忠实客户
1668,51,男,手提包,配饰,40,Oklahoma,L,棕色,冬,3.4,否,两日达,是,24,银行转账,每三个月,中年,90,忠实客户
1669,66,男,女式衬衫,服装,33,Utah,L,炭灰色,夏,4.0,否,标准快递,是,28,借记卡,每两周,老年,14,忠实客户
1670,42,男,T恤,服装,59,Wisconsin,L,栗色,冬,2.7,否,门店自提,是,22,银行转账,每季,成年,90,忠实客户
1671,22,男,长裤,服装,73,Utah,L,青色,秋,3.6,否,包邮,是,20,现金,每周,青年,7,忠实客户
1672,31,男,卫衣,服装,22,Utah,M,橄榄绿,冬,4.0,否,包邮,是,25,银行转账,每周,青年,7,忠实客户
1673,18,男,靴子,鞋履,73,South Carolina,L,金色,秋,3.8,否,包邮,是,15,Venmo,每季,青年,90,忠实客户
1674,21,男,女式衬衫,服装,62,Hawaii,M,紫罗兰色,秋,3.4,否,次日达,是,49,Venmo,双周,青年,14,忠实客户
1675,35,男,大衣,外套,56,Alaska,M,桃色,冬,3.2,否,包邮,是,10,借记卡,每两周,成年,14,回头客
1676,35,男,长裤,服装,90,Colorado,M,米色,春,4.7,否,次日达,是,21,信用卡,每年,成年,365,忠实客户
1677,27,男,太阳镜,配饰,44,West Virginia,M,青色,冬,3.1,否,次日达,是,34,银行转账,每周,青年,7,忠实客户
1678,65,男,牛仔裤,服装,35,Oregon,L,银色,夏,3.3,否,次日达,否,41,借记卡,每周,老年,7,忠实客户
1679,41,男,长裤,服装,71,Ohio,S,品红色,夏,4.8,否,两日达,否,30,Venmo,每两周,成年,14,忠实客户
1680,60,男,连衣裙,服装,52,Massachusetts,S,黑色,秋,4.5,否,次日达,否,24,借记卡,双周,老年,14,忠实客户
1681,61,男,鞋子,鞋履,37,Louisiana,M,橄榄绿,夏,3.4,否,门店自提,否,6,信用卡,每年,老年,365,回头客
1682,24,男,运动鞋,鞋履,95,Virginia,L,绿色,冬,3.7,否,两日达,否,14,信用卡,双周,青年,14,忠实客户
1683,65,男,袜子,服装,97,New York,M,黄色,秋,4.9,否,两日达,否,37,信用卡,双周,老年,14,忠实客户
1684,23,男,大衣,外套,57,Arkansas,S,薰衣草紫,春,3.5,否,次日达,否,37,Venmo,每季,青年,90,忠实客户
1685,30,男,衬衫,服装,93,New Mexico,M,靛蓝色,春,4.6,否,标准快递,否,28,PayPal,每周,青年,7,忠实客户
1686,33,男,女式衬衫,服装,48,Minnesota,M,粉色,冬,4.6,否,标准快递,否,43,PayPal,双周,成年,14,忠实客户
1687,22,男,手套,配饰,75,Illinois,L,红色,秋,4.2,否,门店自提,否,25,现金,每年,青年,365,忠实客户
1688,67,男,半身裙,服装,70,Georgia,S,品红色,冬,3.7,否,包邮,否,4,PayPal,每年,老年,365,回头客
1689,28,男,手提包,配饰,26,Mississippi,S,桃色,冬,3.0,否,次日达,否,13,Venmo,每两周,青年,14,忠实客户
1690,32,男,衬衫,服装,73,North Carolina,L,绿松石色,冬,4.6,否,门店自提,否,32,银行转账,每月,成年,30,忠实客户
1691,40,男,大衣,外套,30,Nevada,M,黑色,夏,3.2,否,包邮,否,1,现金,每年,成年,365,新客户
1692,64,男,鞋子,鞋履,61,Connecticut,L,蓝色,夏,3.5,否,次日达,否,4,现金,每年,老年,365,回头客
1693,56,男,手提包,配饰,75,Utah,M,米色,冬,2.6,否,标准快递,否,33,现金,双周,中年,14,忠实客户
1694,63,男,夹克,外套,88,Tennessee,XL,橄榄绿,秋,4.9,否,标准快递,否,45,银行转账,每两周,老年,14,忠实客户
1695,20,男,衬衫,服装,67,Mississippi,M,绿松石色,夏,2.7,否,快递,否,20,借记卡,每两周,青年,14,忠实客户
1696,54,男,帽子,配饰,95,Nebraska,S,黄色,秋,4.7,否,两日达,否,1,PayPal,每两周,中年,14,新客户
1697,31,男,太阳镜,配饰,69,West Virginia,S,绿松石色,春,4.0,否,包邮,否,7,信用卡,双周,青年,14,回头客
1698,36,男,衬衫,服装,87,South Carolina,L,薰衣草紫,秋,3.5,否,次日达,否,48,信用卡,每三个月,成年,90,忠实客户
1699,25,男,腰带,配饰,41,Iowa,XL,绿松石色,冬,4.8,否,标准快递,否,46,银行转账,每季,青年,90,忠实客户
1700,20,男,毛衣,服装,67,North Dakota,L,青绿色,春,4.0,否,包邮,否,34,借记卡,每年,青年,365,忠实客户
1701,62,男,卫衣,服装,70,West Virginia,L,黑色,秋,4.1,否,快递,否,36,银行转账,每月,老年,30,忠实客户
1702,69,男,手提包,配饰,41,Mississippi,XL,蓝色,冬,3.8,否,次日达,否,44,借记卡,每三个月,老年,90,忠实客户
1703,54,男,牛仔裤,服装,83,Alabama,XL,黄色,夏,5.0,否,快递,否,48,银行转账,每周,中年,7,忠实客户
1704,39,男,双肩包,配饰,22,California,M,黑色,春,4.0,否,次日达,否,12,银行转账,每年,成年,365,忠实客户
1705,56,男,运动鞋,鞋履,20,Idaho,M,薰衣草紫,夏,3.9,否,门店自提,否,19,现金,每三个月,中年,90,忠实客户
1706,39,男,首饰,配饰,29,South Dakota,L,青色,夏,3.4,否,两日达,否,49,Venmo,双周,成年,14,忠实客户
1707,37,男,太阳镜,配饰,87,North Dakota,M,棕色,春,3.0,否,标准快递,否,25,Venmo,每两周,成年,14,忠实客户
1708,25,男,短裤,服装,81,Nevada,L,栗色,秋,4.9,否,两日达,否,25,现金,双周,青年,14,忠实客户
1709,35,男,靴子,鞋履,58,Florida,L,青色,春,3.2,否,快递,否,1,信用卡,每季,成年,90,新客户
1710,45,男,半身裙,服装,83,Indiana,M,粉色,冬,3.8,否,标准快递,否,19,银行转账,每年,中年,365,忠实客户
1711,19,男,长裤,服装,59,Arkansas,XL,橙色,秋,3.8,否,门店自提,否,7,信用卡,每季,青年,90,回头客
1712,21,男,T恤,服装,93,North Carolina,M,薰衣草紫,春,4.7,否,快递,否,19,信用卡,每月,青年,30,忠实客户
1713,65,男,T恤,服装,87,Illinois,S,米色,秋,3.8,否,两日达,否,9,现金,每两周,老年,14,回头客
1714,49,男,夹克,外套,22,Missouri,M,粉色,冬,4.6,否,包邮,否,37,PayPal,每季,中年,90,忠实客户
1715,30,男,牛仔裤,服装,71,South Dakota,S,炭灰色,夏,4.4,否,标准快递,否,15,现金,每月,青年,30,忠实客户
1716,23,男,连衣裙,服装,69,Idaho,XL,灰色,春,3.4,否,两日达,否,30,PayPal,双周,青年,14,忠实客户
1717,69,男,女式衬衫,服装,47,Connecticut,M,青色,冬,4.7,否,标准快递,否,30,现金,每三个月,老年,90,忠实客户
1718,29,男,卫衣,服装,50,Hawaii,L,橙色,夏,2.9,否,快递,否,16,借记卡,双周,青年,14,忠实客户
1719,54,男,T恤,服装,96,Maryland,L,粉色,冬,3.4,否,两日达,否,14,PayPal,每三个月,中年,90,忠实客户
1720,45,男,毛衣,服装,39,Maryland,M,白色,冬,3.2,否,包邮,否,8,Venmo,每季,中年,90,回头客
1721,25,男,短裤,服装,84,Massachusetts,S,米色,冬,2.8,否,快递,否,40,借记卡,双周,青年,14,忠实客户
1722,34,男,首饰,配饰,28,Delaware,S,品红色,春,4.3,否,包邮,否,24,信用卡,每月,成年,30,忠实客户
1723,46,男,T恤,服装,51,Massachusetts,L,紫罗兰色,夏,3.3,否,标准快递,否,14,现金,每两周,中年,14,忠实客户
1724,70,男,围巾,配饰,20,New York,XL,金色,春,3.3,否,标准快递,否,39,PayPal,每年,老年,365,忠实客户
1725,42,男,鞋子,鞋履,72,Delaware,S,青绿色,冬,3.3,否,包邮,否,21,PayPal,每周,成年,7,忠实客户
1726,45,男,太阳镜,配饰,33,Massachusetts,M,靛蓝色,春,3.0,否,次日达,否,32,Venmo,每季,中年,90,忠实客户
1727,57,男,大衣,外套,28,Indiana,S,橄榄绿,夏,2.8,否,快递,否,45,借记卡,每周,中年,7,忠实客户
1728,49,男,女式衬衫,服装,53,Virginia,S,紫罗兰色,春,4.0,否,快递,否,19,PayPal,每月,中年,30,忠实客户
1729,23,男,牛仔裤,服装,48,Wyoming,L,黑色,秋,4.3,否,快递,否,1,借记卡,每三个月,青年,90,新客户
1730,47,男,短裤,服装,21,Illinois,M,棕色,冬,3.8,否,门店自提,否,12,Venmo,每两周,中年,14,忠实客户
1731,23,男,衬衫,服装,22,Alabama,S,银色,秋,4.2,否,包邮,否,26,信用卡,每周,青年,7,忠实客户
1732,21,男,双肩包,配饰,87,Idaho,M,灰色,秋,3.1,否,次日达,否,12,现金,每月,青年,30,忠实客户
1733,45,男,腰带,配饰,50,Rhode Island,S,炭灰色,冬,2.6,否,包邮,否,36,现金,每三个月,中年,90,忠实客户
1734,67,男,女式衬衫,服装,85,New York,L,黑色,夏,3.4,否,快递,否,22,信用卡,每年,老年,365,忠实客户
1735,31,男,牛仔裤,服装,98,Missouri,L,棕色,春,3.1,否,次日达,否,16,PayPal,每季,青年,90,忠实客户
1736,58,男,连衣裙,服装,34,Texas,M,紫色,冬,3.6,否,快递,否,31,Venmo,每年,老年,365,忠实客户
1737,57,男,短裤,服装,61,Tennessee,M,紫色,夏,2.6,否,两日达,否,43,现金,每季,中年,90,忠实客户
1738,42,男,首饰,配饰,98,Ohio,L,灰色,夏,4.2,否,门店自提,否,50,Venmo,双周,成年,14,忠实客户
1739,60,男,手提包,配饰,61,Tennessee,M,绿色,春,2.9,否,两日达,否,37,信用卡,每周,老年,7,忠实客户
1740,21,男,首饰,配饰,98,Minnesota,L,银色,冬,4.2,否,快递,否,23,现金,每周,青年,7,忠实客户
1741,69,男,长裤,服装,21,Wisconsin,L,炭灰色,秋,3.3,否,次日达,否,10,银行转账,每三个月,老年,90,回头客
1742,41,男,长裤,服装,51,Delaware,XL,青绿色,冬,3.6,否,次日达,否,20,银行转账,每月,成年,30,忠实客户
1743,51,男,凉鞋,鞋履,80,Kansas,XL,白色,春,4.3,否,快递,否,18,Venmo,每三个月,中年,90,忠实客户
1744,23,男,半身裙,服装,72,Missouri,XL,棕色,冬,3.3,否,标准快递,否,3,银行转账,每周,青年,7,回头客
1745,57,男,太阳镜,配饰,63,Michigan,L,青绿色,冬,3.0,否,标准快递,否,23,PayPal,每周,中年,7,忠实客户
1746,40,男,半身裙,服装,27,West Virginia,L,红色,冬,3.6,否,门店自提,否,27,现金,每周,成年,7,忠实客户
1747,65,男,手提包,配饰,44,Alabama,L,棕色,夏,3.1,否,门店自提,否,44,银行转账,每两周,老年,14,忠实客户
1748,61,男,大衣,外套,23,New Hampshire,M,黄色,冬,2.9,否,快递,否,41,Venmo,每季,老年,90,忠实客户
1749,34,男,半身裙,服装,93,Montana,L,青绿色,冬,3.9,否,两日达,否,41,银行转账,每年,成年,365,忠实客户
1750,43,男,卫衣,服装,70,Wyoming,L,粉色,秋,3.2,否,两日达,否,36,借记卡,每三个月,成年,90,忠实客户
1751,31,男,太阳镜,配饰,85,Missouri,M,白色,秋,3.1,否,快递,否,38,Venmo,每三个月,青年,90,忠实客户
1752,57,男,毛衣,服装,40,Ohio,M,银色,冬,3.2,否,两日达,否,34,现金,每年,中年,365,忠实客户
1753,34,男,靴子,鞋履,29,South Dakota,L,蓝色,冬,3.3,否,门店自提,否,14,Venmo,每季,成年,90,忠实客户
1754,25,男,半身裙,服装,27,Colorado,L,黑色,秋,4.8,否,次日达,否,23,信用卡,每两周,青年,14,忠实客户
1755,66,男,连衣裙,服装,93,Massachusetts,S,米色,秋,3.8,否,两日达,否,18,信用卡,每两周,老年,14,忠实客户
1756,56,男,腰带,配饰,20,Delaware,XL,炭灰色,春,4.6,否,次日达,否,45,现金,每月,中年,30,忠实客户
1757,49,男,首饰,配饰,55,New Hampshire,S,青色,秋,2.8,否,包邮,否,14,银行转账,每周,中年,7,忠实客户
1758,19,男,连衣裙,服装,94,Michigan,L,黄色,秋,3.6,否,标准快递,否,48,借记卡,每年,青年,365,忠实客户
1759,27,男,帽子,配饰,56,Pennsylvania,M,银色,冬,4.3,否,包邮,否,17,Venmo,双周,青年,14,忠实客户
1760,68,男,毛衣,服装,58,Louisiana,L,绿色,春,4.0,否,次日达,否,1,PayPal,每周,老年,7,新客户
1761,20,男,半身裙,服装,44,Minnesota,XL,桃色,春,3.5,否,标准快递,否,39,PayPal,每周,青年,7,忠实客户
1762,21,男,卫衣,服装,95,Hawaii,S,绿色,秋,4.9,否,两日达,否,24,现金,每周,青年,7,忠实客户
1763,36,男,凉鞋,鞋履,42,Idaho,M,棕色,夏,3.1,否,快递,否,41,银行转账,每两周,成年,14,忠实客户
1764,37,男,首饰,配饰,93,Vermont,M,薰衣草紫,冬,3.9,否,门店自提,否,28,PayPal,每年,成年,365,忠实客户
1765,61,男,连衣裙,服装,56,Delaware,M,炭灰色,夏,3.0,否,门店自提,否,34,Venmo,每季,老年,90,忠实客户
1766,68,男,卫衣,服装,88,New Mexico,M,橙色,春,4.1,否,两日达,否,41,Venmo,每季,老年,90,忠实客户
1767,60,男,毛衣,服装,54,Alaska,S,青色,冬,4.3,否,两日达,否,27,现金,双周,老年,14,忠实客户
1768,69,男,首饰,配饰,89,Minnesota,L,薰衣草紫,秋,3.8,否,两日达,否,46,借记卡,每两周,老年,14,忠实客户
1769,25,男,凉鞋,鞋履,45,Nebraska,M,靛蓝色,夏,3.9,否,两日达,否,2,PayPal,每三个月,青年,90,回头客
1770,32,男,袜子,服装,75,Alaska,L,棕色,冬,4.3,否,包邮,否,45,现金,每月,成年,30,忠实客户
1771,53,男,双肩包,配饰,22,Michigan,M,粉色,秋,4.3,否,快递,否,34,银行转账,每周,中年,7,忠实客户
1772,46,男,衬衫,服装,82,Indiana,XL,绿松石色,秋,4.7,否,门店自提,否,9,信用卡,每年,中年,365,回头客
1773,58,男,鞋子,鞋履,34,Hawaii,M,金色,夏,3.1,否,两日达,否,1,银行转账,每年,老年,365,新客户
1774,21,男,大衣,外套,92,West Virginia,M,蓝色,夏,2.7,否,包邮,否,17,PayPal,每年,青年,365,忠实客户
1775,46,男,毛衣,服装,78,New York,M,薰衣草紫,春,3.7,否,快递,否,6,PayPal,每周,中年,7,回头客
1776,18,男,夹克,外套,47,Iowa,M,紫罗兰色,春,3.3,否,两日达,否,12,现金,双周,青年,14,忠实客户
1777,56,男,夹克,外套,64,Arizona,L,青色,夏,3.4,否,包邮,否,10,Venmo,每三个月,中年,90,回头客
1778,18,男,运动鞋,鞋履,44,Minnesota,L,紫色,冬,4.7,否,包邮,否,4,现金,每两周,青年,14,回头客
1779,49,男,腰带,配饰,94,Texas,M,红色,冬,4.9,否,门店自提,否,8,借记卡,双周,中年,14,回头客
1780,29,男,围巾,配饰,62,Virginia,M,炭灰色,冬,4.3,否,包邮,否,41,Venmo,每周,青年,7,忠实客户
1781,67,男,首饰,配饰,81,North Dakota,S,灰色,夏,4.2,否,次日达,否,49,信用卡,每周,老年,7,忠实客户
1782,31,男,T恤,服装,33,Iowa,M,粉色,秋,3.7,否,快递,否,49,银行转账,每季,青年,90,忠实客户
1783,52,男,长裤,服装,88,Utah,M,薰衣草紫,秋,2.7,否,次日达,否,40,银行转账,每两周,中年,14,忠实客户
1784,42,男,手提包,配饰,49,Ohio,L,薰衣草紫,冬,3.3,否,包邮,否,30,信用卡,每月,成年,30,忠实客户
1785,32,男,双肩包,配饰,31,Louisiana,L,黄色,夏,4.8,否,标准快递,否,4,借记卡,每季,成年,90,回头客
1786,47,男,手套,配饰,29,Iowa,S,桃色,秋,4.1,否,次日达,否,22,Venmo,每月,中年,30,忠实客户
1787,45,男,夹克,外套,34,Maryland,M,棕色,春,4.6,否,两日达,否,22,Venmo,每月,中年,30,忠实客户
1788,20,男,毛衣,服装,38,Montana,L,金色,秋,4.9,否,两日达,否,10,银行转账,每季,青年,90,回头客
1789,66,男,女式衬衫,服装,41,Illinois,L,粉色,夏,3.1,否,门店自提,否,23,现金,双周,老年,14,忠实客户
1790,52,男,女式衬衫,服装,34,Arizona,L,桃色,春,3.0,否,两日达,否,43,借记卡,每季,中年,90,忠实客户
1791,50,男,手套,配饰,26,North Carolina,S,紫罗兰色,夏,3.7,否,门店自提,否,31,PayPal,双周,中年,14,忠实客户
1792,62,男,牛仔裤,服装,98,Montana,S,紫色,冬,4.0,否,门店自提,否,38,现金,每年,老年,365,忠实客户
1793,38,男,运动鞋,鞋履,59,Iowa,M,桃色,秋,3.0,否,快递,否,22,借记卡,每三个月,成年,90,忠实客户
1794,65,男,帽子,配饰,92,Iowa,S,白色,秋,3.8,否,门店自提,否,45,现金,每三个月,老年,90,忠实客户
1795,60,男,双肩包,配饰,40,Ohio,L,靛蓝色,春,3.7,否,快递,否,21,借记卡,每两周,老年,14,忠实客户
1796,68,男,牛仔裤,服装,20,Wisconsin,S,紫罗兰色,秋,4.0,否,两日达,否,9,借记卡,每两周,老年,14,回头客
1797,62,男,半身裙,服装,35,South Carolina,S,棕色,春,3.1,否,门店自提,否,34,Venmo,每周,老年,7,忠实客户
1798,62,男,腰带,配饰,35,Oregon,L,栗色,春,3.9,否,两日达,否,26,Venmo,每周,老年,7,忠实客户
1799,40,男,连衣裙,服装,82,North Dakota,L,品红色,冬,3.7,否,快递,否,1,现金,每周,成年,7,新客户
1800,32,男,卫衣,服装,48,California,M,炭灰色,秋,3.9,否,快递,否,47,Venmo,每周,成年,7,忠实客户
1801,22,男,大衣,外套,58,Mississippi,XL,靛蓝色,冬,2.7,否,快递,否,30,信用卡,每周,青年,7,忠实客户
1802,33,男,毛衣,服装,57,New Jersey,M,绿松石色,春,3.9,否,快递,否,48,借记卡,每两周,成年,14,忠实客户
1803,57,男,短裤,服装,96,Rhode Island,L,绿松石色,冬,2.6,否,门店自提,否,31,Venmo,双周,中年,14,忠实客户
1804,60,男,运动鞋,鞋履,97,New Hampshire,S,灰色,夏,3.5,否,包邮,否,33,Venmo,每两周,老年,14,忠实客户
1805,30,男,毛衣,服装,42,Louisiana,L,桃色,冬,4.4,否,次日达,否,39,信用卡,每周,青年,7,忠实客户
1806,41,男,T恤,服装,62,Arizona,L,金色,春,4.9,否,门店自提,否,46,借记卡,每周,成年,7,忠实客户
1807,58,男,手提包,配饰,67,Rhode Island,M,绿色,秋,3.9,否,标准快递,否,24,Venmo,每年,老年,365,忠实客户
1808,34,男,运动鞋,鞋履,46,Vermont,L,金色,夏,3.5,否,标准快递,否,37,Venmo,每两周,成年,14,忠实客户
1809,67,男,夹克,外套,71,Tennessee,M,薰衣草紫,春,4.3,否,次日达,否,7,借记卡,每月,老年,30,回头客
1810,58,男,双肩包,配饰,99,Alaska,S,蓝色,秋,3.4,否,包邮,否,6,借记卡,每两周,老年,14,回头客
1811,41,男,牛仔裤,服装,28,Maryland,M,品红色,秋,2.7,否,标准快递,否,16,现金,双周,成年,14,忠实客户
1812,42,男,腰带,配饰,77,Wisconsin,L,蓝色,夏,3.6,否,标准快递,否,33,银行转账,每年,成年,365,忠实客户
1813,50,男,靴子,鞋履,63,Nevada,S,蓝色,夏,4.9,否,快递,否,18,PayPal,双周,中年,14,忠实客户
1814,40,男,短裤,服装,62,Illinois,M,橄榄绿,春,3.5,否,包邮,否,24,PayPal,每周,成年,7,忠实客户
1815,32,男,牛仔裤,服装,92,Montana,M,白色,夏,3.8,否,包邮,否,24,现金,每季,成年,90,忠实客户
1816,51,男,鞋子,鞋履,72,New Mexico,L,白色,冬,4.5,否,两日达,否,48,信用卡,每三个月,中年,90,忠实客户
1817,26,男,帽子,配饰,79,Virginia,M,紫色,夏,4.0,否,快递,否,4,现金,每周,青年,7,回头客
1818,32,男,T恤,服装,27,Delaware,M,白色,夏,4.7,否,包邮,否,20,现金,每周,成年,7,忠实客户
1819,58,男,太阳镜,配饰,39,North Carolina,M,白色,秋,3.8,否,快递,否,47,借记卡,每三个月,老年,90,忠实客户
1820,51,男,袜子,服装,86,Nevada,S,桃色,春,4.5,否,次日达,否,50,现金,每季,中年,90,忠实客户
1821,19,男,衬衫,服装,94,Washington,XL,金色,秋,5.0,否,快递,否,31,PayPal,每月,青年,30,忠实客户
1822,57,男,短裤,服装,53,Maine,M,青绿色,春,2.8,否,快递,否,29,PayPal,每季,中年,90,忠实客户
1823,66,男,衬衫,服装,85,Connecticut,S,青色,夏,4.4,否,标准快递,否,4,现金,每年,老年,365,回头客
1824,62,男,袜子,服装,50,Louisiana,L,粉色,秋,4.7,否,包邮,否,40,银行转账,双周,老年,14,忠实客户
1825,58,男,长裤,服装,47,Illinois,XL,品红色,冬,3.8,否,快递,否,31,现金,每月,老年,30,忠实客户
1826,23,男,靴子,鞋履,75,South Dakota,M,粉色,冬,4.9,否,次日达,否,41,信用卡,每周,青年,7,忠实客户
1827,45,男,T恤,服装,60,Indiana,M,绿松石色,冬,4.2,否,快递,否,44,借记卡,每年,中年,365,忠实客户
1828,20,男,T恤,服装,36,Vermont,S,粉色,春,4.9,否,两日达,否,31,银行转账,每周,青年,7,忠实客户
1829,33,男,大衣,外套,80,New Hampshire,L,灰色,春,3.9,否,快递,否,45,现金,每三个月,成年,90,忠实客户
1830,30,男,帽子,配饰,96,Oregon,M,白色,春,4.9,否,两日达,否,50,信用卡,每季,青年,90,忠实客户
1831,50,男,太阳镜,配饰,80,Kansas,M,蓝色,冬,4.8,否,快递,否,7,Venmo,每年,中年,365,回头客
1832,62,男,女式衬衫,服装,71,Maine,M,青色,夏,3.3,否,包邮,否,5,银行转账,每三个月,老年,90,回头客
1833,69,男,首饰,配饰,29,Louisiana,M,蓝色,秋,4.6,否,包邮,否,48,现金,每月,老年,30,忠实客户
1834,34,男,首饰,配饰,53,Louisiana,M,黄色,春,4.5,否,两日达,否,19,PayPal,每两周,成年,14,忠实客户
1835,49,男,半身裙,服装,35,Indiana,M,炭灰色,夏,4.1,否,两日达,否,39,Venmo,每两周,中年,14,忠实客户
1836,65,男,围巾,配饰,75,Kentucky,M,薰衣草紫,秋,3.2,否,两日达,否,45,信用卡,每季,老年,90,忠实客户
1837,66,男,长裤,服装,52,South Carolina,M,青绿色,秋,4.2,否,两日达,否,35,信用卡,每月,老年,30,忠实客户
1838,41,男,帽子,配饰,77,Montana,M,米色,冬,4.8,否,包邮,否,8,Venmo,每月,成年,30,回头客
1839,37,男,手套,配饰,24,Vermont,L,蓝色,秋,4.1,否,次日达,否,11,信用卡,每季,成年,90,忠实客户
1840,32,男,衬衫,服装,78,Mississippi,XL,紫色,冬,3.7,否,门店自提,否,32,现金,每年,成年,365,忠实客户
1841,42,男,凉鞋,鞋履,98,Wyoming,M,金色,冬,2.6,否,门店自提,否,46,银行转账,每三个月,成年,90,忠实客户
1842,31,男,袜子,服装,57,Vermont,L,蓝色,冬,3.0,否,标准快递,否,7,PayPal,每三个月,青年,90,回头客
1843,61,男,手提包,配饰,78,Alabama,M,黑色,夏,4.4,否,快递,否,1,借记卡,每年,老年,365,新客户
1844,36,男,夹克,外套,76,Kentucky,M,炭灰色,秋,4.7,否,次日达,否,32,信用卡,每月,成年,30,忠实客户
1845,60,男,短裤,服装,26,South Dakota,M,紫色,春,2.7,否,两日达,否,31,信用卡,每年,老年,365,忠实客户
1846,51,男,凉鞋,鞋履,78,Delaware,M,橙色,冬,2.8,否,两日达,否,39,银行转账,每季,中年,90,忠实客户
1847,68,男,围巾,配饰,53,Wisconsin,M,黄色,夏,2.9,否,标准快递,否,9,Venmo,每季,老年,90,回头客
1848,46,男,凉鞋,鞋履,100,Arizona,XL,青色,夏,4.4,否,包邮,否,49,信用卡,每周,中年,7,忠实客户
1849,19,男,牛仔裤,服装,73,Maine,XL,黄色,冬,2.7,否,快递,否,34,现金,每三个月,青年,90,忠实客户
1850,30,男,半身裙,服装,40,New Mexico,M,栗色,冬,4.5,否,门店自提,否,35,银行转账,每月,青年,30,忠实客户
1851,51,男,手套,配饰,76,Wyoming,S,黑色,冬,2.8,否,门店自提,否,50,借记卡,每周,中年,7,忠实客户
1852,28,男,半身裙,服装,80,Delaware,S,薰衣草紫,秋,3.1,否,包邮,否,4,银行转账,每两周,青年,14,回头客
1853,41,男,毛衣,服装,80,Pennsylvania,XL,紫罗兰色,冬,3.8,否,门店自提,否,32,现金,每周,成年,7,忠实客户
1854,29,男,女式衬衫,服装,67,North Dakota,XL,橄榄绿,春,2.9,否,快递,否,11,PayPal,每两周,青年,14,忠实客户
1855,25,男,毛衣,服装,61,Kentucky,M,青绿色,春,3.8,否,快递,否,49,信用卡,每年,青年,365,忠实客户
1856,60,男,衬衫,服装,76,Rhode Island,XL,青绿色,春,4.7,否,标准快递,否,9,现金,每年,老年,365,回头客
1857,63,男,首饰,配饰,55,Arizona,XL,米色,夏,3.2,否,包邮,否,30,PayPal,双周,老年,14,忠实客户
1858,51,男,T恤,服装,85,Colorado,L,栗色,夏,4.0,否,次日达,否,33,现金,每月,中年,30,忠实客户
1859,22,男,围巾,配饰,69,Maine,S,桃色,春,4.9,否,两日达,否,8,借记卡,每年,青年,365,回头客
1860,54,男,腰带,配饰,26,New Jersey,L,米色,夏,3.7,否,门店自提,否,29,借记卡,每两周,中年,14,忠实客户
1861,18,男,T恤,服装,64,Kansas,M,银色,夏,4.8,否,次日达,否,4,信用卡,每月,青年,30,回头客
1862,29,男,运动鞋,鞋履,60,South Dakota,S,桃色,秋,3.6,否,标准快递,否,19,借记卡,每月,青年,30,忠实客户
1863,59,男,手套,配饰,36,New Hampshire,M,绿松石色,冬,4.6,否,快递,否,10,PayPal,每两周,老年,14,回头客
1864,25,男,凉鞋,鞋履,21,Connecticut,L,橙色,春,4.3,否,两日达,否,39,借记卡,每月,青年,30,忠实客户
1865,19,男,双肩包,配饰,72,Wyoming,S,青色,秋,3.2,否,两日达,否,21,Venmo,每季,青年,90,忠实客户
1866,56,男,长裤,服装,62,Missouri,S,银色,夏,3.8,否,门店自提,否,12,银行转账,每月,中年,30,忠实客户
1867,31,男,T恤,服装,44,Alaska,XL,金色,冬,4.2,否,标准快递,否,9,信用卡,每两周,青年,14,回头客
1868,45,男,半身裙,服装,52,Delaware,M,棕色,秋,3.4,否,两日达,否,20,Venmo,每季,中年,90,忠实客户
1869,23,男,手套,配饰,58,Indiana,M,银色,春,4.7,否,次日达,否,44,现金,每两周,青年,14,忠实客户
1870,18,男,女式衬衫,服装,77,West Virginia,S,米色,春,3.9,否,两日达,否,16,借记卡,每三个月,青年,90,忠实客户
1871,43,男,女式衬衫,服装,99,Wyoming,L,紫罗兰色,春,4.3,否,门店自提,否,27,借记卡,每两周,成年,14,忠实客户
1872,56,男,牛仔裤,服装,96,Illinois,XL,紫罗兰色,秋,2.7,否,标准快递,否,14,现金,每三个月,中年,90,忠实客户
1873,43,男,T恤,服装,64,Alaska,M,薰衣草紫,夏,4.6,否,标准快递,否,24,信用卡,每月,成年,30,忠实客户
1874,64,男,毛衣,服装,44,Wisconsin,XL,红色,秋,2.9,否,快递,否,49,银行转账,每周,老年,7,忠实客户
1875,67,男,长裤,服装,33,Indiana,L,紫色,秋,3.6,否,包邮,否,14,现金,每周,老年,7,忠实客户
1876,63,男,靴子,鞋履,71,Tennessee,M,棕色,冬,3.9,否,次日达,否,6,信用卡,每季,老年,90,回头客
1877,54,男,半身裙,服装,36,Illinois,M,灰色,秋,2.6,否,标准快递,否,20,Venmo,每季,中年,90,忠实客户
1878,69,男,手套,配饰,62,Pennsylvania,L,粉色,秋,3.6,否,快递,否,3,信用卡,每年,老年,365,回头客
1879,34,男,袜子,服装,29,Oklahoma,L,品红色,夏,3.4,否,门店自提,否,5,信用卡,每月,成年,30,回头客
1880,56,男,T恤,服装,33,Tennessee,L,炭灰色,春,3.5,否,快递,否,46,现金,双周,中年,14,忠实客户
1881,34,男,女式衬衫,服装,33,New Jersey,L,黄色,秋,3.1,否,两日达,否,8,借记卡,每月,成年,30,回头客
1882,58,男,女式衬衫,服装,41,New Jersey,M,红色,冬,4.3,否,标准快递,否,13,现金,双周,老年,14,忠实客户
1883,44,男,围巾,配饰,54,Tennessee,L,蓝色,冬,5.0,否,门店自提,否,25,银行转账,每季,成年,90,忠实客户
1884,25,男,双肩包,配饰,58,Georgia,M,青色,春,4.9,否,门店自提,否,39,借记卡,每两周,青年,14,忠实客户
1885,27,男,短裤,服装,30,Arizona,S,粉色,夏,4.3,否,次日达,否,15,银行转账,双周,青年,14,忠实客户
1886,26,男,首饰,配饰,53,Nevada,S,栗色,冬,4.4,否,标准快递,否,35,现金,每月,青年,30,忠实客户
1887,18,男,手套,配饰,91,Arkansas,L,米色,春,4.4,否,次日达,否,46,现金,双周,青年,14,忠实客户
1888,64,男,卫衣,服装,44,North Dakota,XL,金色,秋,3.5,否,快递,否,3,PayPal,每月,老年,30,回头客
1889,62,男,卫衣,服装,89,South Dakota,XL,绿松石色,冬,3.4,否,包邮,否,48,信用卡,每周,老年,7,忠实客户
1890,59,男,半身裙,服装,57,North Carolina,L,桃色,春,2.5,否,次日达,否,27,银行转账,每周,老年,7,忠实客户
1891,36,男,太阳镜,配饰,57,Hawaii,M,薰衣草紫,春,3.4,否,门店自提,否,5,信用卡,每周,成年,7,回头客
1892,69,男,首饰,配饰,74,New Hampshire,M,灰色,夏,2.6,否,次日达,否,48,借记卡,每季,老年,90,忠实客户
1893,39,男,夹克,外套,30,California,M,蓝色,秋,4.6,否,两日达,否,12,Venmo,每周,成年,7,忠实客户
1894,28,男,连衣裙,服装,20,Delaware,L,红色,夏,3.7,否,快递,否,10,PayPal,每两周,青年,14,回头客
1895,42,男,卫衣,服装,90,Arizona,M,紫色,秋,2.5,否,包邮,否,48,借记卡,双周,成年,14,忠实客户
1896,31,男,牛仔裤,服装,61,Washington,L,靛蓝色,秋,4.5,否,快递,否,3,借记卡,每月,青年,30,回头客
1897,57,男,凉鞋,鞋履,51,Nevada,M,金色,秋,2.9,否,标准快递,否,19,Venmo,每月,中年,30,忠实客户
1898,53,男,太阳镜,配饰,97,Alaska,L,青绿色,冬,2.9,否,包邮,否,11,借记卡,每两周,中年,14,忠实客户
1899,59,男,长裤,服装,97,Texas,L,品红色,秋,3.5,否,次日达,否,25,Venmo,每月,老年,30,忠实客户
1900,32,男,短裤,服装,40,New York,L,栗色,冬,4.2,否,门店自提,否,42,PayPal,每周,成年,7,忠实客户
1901,65,男,首饰,配饰,85,Iowa,S,蓝色,夏,3.3,否,包邮,否,34,现金,每季,老年,90,忠实客户
1902,56,男,袜子,服装,76,Arizona,S,米色,冬,3.9,否,门店自提,否,50,现金,每季,中年,90,忠实客户
1903,31,男,凉鞋,鞋履,22,New Mexico,S,橄榄绿,春,5.0,否,门店自提,否,21,Venmo,每月,青年,30,忠实客户
1904,59,男,长裤,服装,63,North Carolina,M,金色,夏,3.3,否,标准快递,否,37,银行转账,每周,老年,7,忠实客户
1905,22,男,T恤,服装,71,Nevada,S,银色,春,4.2,否,包邮,否,46,现金,每月,青年,30,忠实客户
1906,47,男,靴子,鞋履,35,Idaho,M,青绿色,夏,4.9,否,两日达,否,14,银行转账,每两周,中年,14,忠实客户
1907,23,男,双肩包,配饰,30,Vermont,M,绿色,春,4.6,否,两日达,否,24,PayPal,每两周,青年,14,忠实客户
1908,69,男,半身裙,服装,74,New Mexico,L,橙色,秋,4.8,否,门店自提,否,36,信用卡,每三个月,老年,90,忠实客户
1909,18,男,围巾,配饰,71,Georgia,XL,炭灰色,冬,2.7,否,次日达,否,19,借记卡,双周,青年,14,忠实客户
1910,50,男,毛衣,服装,84,Kentucky,S,黑色,春,4.3,否,门店自提,否,12,信用卡,每月,中年,30,忠实客户
1911,29,男,凉鞋,鞋履,38,New York,S,黄色,秋,3.8,否,快递,否,13,借记卡,每季,青年,90,忠实客户
1912,65,男,首饰,配饰,81,Arizona,M,灰色,春,4.9,否,快递,否,32,借记卡,双周,老年,14,忠实客户
1913,29,男,毛衣,服装,56,Colorado,S,炭灰色,冬,3.4,否,两日达,否,5,信用卡,双周,青年,14,回头客
1914,49,男,半身裙,服装,48,Kentucky,M,桃色,冬,3.6,否,快递,否,29,现金,每年,中年,365,忠实客户
1915,28,男,短裤,服装,97,Alaska,L,绿色,秋,3.4,否,标准快递,否,40,信用卡,每两周,青年,14,忠实客户
1916,51,男,双肩包,配饰,74,Alabama,M,品红色,秋,4.7,否,两日达,否,44,现金,每周,中年,7,忠实客户
1917,26,男,卫衣,服装,50,Connecticut,S,米色,冬,3.0,否,次日达,否,3,借记卡,双周,青年,14,回头客
1918,38,男,半身裙,服装,71,Hawaii,L,黑色,冬,3.4,否,包邮,否,35,PayPal,双周,成年,14,忠实客户
1919,35,男,半身裙,服装,33,Idaho,S,紫色,夏,4.6,否,标准快递,否,33,借记卡,每月,成年,30,忠实客户
1920,34,男,双肩包,配饰,56,Virginia,M,橄榄绿,夏,3.1,否,快递,否,20,PayPal,双周,成年,14,忠实客户
1921,51,男,女式衬衫,服装,84,Connecticut,M,紫色,春,2.8,否,标准快递,否,40,现金,每三个月,中年,90,忠实客户
1922,47,男,衬衫,服装,36,Michigan,M,绿色,秋,3.5,否,门店自提,否,13,Venmo,每年,中年,365,忠实客户
1923,18,男,手套,配饰,63,Kentucky,S,桃色,夏,4.6,否,标准快递,否,9,PayPal,每月,青年,30,回头客
1924,64,男,凉鞋,鞋履,36,Nebraska,XL,蓝色,夏,4.3,否,标准快递,否,7,现金,每年,老年,365,回头客
1925,30,男,夹克,外套,63,Michigan,M,灰色,秋,4.8,否,包邮,否,42,PayPal,每季,青年,90,忠实客户
1926,59,男,运动鞋,鞋履,32,Utah,L,黑色,冬,2.9,否,快递,否,44,信用卡,每两周,老年,14,忠实客户
1927,66,男,双肩包,配饰,93,New Mexico,M,银色,春,3.0,否,快递,否,6,PayPal,每年,老年,365,回头客
1928,40,男,长裤,服装,29,Florida,M,粉色,夏,2.9,否,标准快递,否,8,现金,每三个月,成年,90,回头客
1929,25,男,太阳镜,配饰,92,Mississippi,S,薰衣草紫,夏,3.7,否,标准快递,否,10,PayPal,每周,青年,7,回头客
1930,59,男,牛仔裤,服装,33,Hawaii,L,棕色,秋,4.7,否,标准快递,否,46,Venmo,每季,老年,90,忠实客户
1931,66,男,长裤,服装,52,North Carolina,L,绿松石色,春,3.5,否,门店自提,否,26,现金,每周,老年,7,忠实客户
1932,54,男,首饰,配饰,42,Illinois,S,橄榄绿,春,2.7,否,门店自提,否,6,借记卡,每三个月,中年,90,回头客
1933,42,男,卫衣,服装,36,Maryland,M,白色,春,5.0,否,包邮,否,47,信用卡,每三个月,成年,90,忠实客户
1934,48,男,凉鞋,鞋履,67,Montana,L,紫罗兰色,夏,4.1,否,次日达,否,28,Venmo,每年,中年,365,忠实客户
1935,34,男,夹克,外套,43,Michigan,L,金色,冬,2.7,否,包邮,否,23,银行转账,每年,成年,365,忠实客户
1936,19,男,女式衬衫,服装,68,North Carolina,XL,紫罗兰色,春,4.8,否,包邮,否,45,现金,每两周,青年,14,忠实客户
1937,70,男,首饰,配饰,60,Minnesota,S,青绿色,夏,4.3,否,两日达,否,44,PayPal,每三个月,老年,90,忠实客户
1938,43,男,袜子,服装,53,Delaware,M,橄榄绿,夏,4.5,否,两日达,否,11,银行转账,每月,成年,30,忠实客户
1939,46,男,牛仔裤,服装,23,Kentucky,L,蓝色,春,3.8,否,标准快递,否,39,借记卡,双周,中年,14,忠实客户
1940,66,男,手套,配饰,57,Ohio,L,品红色,冬,3.7,否,门店自提,否,20,PayPal,每三个月,老年,90,忠实客户
1941,50,男,帽子,配饰,89,Alaska,L,灰色,秋,3.9,否,两日达,否,48,PayPal,每两周,中年,14,忠实客户
1942,55,男,鞋子,鞋履,99,Vermont,XL,桃色,冬,3.3,否,标准快递,否,46,信用卡,每季,中年,90,忠实客户
1943,63,男,长裤,服装,28,Alabama,M,青色,秋,3.4,否,快递,否,22,PayPal,每月,老年,30,忠实客户
1944,32,男,袜子,服装,53,Wisconsin,L,紫罗兰色,夏,3.8,否,次日达,否,45,现金,每年,成年,365,忠实客户
1945,30,男,卫衣,服装,45,Arkansas,M,金色,冬,2.7,否,包邮,否,49,现金,每三个月,青年,90,忠实客户
1946,35,男,卫衣,服装,38,Georgia,M,金色,冬,2.9,否,两日达,否,9,信用卡,每三个月,成年,90,回头客
1947,59,男,长裤,服装,49,Louisiana,M,白色,夏,4.5,否,标准快递,否,41,信用卡,每季,老年,90,忠实客户
1948,59,男,衬衫,服装,32,New York,M,灰色,夏,2.6,否,门店自提,否,2,PayPal,每月,老年,30,回头客
1949,54,男,T恤,服装,37,Connecticut,L,棕色,冬,3.1,否,次日达,否,39,PayPal,双周,中年,14,忠实客户
1950,63,男,连衣裙,服装,80,Nebraska,L,灰色,冬,4.7,否,门店自提,否,12,PayPal,每季,老年,90,忠实客户
1951,43,男,双肩包,配饰,78,Arkansas,L,蓝色,夏,4.6,否,包邮,否,26,PayPal,每三个月,成年,90,忠实客户
1952,33,男,手套,配饰,53,Connecticut,L,金色,夏,2.7,否,次日达,否,32,银行转账,双周,成年,14,忠实客户
1953,57,男,鞋子,鞋履,82,Maryland,L,黄色,夏,4.6,否,两日达,否,50,现金,双周,中年,14,忠实客户
1954,25,男,半身裙,服装,33,Colorado,XL,绿色,春,4.8,否,标准快递,否,3,PayPal,每两周,青年,14,回头客
1955,26,男,手套,配饰,77,Colorado,M,粉色,冬,4.2,否,包邮,否,3,Venmo,每季,青年,90,回头客
1956,50,男,卫衣,服装,56,Maine,M,粉色,冬,4.9,否,快递,否,37,现金,每月,中年,30,忠实客户
1957,70,男,袜子,服装,37,Oklahoma,M,粉色,冬,4.9,否,快递,否,20,信用卡,每两周,老年,14,忠实客户
1958,68,男,手套,配饰,54,South Carolina,M,青色,春,4.5,否,门店自提,否,26,现金,双周,老年,14,忠实客户
1959,39,男,短裤,服装,67,Nevada,M,灰色,冬,2.7,否,门店自提,否,47,现金,每季,成年,90,忠实客户
1960,46,男,鞋子,鞋履,90,Colorado,M,白色,秋,3.1,否,门店自提,否,7,信用卡,每三个月,中年,90,回头客
1961,57,男,牛仔裤,服装,72,Massachusetts,L,红色,夏,3.3,否,两日达,否,40,信用卡,每年,中年,365,忠实客户
1962,47,男,靴子,鞋履,59,Nevada,L,黑色,夏,2.6,否,包邮,否,45,借记卡,每季,中年,90,忠实客户
1963,40,男,帽子,配饰,45,Iowa,M,银色,秋,4.4,否,标准快递,否,20,PayPal,每两周,成年,14,忠实客户
1964,52,男,短裤,服装,30,Michigan,L,粉色,春,3.9,否,标准快递,否,11,信用卡,每周,中年,7,忠实客户
1965,40,男,长裤,服装,51,West Virginia,S,青色,夏,4.6,否,快递,否,50,借记卡,每月,成年,30,忠实客户
1966,67,男,毛衣,服装,90,Indiana,M,白色,秋,4.9,否,快递,否,25,借记卡,每季,老年,90,忠实客户
1967,67,男,夹克,外套,95,Indiana,XL,紫色,冬,3.7,否,快递,否,5,信用卡,每两周,老年,14,回头客
1968,37,男,连衣裙,服装,81,Georgia,L,黄色,秋,3.7,否,标准快递,否,4,Venmo,每年,成年,365,回头客
1969,67,男,衬衫,服装,70,Minnesota,S,蓝色,春,4.2,否,标准快递,否,25,信用卡,每周,老年,7,忠实客户
1970,64,男,连衣裙,服装,32,Louisiana,S,青色,冬,3.5,否,次日达,否,11,银行转账,每两周,老年,14,忠实客户
1971,28,男,腰带,配饰,94,Maryland,M,靛蓝色,春,2.9,否,次日达,否,4,信用卡,双周,青年,14,回头客
1972,54,男,帽子,配饰,29,Pennsylvania,XL,靛蓝色,春,3.4,否,次日达,否,1,Venmo,每月,中年,30,新客户
1973,54,男,双肩包,配饰,31,Louisiana,M,银色,夏,3.3,否,快递,否,48,PayPal,每三个月,中年,90,忠实客户
1974,24,男,半身裙,服装,20,Maryland,XL,红色,秋,4.5,否,标准快递,否,9,Venmo,每三个月,青年,90,回头客
1975,27,男,手套,配饰,44,Tennessee,M,桃色,冬,4.6,否,两日达,否,2,PayPal,每两周,青年,14,回头客
1976,53,男,夹克,外套,77,Illinois,L,绿松石色,秋,2.9,否,快递,否,4,现金,每季,中年,90,回头客
1977,32,男,手提包,配饰,51,Wyoming,M,粉色,春,3.2,否,次日达,否,43,PayPal,每两周,成年,14,忠实客户
1978,24,男,凉鞋,鞋履,49,Florida,M,青绿色,夏,2.6,否,包邮,否,32,银行转账,每年,青年,365,忠实客户
1979,45,男,太阳镜,配饰,78,Massachusetts,L,品红色,春,3.8,否,门店自提,否,1,现金,每季,中年,90,新客户
1980,49,男,牛仔裤,服装,98,Tennessee,L,蓝色,春,2.8,否,门店自提,否,38,借记卡,每两周,中年,14,忠实客户
1981,51,男,凉鞋,鞋履,94,Iowa,M,绿色,冬,4.4,否,门店自提,否,25,PayPal,每两周,中年,14,忠实客户
1982,69,男,鞋子,鞋履,91,Michigan,L,紫罗兰色,夏,4.7,否,快递,否,42,PayPal,每季,老年,90,忠实客户
1983,41,男,太阳镜,配饰,77,Kansas,M,绿松石色,夏,2.7,否,两日达,否,32,PayPal,每月,成年,30,忠实客户
1984,59,男,围巾,配饰,97,Georgia,M,粉色,夏,2.6,否,次日达,否,21,借记卡,每季,老年,90,忠实客户
1985,26,男,半身裙,服装,58,West Virginia,M,黑色,夏,3.4,否,两日达,否,26,PayPal,每两周,青年,14,忠实客户
1986,23,男,手套,配饰,97,Tennessee,M,金色,春,3.9,否,两日达,否,6,信用卡,每两周,青年,14,回头客
1987,62,男,大衣,外套,48,Arkansas,L,绿色,夏,3.4,否,两日达,否,14,Venmo,每季,老年,90,忠实客户
1988,69,男,腰带,配饰,23,Vermont,XL,白色,夏,3.4,否,快递,否,4,现金,每季,老年,90,回头客
1989,46,男,长裤,服装,79,Virginia,M,金色,冬,3.9,否,包邮,否,26,银行转账,每周,中年,7,忠实客户
1990,35,男,首饰,配饰,42,Maryland,S,炭灰色,春,4.0,否,快递,否,39,PayPal,双周,成年,14,忠实客户
1991,32,男,双肩包,配饰,95,Connecticut,L,白色,春,3.4,否,两日达,否,15,PayPal,每年,成年,365,忠实客户
1992,46,男,运动鞋,鞋履,29,Missouri,M,棕色,夏,3.7,否,次日达,否,1,Venmo,每三个月,中年,90,新客户
1993,33,男,卫衣,服装,98,New Jersey,L,金色,冬,4.9,否,两日达,否,28,Venmo,每月,成年,30,忠实客户
1994,32,男,女式衬衫,服装,96,Arkansas,S,紫色,春,5.0,否,快递,否,17,现金,每周,成年,7,忠实客户
1995,33,男,太阳镜,配饰,66,Nevada,M,棕色,秋,2.9,否,次日达,否,24,信用卡,每周,成年,7,忠实客户
1996,67,男,靴子,鞋履,80,Missouri,S,青绿色,春,3.0,否,标准快递,否,29,借记卡,每季,老年,90,忠实客户
1997,67,男,运动鞋,鞋履,27,South Dakota,L,靛蓝色,夏,3.3,否,次日达,否,18,现金,每三个月,老年,90,忠实客户
1998,42,男,双肩包,配饰,25,Connecticut,M,紫色,秋,4.7,否,快递,否,10,借记卡,双周,成年,14,回头客
1999,20,男,长裤,服装,45,Vermont,M,橙色,秋,3.4,否,两日达,否,19,现金,每季,青年,90,忠实客户
2000,39,男,袜子,服装,89,Tennessee,L,靛蓝色,冬,4.6,否,两日达,否,26,借记卡,每月,成年,30,忠实客户
2001,26,男,腰带,配饰,27,California,M,薰衣草紫,冬,3.6,否,两日达,否,25,现金,双周,青年,14,忠实客户
2002,51,男,太阳镜,配饰,90,Wyoming,S,紫色,冬,2.6,否,包邮,否,2,借记卡,每两周,中年,14,回头客
2003,31,男,衬衫,服装,65,New York,M,红色,夏,2.7,否,快递,否,19,PayPal,每三个月,青年,90,忠实客户
2004,68,男,运动鞋,鞋履,72,Maine,S,蓝色,春,3.1,否,快递,否,32,现金,每季,老年,90,忠实客户
2005,44,男,鞋子,鞋履,70,Georgia,L,蓝色,秋,3.2,否,两日达,否,13,现金,双周,成年,14,忠实客户
2006,18,男,凉鞋,鞋履,82,Tennessee,M,青色,冬,3.4,否,门店自提,否,30,PayPal,每两周,青年,14,忠实客户
2007,58,男,围巾,配饰,97,New Mexico,S,粉色,秋,4.4,否,快递,否,2,信用卡,每年,老年,365,回头客
2008,26,男,衬衫,服装,25,Virginia,M,银色,夏,3.2,否,两日达,否,8,PayPal,每季,青年,90,回头客
2009,57,男,半身裙,服装,48,Florida,M,灰色,春,2.5,否,包邮,否,27,PayPal,每三个月,中年,90,忠实客户
2010,37,男,靴子,鞋履,99,Alabama,M,靛蓝色,夏,3.8,否,次日达,否,26,Venmo,双周,成年,14,忠实客户
2011,24,男,毛衣,服装,21,Texas,M,栗色,夏,4.4,否,两日达,否,3,借记卡,双周,青年,14,回头客
2012,57,男,凉鞋,鞋履,94,West Virginia,M,米色,春,3.7,否,快递,否,4,银行转账,每月,中年,30,回头客
2013,48,男,牛仔裤,服装,53,Nevada,L,绿色,秋,3.2,否,门店自提,否,5,现金,每两周,中年,14,回头客
2014,39,男,双肩包,配饰,70,Virginia,M,桃色,冬,4.9,否,标准快递,否,25,借记卡,每季,成年,90,忠实客户
2015,51,男,半身裙,服装,26,Wisconsin,L,黑色,夏,3.9,否,标准快递,否,47,PayPal,双周,中年,14,忠实客户
2016,57,男,腰带,配饰,82,Virginia,S,粉色,夏,4.5,否,次日达,否,8,信用卡,每两周,中年,14,回头客
2017,53,男,鞋子,鞋履,47,Maine,S,紫罗兰色,冬,3.4,否,标准快递,否,20,借记卡,每两周,中年,14,忠实客户
2018,70,男,袜子,服装,32,Massachusetts,S,绿色,冬,4.1,否,次日达,否,42,银行转账,每三个月,老年,90,忠实客户
2019,60,男,双肩包,配饰,97,Arkansas,S,金色,秋,4.5,否,门店自提,否,20,银行转账,每周,老年,7,忠实客户
2020,31,男,衬衫,服装,68,Idaho,S,红色,冬,4.7,否,门店自提,否,23,现金,每两周,青年,14,忠实客户
2021,41,男,毛衣,服装,23,Pennsylvania,M,米色,冬,4.8,否,次日达,否,26,现金,每季,成年,90,忠实客户
2022,62,男,手提包,配饰,33,Maine,M,绿色,冬,4.4,否,标准快递,否,48,Venmo,每季,老年,90,忠实客户
2023,59,男,首饰,配饰,38,Alabama,S,黑色,冬,4.0,否,门店自提,否,16,现金,双周,老年,14,忠实客户
2024,46,男,袜子,服装,68,Idaho,S,青绿色,冬,4.1,否,门店自提,否,28,现金,双周,中年,14,忠实客户
2025,62,男,袜子,服装,23,Arkansas,L,银色,秋,3.7,否,快递,否,39,PayPal,每周,老年,7,忠实客户
2026,42,男,衬衫,服装,29,Delaware,M,绿松石色,夏,3.0,否,快递,否,43,借记卡,每两周,成年,14,忠实客户
2027,37,男,围巾,配饰,35,Maine,M,橙色,冬,3.6,否,快递,否,45,银行转账,每三个月,成年,90,忠实客户
2028,50,男,鞋子,鞋履,73,Nebraska,S,金色,秋,4.8,否,标准快递,否,50,信用卡,每三个月,中年,90,忠实客户
2029,29,男,鞋子,鞋履,84,Ohio,XL,紫色,秋,3.7,否,两日达,否,10,Venmo,双周,青年,14,回头客
2030,25,男,围巾,配饰,23,Montana,M,粉色,春,4.6,否,次日达,否,40,PayPal,每季,青年,90,忠实客户
2031,66,男,太阳镜,配饰,67,New Mexico,S,绿色,夏,2.8,否,标准快递,否,38,信用卡,每月,老年,30,忠实客户
2032,21,男,袜子,服装,51,North Carolina,L,炭灰色,春,4.0,否,标准快递,否,2,信用卡,每月,青年,30,回头客
2033,46,男,女式衬衫,服装,36,South Carolina,M,栗色,冬,4.2,否,次日达,否,13,现金,每年,中年,365,忠实客户
2034,57,男,牛仔裤,服装,55,Illinois,L,橄榄绿,夏,3.6,否,快递,否,33,Venmo,每年,中年,365,忠实客户
2035,61,男,短裤,服装,30,Alabama,M,桃色,春,2.9,否,门店自提,否,27,PayPal,每月,老年,30,忠实客户
2036,53,男,T恤,服装,70,Oklahoma,S,黄色,夏,4.1,否,快递,否,43,银行转账,每周,中年,7,忠实客户
2037,37,男,女式衬衫,服装,63,Minnesota,S,薰衣草紫,冬,3.1,否,次日达,否,46,现金,每周,成年,7,忠实客户
2038,39,男,腰带,配饰,87,Illinois,S,绿色,夏,4.3,否,快递,否,7,Venmo,双周,成年,14,回头客
2039,53,男,女式衬衫,服装,70,Arkansas,L,橙色,春,4.4,否,次日达,否,35,信用卡,每两周,中年,14,忠实客户
2040,35,男,T恤,服装,51,Minnesota,M,橄榄绿,春,3.1,否,次日达,否,31,借记卡,双周,成年,14,忠实客户
2041,69,男,首饰,配饰,25,South Carolina,XL,灰色,春,2.9,否,包邮,否,42,Venmo,每季,老年,90,忠实客户
2042,66,男,夹克,外套,32,New York,S,薰衣草紫,冬,3.2,否,次日达,否,14,PayPal,双周,老年,14,忠实客户
2043,19,男,鞋子,鞋履,52,Alabama,M,红色,春,4.0,否,两日达,否,35,Venmo,每月,青年,30,忠实客户
2044,47,男,手套,配饰,33,New York,M,炭灰色,夏,2.7,否,标准快递,否,49,PayPal,每周,中年,7,忠实客户
2045,49,男,牛仔裤,服装,68,Missouri,L,橙色,春,3.0,否,包邮,否,17,PayPal,每两周,中年,14,忠实客户
2046,31,男,首饰,配饰,20,Georgia,M,红色,秋,4.4,否,快递,否,26,PayPal,每季,青年,90,忠实客户
2047,39,男,长裤,服装,32,Oklahoma,M,栗色,冬,2.8,否,包邮,否,30,现金,每三个月,成年,90,忠实客户
2048,58,男,首饰,配饰,82,Connecticut,M,银色,夏,3.1,否,门店自提,否,32,现金,每年,老年,365,忠实客户
2049,45,男,运动鞋,鞋履,64,Michigan,XL,粉色,冬,3.9,否,快递,否,35,银行转账,每季,中年,90,忠实客户
2050,68,男,靴子,鞋履,24,Rhode Island,L,蓝色,秋,2.7,否,标准快递,否,15,Venmo,每年,老年,365,忠实客户
2051,35,男,帽子,配饰,96,Mississippi,M,青绿色,夏,3.4,否,门店自提,否,10,借记卡,每年,成年,365,回头客
2052,65,男,T恤,服装,94,Massachusetts,L,黑色,春,3.8,否,包邮,否,14,信用卡,每月,老年,30,忠实客户
2053,45,男,双肩包,配饰,48,New Hampshire,M,灰色,冬,3.7,否,两日达,否,30,银行转账,每年,中年,365,忠实客户
2054,19,男,太阳镜,配饰,60,Wyoming,S,紫色,春,4.5,否,两日达,否,16,信用卡,每两周,青年,14,忠实客户
2055,65,男,毛衣,服装,56,New Jersey,XL,金色,春,2.9,否,快递,否,14,PayPal,每年,老年,365,忠实客户
2056,28,男,手提包,配饰,33,Texas,M,银色,秋,3.4,否,两日达,否,28,银行转账,每周,青年,7,忠实客户
2057,55,男,双肩包,配饰,46,Minnesota,L,蓝色,春,4.4,否,两日达,否,29,PayPal,每月,中年,30,忠实客户
2058,66,男,袜子,服装,37,South Dakota,L,黄色,春,4.2,否,标准快递,否,5,PayPal,每三个月,老年,90,回头客
2059,29,男,衬衫,服装,98,Washington,M,棕色,冬,3.3,否,门店自提,否,17,银行转账,每季,青年,90,忠实客户
2060,56,男,短裤,服装,50,California,XL,米色,春,3.7,否,快递,否,50,PayPal,每周,中年,7,忠实客户
2061,21,男,腰带,配饰,63,Wisconsin,M,蓝色,秋,3.2,否,次日达,否,23,银行转账,每季,青年,90,忠实客户
2062,32,男,毛衣,服装,70,Michigan,S,品红色,夏,2.6,否,门店自提,否,22,借记卡,每年,成年,365,忠实客户
2063,54,男,大衣,外套,63,South Carolina,L,银色,秋,2.8,否,标准快递,否,15,现金,每季,中年,90,忠实客户
2064,61,男,短裤,服装,86,Indiana,M,青色,秋,2.9,否,标准快递,否,32,现金,每月,老年,30,忠实客户
2065,31,男,鞋子,鞋履,99,Arkansas,M,绿色,夏,4.0,否,两日达,否,5,银行转账,每月,青年,30,回头客
2066,27,男,运动鞋,鞋履,40,Oregon,M,蓝色,春,2.9,否,包邮,否,6,银行转账,双周,青年,14,回头客
2067,64,男,运动鞋,鞋履,92,Illinois,M,橄榄绿,秋,4.7,否,门店自提,否,44,借记卡,每两周,老年,14,忠实客户
2068,60,男,长裤,服装,21,Maryland,XL,米色,秋,3.1,否,两日达,否,23,现金,每两周,老年,14,忠实客户
2069,70,男,首饰,配饰,81,Vermont,XL,黑色,夏,3.9,否,门店自提,否,44,Venmo,每月,老年,30,忠实客户
2070,36,男,T恤,服装,82,Texas,M,靛蓝色,秋,3.4,否,包邮,否,3,借记卡,每季,成年,90,回头客
2071,56,男,首饰,配饰,88,Nebraska,XL,红色,春,3.1,否,快递,否,14,现金,每月,中年,30,忠实客户
2072,69,男,夹克,外套,100,South Carolina,S,黄色,秋,4.8,否,门店自提,否,37,PayPal,每季,老年,90,忠实客户
2073,39,男,双肩包,配饰,66,Massachusetts,M,米色,冬,3.9,否,次日达,否,22,银行转账,每周,成年,7,忠实客户
2074,38,男,腰带,配饰,25,Texas,S,绿色,冬,3.5,否,次日达,否,2,PayPal,每三个月,成年,90,回头客
2075,36,男,围巾,配饰,53,Florida,M,白色,夏,3.1,否,包邮,否,44,借记卡,每两周,成年,14,忠实客户
2076,46,男,毛衣,服装,28,South Carolina,S,绿松石色,秋,4.7,否,快递,否,49,借记卡,每月,中年,30,忠实客户
2077,59,男,手套,配饰,23,Florida,S,靛蓝色,秋,4.6,否,包邮,否,22,借记卡,双周,老年,14,忠实客户
2078,64,男,围巾,配饰,34,Nebraska,L,橙色,秋,3.3,否,包邮,否,26,银行转账,每年,老年,365,忠实客户
2079,49,男,连衣裙,服装,42,Hawaii,M,蓝色,春,3.2,否,次日达,否,40,借记卡,每周,中年,7,忠实客户
2080,32,男,牛仔裤,服装,24,Montana,L,紫罗兰色,夏,3.1,否,次日达,否,16,PayPal,每季,成年,90,忠实客户
2081,29,男,太阳镜,配饰,47,South Dakota,S,灰色,秋,3.5,否,包邮,否,17,借记卡,双周,青年,14,忠实客户
2082,24,男,大衣,外套,78,Alabama,S,青色,春,4.3,否,标准快递,否,48,银行转账,双周,青年,14,忠实客户
2083,41,男,牛仔裤,服装,89,Arkansas,M,黄色,夏,2.9,否,包邮,否,28,Venmo,每三个月,成年,90,忠实客户
2084,41,男,围巾,配饰,59,Mississippi,L,橙色,秋,2.7,否,门店自提,否,26,信用卡,每两周,成年,14,忠实客户
2085,32,男,女式衬衫,服装,94,Vermont,S,棕色,夏,4.0,否,标准快递,否,43,银行转账,每季,成年,90,忠实客户
2086,69,男,牛仔裤,服装,49,New York,M,青绿色,秋,4.6,否,包邮,否,38,借记卡,每周,老年,7,忠实客户
2087,65,男,连衣裙,服装,89,North Dakota,L,米色,夏,4.7,否,两日达,否,36,现金,每三个月,老年,90,忠实客户
2088,54,男,帽子,配饰,91,Wisconsin,M,蓝色,夏,4.7,否,标准快递,否,1,信用卡,每周,中年,7,新客户
2089,39,男,凉鞋,鞋履,89,California,L,橙色,春,4.0,否,标准快递,否,49,借记卡,每年,成年,365,忠实客户
2090,37,男,夹克,外套,57,Maryland,L,金色,春,3.6,否,包邮,否,41,信用卡,每三个月,成年,90,忠实客户
2091,51,男,袜子,服装,71,Massachusetts,S,青绿色,冬,3.4,否,包邮,否,21,借记卡,每月,中年,30,忠实客户
2092,26,男,牛仔裤,服装,97,Washington,XL,米色,秋,3.0,否,次日达,否,24,银行转账,每季,青年,90,忠实客户
2093,42,男,凉鞋,鞋履,45,Minnesota,M,银色,秋,2.6,否,次日达,否,27,银行转账,每周,成年,7,忠实客户
2094,21,男,连衣裙,服装,91,Washington,M,栗色,春,4.2,否,门店自提,否,4,借记卡,每年,青年,365,回头客
2095,53,男,袜子,服装,25,South Carolina,M,靛蓝色,春,3.4,否,标准快递,否,19,Venmo,每年,中年,365,忠实客户
2096,36,男,卫衣,服装,63,New Mexico,M,灰色,秋,4.0,否,门店自提,否,1,银行转账,每两周,成年,14,新客户
2097,21,男,连衣裙,服装,52,North Carolina,L,蓝色,夏,4.7,否,包邮,否,27,借记卡,每年,青年,365,忠实客户
2098,33,男,运动鞋,鞋履,43,Iowa,S,青色,冬,3.9,否,次日达,否,5,信用卡,每周,成年,7,回头客
2099,49,男,T恤,服装,28,Louisiana,M,白色,夏,3.3,否,两日达,否,20,Venmo,每季,中年,90,忠实客户
2100,31,男,T恤,服装,78,Oklahoma,L,绿色,夏,2.9,否,快递,否,50,PayPal,每年,青年,365,忠实客户
2101,68,男,毛衣,服装,31,Michigan,M,银色,春,4.4,否,包邮,否,36,现金,每两周,老年,14,忠实客户
2102,49,男,衬衫,服装,23,Oregon,M,蓝色,冬,3.6,否,次日达,否,12,银行转账,双周,中年,14,忠实客户
2103,23,男,帽子,配饰,25,Idaho,M,棕色,春,4.5,否,门店自提,否,23,现金,每月,青年,30,忠实客户
2104,30,男,长裤,服装,86,Indiana,S,红色,夏,3.7,否,门店自提,否,21,Venmo,每周,青年,7,忠实客户
2105,53,男,鞋子,鞋履,88,New Mexico,M,金色,春,2.8,否,包邮,否,47,Venmo,每周,中年,7,忠实客户
2106,65,男,手套,配饰,35,South Carolina,M,银色,春,4.5,否,包邮,否,38,Venmo,双周,老年,14,忠实客户
2107,60,男,首饰,配饰,34,Vermont,M,灰色,秋,4.4,否,标准快递,否,40,信用卡,每三个月,老年,90,忠实客户
2108,46,男,长裤,服装,75,Delaware,M,黑色,冬,3.3,否,标准快递,否,35,PayPal,每季,中年,90,忠实客户
2109,54,男,卫衣,服装,46,North Dakota,XL,米色,冬,4.2,否,快递,否,4,信用卡,每季,中年,90,回头客
2110,59,男,首饰,配饰,31,California,L,桃色,秋,2.7,否,包邮,否,28,Venmo,每三个月,老年,90,忠实客户
2111,52,男,袜子,服装,93,Montana,L,青色,春,3.9,否,门店自提,否,36,借记卡,每三个月,中年,90,忠实客户
2112,41,男,太阳镜,配饰,85,Missouri,XL,粉色,春,2.6,否,包邮,否,15,银行转账,每年,成年,365,忠实客户
2113,43,男,腰带,配饰,68,Tennessee,M,薰衣草紫,秋,4.5,否,两日达,否,7,现金,每两周,成年,14,回头客
2114,63,男,连衣裙,服装,40,Virginia,M,棕色,春,2.7,否,门店自提,否,29,PayPal,每三个月,老年,90,忠实客户
2115,37,男,衬衫,服装,51,Vermont,M,品红色,冬,2.9,否,标准快递,否,12,借记卡,每年,成年,365,忠实客户
2116,44,男,围巾,配饰,85,Rhode Island,M,紫罗兰色,冬,3.4,否,门店自提,否,16,银行转账,双周,成年,14,忠实客户
2117,67,男,夹克,外套,23,Kansas,M,青绿色,夏,2.9,否,快递,否,50,借记卡,双周,老年,14,忠实客户
2118,27,男,连衣裙,服装,28,Colorado,L,棕色,夏,3.8,否,包邮,否,11,借记卡,每年,青年,365,忠实客户
2119,60,男,袜子,服装,44,Georgia,M,橄榄绿,秋,4.2,否,两日达,否,28,借记卡,每季,老年,90,忠实客户
2120,58,男,首饰,配饰,57,Nebraska,M,靛蓝色,春,3.5,否,门店自提,否,36,Venmo,双周,老年,14,忠实客户
2121,53,男,围巾,配饰,98,Missouri,S,红色,秋,3.1,否,次日达,否,38,PayPal,每季,中年,90,忠实客户
2122,43,男,双肩包,配饰,68,Alaska,M,橄榄绿,冬,3.5,否,两日达,否,32,银行转账,每月,成年,30,忠实客户
2123,32,男,夹克,外套,36,Virginia,L,青绿色,秋,4.0,否,快递,否,42,借记卡,每周,成年,7,忠实客户
2124,54,男,大衣,外套,71,Nebraska,L,青色,春,3.7,否,快递,否,22,借记卡,双周,中年,14,忠实客户
2125,47,男,半身裙,服装,60,Rhode Island,M,青绿色,秋,4.2,否,次日达,否,22,Venmo,每季,中年,90,忠实客户
2126,57,男,大衣,外套,87,New Hampshire,M,米色,秋,4.8,否,门店自提,否,31,PayPal,每季,中年,90,忠实客户
2127,63,男,鞋子,鞋履,38,Alabama,XL,品红色,冬,4.1,否,快递,否,28,信用卡,每月,老年,30,忠实客户
2128,70,男,靴子,鞋履,45,North Carolina,M,靛蓝色,春,4.5,否,两日达,否,40,借记卡,每周,老年,7,忠实客户
2129,62,男,大衣,外套,47,New Mexico,L,青色,秋,2.7,否,两日达,否,21,PayPal,每周,老年,7,忠实客户
2130,40,男,半身裙,服装,57,Minnesota,L,橙色,秋,2.8,否,门店自提,否,12,PayPal,每三个月,成年,90,忠实客户
2131,25,男,双肩包,配饰,68,Arizona,L,紫罗兰色,夏,3.7,否,包邮,否,33,信用卡,每年,青年,365,忠实客户
2132,19,男,短裤,服装,52,Montana,M,红色,秋,3.6,否,快递,否,9,银行转账,每两周,青年,14,回头客
2133,25,男,半身裙,服装,87,Vermont,M,品红色,秋,4.7,否,两日达,否,15,借记卡,每周,青年,7,忠实客户
2134,21,男,帽子,配饰,34,Maine,M,橄榄绿,夏,3.8,否,标准快递,否,13,银行转账,每年,青年,365,忠实客户
2135,55,男,凉鞋,鞋履,41,Virginia,XL,栗色,冬,2.9,否,标准快递,否,35,信用卡,每两周,中年,14,忠实客户
2136,34,男,太阳镜,配饰,94,California,S,黄色,冬,4.6,否,次日达,否,1,借记卡,每三个月,成年,90,新客户
2137,47,男,太阳镜,配饰,93,New York,M,红色,夏,2.8,否,标准快递,否,25,银行转账,每两周,中年,14,忠实客户
2138,27,男,袜子,服装,51,Indiana,XL,紫色,冬,4.6,否,两日达,否,20,信用卡,每三个月,青年,90,忠实客户
2139,67,男,毛衣,服装,42,Mississippi,M,青绿色,秋,2.8,否,次日达,否,36,Venmo,每季,老年,90,忠实客户
2140,40,男,靴子,鞋履,95,New York,M,红色,冬,3.0,否,包邮,否,33,现金,每周,成年,7,忠实客户
2141,53,男,手提包,配饰,90,New Mexico,M,棕色,秋,3.7,否,标准快递,否,36,现金,每两周,中年,14,忠实客户
2142,24,男,连衣裙,服装,98,Kentucky,M,桃色,冬,4.1,否,两日达,否,32,PayPal,每年,青年,365,忠实客户
2143,47,男,帽子,配饰,39,North Dakota,M,栗色,冬,4.3,否,次日达,否,21,Venmo,每季,中年,90,忠实客户
2144,53,男,凉鞋,鞋履,66,Arkansas,L,红色,秋,3.8,否,次日达,否,48,Venmo,双周,中年,14,忠实客户
2145,47,男,鞋子,鞋履,23,Maryland,L,橙色,冬,3.7,否,包邮,否,25,PayPal,每季,中年,90,忠实客户
2146,38,男,半身裙,服装,73,Connecticut,S,白色,冬,4.8,否,标准快递,否,32,PayPal,每年,成年,365,忠实客户
2147,48,男,太阳镜,配饰,23,Utah,XL,白色,夏,4.6,否,标准快递,否,45,PayPal,每三个月,中年,90,忠实客户
2148,47,男,半身裙,服装,43,Missouri,S,炭灰色,秋,4.8,否,标准快递,否,4,现金,每两周,中年,14,回头客
2149,19,男,T恤,服装,45,Nebraska,XL,绿松石色,冬,4.6,否,两日达,否,19,PayPal,双周,青年,14,忠实客户
2150,38,男,凉鞋,鞋履,21,Hawaii,L,橙色,冬,4.0,否,标准快递,否,1,银行转账,每周,成年,7,新客户
2151,57,男,衬衫,服装,40,Illinois,M,橙色,春,2.6,否,两日达,否,12,现金,每周,中年,7,忠实客户
2152,70,男,牛仔裤,服装,58,Vermont,L,棕色,秋,2.6,否,两日达,否,18,Venmo,每月,老年,30,忠实客户
2153,38,男,短裤,服装,48,New Jersey,L,品红色,夏,4.5,否,次日达,否,43,银行转账,双周,成年,14,忠实客户
2154,35,男,衬衫,服装,94,Kentucky,M,紫罗兰色,秋,4.2,否,包邮,否,31,PayPal,每年,成年,365,忠实客户
2155,46,男,围巾,配饰,74,Wyoming,M,紫罗兰色,春,3.4,否,门店自提,否,33,现金,每三个月,中年,90,忠实客户
2156,32,男,手提包,配饰,51,Hawaii,L,黄色,秋,3.7,否,门店自提,否,46,PayPal,每月,成年,30,忠实客户
2157,38,男,半身裙,服装,83,Missouri,M,栗色,冬,3.6,否,次日达,否,41,借记卡,双周,成年,14,忠实客户
2158,41,男,手提包,配饰,68,Mississippi,L,绿松石色,冬,4.0,否,次日达,否,41,Venmo,每两周,成年,14,忠实客户
2159,19,男,手套,配饰,84,Massachusetts,XL,橄榄绿,春,4.6,否,标准快递,否,9,银行转账,每两周,青年,14,回头客
2160,18,男,衬衫,服装,58,Louisiana,M,桃色,秋,3.0,否,包邮,否,34,现金,每年,青年,365,忠实客户
2161,45,男,女式衬衫,服装,92,West Virginia,L,炭灰色,冬,3.3,否,快递,否,21,PayPal,每年,中年,365,忠实客户
2162,23,男,连衣裙,服装,69,Washington,S,桃色,夏,3.8,否,快递,否,5,借记卡,每两周,青年,14,回头客
2163,60,男,短裤,服装,48,Oregon,S,黑色,夏,2.7,否,包邮,否,32,PayPal,每周,老年,7,忠实客户
2164,52,男,鞋子,鞋履,60,New York,L,灰色,春,4.5,否,快递,否,44,银行转账,每月,中年,30,忠实客户
2165,42,男,凉鞋,鞋履,20,Iowa,S,橄榄绿,冬,4.8,否,次日达,否,46,PayPal,双周,成年,14,忠实客户
2166,29,男,长裤,服装,55,Idaho,M,绿松石色,夏,4.2,否,快递,否,42,信用卡,每三个月,青年,90,忠实客户
2167,31,男,夹克,外套,88,New Jersey,S,紫色,春,3.5,否,快递,否,50,信用卡,双周,青年,14,忠实客户
2168,30,男,半身裙,服装,48,Ohio,L,绿色,冬,4.9,否,标准快递,否,33,Venmo,每两周,青年,14,忠实客户
2169,23,男,手提包,配饰,74,Connecticut,M,米色,春,4.1,否,次日达,否,32,现金,每季,青年,90,忠实客户
2170,31,男,大衣,外套,42,Florida,M,棕色,秋,2.9,否,次日达,否,32,银行转账,双周,青年,14,忠实客户
2171,40,男,毛衣,服装,32,South Carolina,M,绿松石色,秋,4.0,否,次日达,否,37,Venmo,每三个月,成年,90,忠实客户
2172,39,男,短裤,服装,98,Missouri,M,黄色,夏,4.6,否,门店自提,否,9,现金,每两周,成年,14,回头客
2173,28,男,半身裙,服装,89,Rhode Island,S,薰衣草紫,秋,2.8,否,门店自提,否,6,PayPal,每两周,青年,14,回头客
2174,23,男,手套,配饰,97,Delaware,S,青色,夏,5.0,否,两日达,否,36,Venmo,每季,青年,90,忠实客户
2175,42,男,双肩包,配饰,49,Colorado,S,橄榄绿,春,2.9,否,门店自提,否,1,现金,每年,成年,365,新客户
2176,68,男,连衣裙,服装,50,Nebraska,M,银色,春,3.3,否,包邮,否,48,信用卡,每两周,老年,14,忠实客户
2177,24,男,腰带,配饰,91,Vermont,S,红色,冬,3.4,否,两日达,否,44,借记卡,每季,青年,90,忠实客户
2178,24,男,手套,配饰,93,Montana,XL,绿色,冬,3.0,否,快递,否,9,PayPal,双周,青年,14,回头客
2179,21,男,首饰,配饰,98,Florida,M,金色,夏,4.7,否,标准快递,否,32,Venmo,每年,青年,365,忠实客户
2180,49,男,袜子,服装,82,Delaware,L,薰衣草紫,秋,2.9,否,次日达,否,14,PayPal,每月,中年,30,忠实客户
2181,41,男,大衣,外套,37,Connecticut,M,黄色,夏,4.1,否,门店自提,否,43,现金,每季,成年,90,忠实客户
2182,22,男,手提包,配饰,63,Hawaii,M,黑色,秋,3.2,否,包邮,否,32,银行转账,双周,青年,14,忠实客户
2183,42,男,女式衬衫,服装,99,New Mexico,M,栗色,冬,2.7,否,门店自提,否,26,Venmo,双周,成年,14,忠实客户
2184,30,男,短裤,服装,37,Kansas,M,栗色,春,4.7,否,门店自提,否,2,现金,每月,青年,30,回头客
2185,38,男,鞋子,鞋履,34,Nevada,S,金色,春,3.2,否,包邮,否,16,PayPal,每三个月,成年,90,忠实客户
2186,40,男,短裤,服装,32,North Carolina,M,紫罗兰色,冬,2.5,否,快递,否,50,借记卡,每三个月,成年,90,忠实客户
2187,55,男,凉鞋,鞋履,23,New Mexico,XL,青绿色,冬,4.3,否,次日达,否,6,PayPal,每三个月,中年,90,回头客
2188,37,男,女式衬衫,服装,78,Idaho,M,紫罗兰色,春,4.4,否,包邮,否,20,PayPal,每年,成年,365,忠实客户
2189,41,男,大衣,外套,54,California,M,棕色,冬,4.7,否,次日达,否,9,信用卡,每周,成年,7,回头客
2190,38,男,女式衬衫,服装,94,Wisconsin,XL,棕色,秋,4.0,否,快递,否,47,信用卡,双周,成年,14,忠实客户
2191,42,男,腰带,配饰,75,Alaska,S,栗色,春,4.6,否,快递,否,33,信用卡,每年,成年,365,忠实客户
2192,26,男,女式衬衫,服装,69,Pennsylvania,S,栗色,夏,3.8,否,次日达,否,46,现金,双周,青年,14,忠实客户
2193,41,男,围巾,配饰,35,Virginia,L,黄色,冬,3.2,否,次日达,否,9,信用卡,每月,成年,30,回头客
2194,27,男,衬衫,服装,78,California,L,绿松石色,春,5.0,否,快递,否,8,PayPal,每月,青年,30,回头客
2195,61,男,袜子,服装,29,Kentucky,M,银色,夏,3.5,否,标准快递,否,48,银行转账,每季,老年,90,忠实客户
2196,58,男,牛仔裤,服装,62,New York,M,棕色,秋,3.7,否,次日达,否,2,现金,每月,老年,30,回头客
2197,25,男,连衣裙,服装,58,Vermont,M,灰色,春,4.8,否,次日达,否,31,PayPal,每周,青年,7,忠实客户
2198,33,男,靴子,鞋履,88,Pennsylvania,M,靛蓝色,夏,3.7,否,两日达,否,40,Venmo,每月,成年,30,忠实客户
2199,57,男,围巾,配饰,80,New York,L,绿松石色,夏,3.5,否,包邮,否,35,Venmo,每月,中年,30,忠实客户
2200,39,男,围巾,配饰,47,North Carolina,M,栗色,夏,4.9,否,门店自提,否,40,借记卡,每月,成年,30,忠实客户
2201,60,男,手套,配饰,51,Wyoming,L,炭灰色,夏,4.7,否,次日达,否,27,借记卡,每三个月,老年,90,忠实客户
2202,39,男,长裤,服装,25,Ohio,L,桃色,春,4.9,否,两日达,否,10,Venmo,每年,成年,365,回头客
2203,42,男,连衣裙,服装,36,Alabama,M,红色,夏,4.3,否,次日达,否,23,信用卡,每周,成年,7,忠实客户
2204,53,男,连衣裙,服装,79,Rhode Island,M,靛蓝色,冬,3.1,否,包邮,否,32,现金,每季,中年,90,忠实客户
2205,20,男,牛仔裤,服装,41,Oregon,S,薰衣草紫,冬,3.4,否,两日达,否,6,借记卡,每月,青年,30,回头客
2206,46,男,毛衣,服装,68,North Dakota,XL,红色,秋,2.7,否,快递,否,27,PayPal,每周,中年,7,忠实客户
2207,46,男,凉鞋,鞋履,51,Illinois,L,绿色,春,2.6,否,门店自提,否,25,银行转账,每两周,中年,14,忠实客户
2208,69,男,手提包,配饰,38,New Mexico,M,灰色,秋,2.9,否,次日达,否,11,信用卡,每年,老年,365,忠实客户
2209,28,男,围巾,配饰,46,Colorado,XL,紫罗兰色,夏,2.7,否,两日达,否,23,PayPal,每月,青年,30,忠实客户
2210,42,男,凉鞋,鞋履,20,Utah,XL,米色,夏,4.5,否,两日达,否,44,银行转账,每季,成年,90,忠实客户
2211,30,男,太阳镜,配饰,25,Virginia,M,橙色,夏,3.1,否,门店自提,否,35,PayPal,每两周,青年,14,忠实客户
2212,50,男,毛衣,服装,89,Maine,L,紫色,冬,3.2,否,包邮,否,45,借记卡,每三个月,中年,90,忠实客户
2213,59,男,长裤,服装,77,Nebraska,M,棕色,冬,3.3,否,次日达,否,22,银行转账,每季,老年,90,忠实客户
2214,54,男,帽子,配饰,94,Hawaii,M,栗色,秋,2.9,否,快递,否,18,借记卡,每季,中年,90,忠实客户
2215,50,男,腰带,配饰,100,Idaho,L,金色,秋,4.1,否,标准快递,否,20,借记卡,每周,中年,7,忠实客户
2216,25,男,凉鞋,鞋履,96,West Virginia,M,靛蓝色,冬,2.7,否,快递,否,28,信用卡,每两周,青年,14,忠实客户
2217,41,男,长裤,服装,36,Vermont,XL,银色,冬,4.0,否,门店自提,否,15,Venmo,双周,成年,14,忠实客户
2218,35,男,首饰,配饰,27,Indiana,XL,红色,秋,2.6,否,门店自提,否,42,银行转账,每两周,成年,14,忠实客户
2219,67,男,太阳镜,配饰,67,Idaho,M,品红色,冬,3.5,否,门店自提,否,20,借记卡,每季,老年,90,忠实客户
2220,33,男,女式衬衫,服装,91,Minnesota,S,紫色,秋,2.8,否,门店自提,否,16,银行转账,每两周,成年,14,忠实客户
2221,19,男,腰带,配饰,62,Wyoming,XL,米色,秋,4.5,否,门店自提,否,47,现金,每年,青年,365,忠实客户
2222,25,男,短裤,服装,88,Kansas,XL,白色,秋,3.0,否,包邮,否,34,信用卡,每年,青年,365,忠实客户
2223,32,男,长裤,服装,66,Georgia,M,青绿色,夏,4.4,否,门店自提,否,30,信用卡,每周,成年,7,忠实客户
2224,30,男,凉鞋,鞋履,65,Kansas,M,灰色,秋,4.7,否,次日达,否,5,PayPal,每季,青年,90,回头客
2225,18,男,手套,配饰,25,Nebraska,L,炭灰色,冬,4.3,否,标准快递,否,38,现金,每季,青年,90,忠实客户
2226,38,男,腰带,配饰,64,Washington,S,橄榄绿,春,4.8,否,包邮,否,18,信用卡,每年,成年,365,忠实客户
2227,22,男,衬衫,服装,72,Missouri,L,蓝色,春,4.8,否,门店自提,否,28,现金,每年,青年,365,忠实客户
2228,40,男,围巾,配饰,74,Washington,S,灰色,夏,4.4,否,次日达,否,42,信用卡,每两周,成年,14,忠实客户
2229,54,男,手套,配饰,50,Kansas,M,绿色,秋,3.7,否,包邮,否,5,信用卡,每周,中年,7,回头客
2230,70,男,长裤,服装,97,Minnesota,M,银色,秋,3.9,否,快递,否,50,Venmo,每月,老年,30,忠实客户
2231,52,男,运动鞋,鞋履,36,Colorado,S,青绿色,春,3.8,否,快递,否,33,Venmo,每两周,中年,14,忠实客户
2232,34,男,夹克,外套,49,Utah,M,米色,秋,4.1,否,门店自提,否,1,信用卡,每周,成年,7,新客户
2233,65,男,鞋子,鞋履,64,North Carolina,L,薰衣草紫,春,4.0,否,门店自提,否,14,现金,每两周,老年,14,忠实客户
2234,38,男,女式衬衫,服装,31,Florida,XL,灰色,夏,4.5,否,快递,否,48,信用卡,每月,成年,30,忠实客户
2235,35,男,靴子,鞋履,66,New Hampshire,S,黄色,冬,4.0,否,快递,否,26,现金,每周,成年,7,忠实客户
2236,40,男,袜子,服装,82,Illinois,M,灰色,春,4.5,否,两日达,否,44,信用卡,每年,成年,365,忠实客户
2237,23,男,T恤,服装,88,Louisiana,M,黄色,冬,2.7,否,标准快递,否,18,借记卡,每两周,青年,14,忠实客户
2238,45,男,凉鞋,鞋履,34,Alabama,S,黑色,夏,3.8,否,次日达,否,31,Venmo,每三个月,中年,90,忠实客户
2239,40,男,运动鞋,鞋履,84,Florida,L,米色,冬,3.8,否,标准快递,否,18,借记卡,每周,成年,7,忠实客户
2240,42,男,首饰,配饰,96,Alabama,L,靛蓝色,夏,3.8,否,两日达,否,41,信用卡,每三个月,成年,90,忠实客户
2241,57,男,凉鞋,鞋履,71,California,L,绿色,冬,4.3,否,次日达,否,18,借记卡,每三个月,中年,90,忠实客户
2242,18,男,夹克,外套,77,Maryland,M,紫色,夏,3.5,否,包邮,否,3,银行转账,双周,青年,14,回头客
2243,18,男,半身裙,服装,66,Nevada,M,橙色,春,3.8,否,次日达,否,5,信用卡,双周,青年,14,回头客
2244,56,男,衬衫,服装,21,Massachusetts,M,青绿色,冬,3.7,否,两日达,否,13,借记卡,每年,中年,365,忠实客户
2245,35,男,短裤,服装,37,South Carolina,M,金色,夏,4.8,否,两日达,否,22,PayPal,每年,成年,365,忠实客户
2246,49,男,袜子,服装,90,Delaware,L,灰色,秋,4.9,否,包邮,否,45,PayPal,每两周,中年,14,忠实客户
2247,49,男,夹克,外套,96,Hawaii,M,青色,秋,4.3,否,门店自提,否,39,PayPal,每三个月,中年,90,忠实客户
2248,34,男,首饰,配饰,37,Florida,L,青绿色,夏,4.4,否,次日达,否,18,Venmo,每年,成年,365,忠实客户
2249,63,男,T恤,服装,66,Rhode Island,M,紫罗兰色,冬,3.4,否,包邮,否,19,PayPal,每两周,老年,14,忠实客户
2250,42,男,手套,配饰,45,Wyoming,XL,靛蓝色,春,4.3,否,次日达,否,29,借记卡,每周,成年,7,忠实客户
2251,41,男,鞋子,鞋履,89,Colorado,L,粉色,夏,4.6,否,门店自提,否,19,信用卡,每周,成年,7,忠实客户
2252,26,男,鞋子,鞋履,94,Virginia,L,金色,秋,3.8,否,包邮,否,22,借记卡,每月,青年,30,忠实客户
2253,48,男,鞋子,鞋履,96,Nebraska,S,栗色,夏,3.9,否,快递,否,21,银行转账,每年,中年,365,忠实客户
2254,62,男,卫衣,服装,31,Oklahoma,M,棕色,春,2.6,否,门店自提,否,22,PayPal,每月,老年,30,忠实客户
2255,24,男,腰带,配饰,79,North Dakota,M,金色,冬,4.2,否,门店自提,否,44,PayPal,每三个月,青年,90,忠实客户
2256,48,男,大衣,外套,39,Michigan,L,青绿色,春,4.6,否,门店自提,否,42,银行转账,每季,中年,90,忠实客户
2257,31,男,女式衬衫,服装,22,California,M,绿松石色,秋,5.0,否,标准快递,否,33,信用卡,每季,青年,90,忠实客户
2258,41,男,半身裙,服装,32,Tennessee,L,橄榄绿,秋,4.2,否,标准快递,否,6,银行转账,每年,成年,365,回头客
2259,24,男,T恤,服装,71,Ohio,L,青色,冬,4.3,否,门店自提,否,44,信用卡,每三个月,青年,90,忠实客户
2260,60,男,牛仔裤,服装,96,Florida,XL,米色,春,3.3,否,包邮,否,24,现金,每年,老年,365,忠实客户
2261,38,男,围巾,配饰,82,Missouri,M,蓝色,秋,4.9,否,快递,否,16,PayPal,每季,成年,90,忠实客户
2262,58,男,双肩包,配饰,76,South Carolina,L,金色,春,4.4,否,标准快递,否,12,银行转账,每两周,老年,14,忠实客户
2263,53,男,双肩包,配饰,22,Arizona,M,绿色,冬,3.1,否,两日达,否,50,PayPal,每月,中年,30,忠实客户
2264,44,男,围巾,配饰,40,Indiana,XL,绿色,冬,3.5,否,门店自提,否,42,现金,每季,成年,90,忠实客户
2265,51,男,帽子,配饰,92,North Dakota,M,绿松石色,夏,3.9,否,两日达,否,50,PayPal,每月,中年,30,忠实客户
2266,36,男,大衣,外套,94,Montana,XL,黄色,秋,3.9,否,门店自提,否,10,PayPal,每季,成年,90,回头客
2267,20,男,连衣裙,服装,44,Missouri,M,黄色,秋,4.3,否,门店自提,否,32,借记卡,每周,青年,7,忠实客户
2268,32,男,手套,配饰,49,Kentucky,S,蓝色,春,3.8,否,快递,否,37,Venmo,每周,成年,7,忠实客户
2269,66,男,毛衣,服装,26,Georgia,L,炭灰色,春,2.7,否,两日达,否,15,银行转账,每月,老年,30,忠实客户
2270,49,男,半身裙,服装,38,Kentucky,M,黄色,秋,4.4,否,门店自提,否,27,信用卡,每年,中年,365,忠实客户
2271,27,男,女式衬衫,服装,72,Georgia,L,紫色,春,3.5,否,快递,否,7,Venmo,每周,青年,7,回头客
2272,29,男,连衣裙,服装,99,Alaska,M,绿色,夏,3.4,否,包邮,否,49,PayPal,每季,青年,90,忠实客户
2273,29,男,夹克,外套,38,Maine,L,炭灰色,春,4.0,否,标准快递,否,44,PayPal,每月,青年,30,忠实客户
2274,55,男,大衣,外套,96,New Mexico,L,银色,冬,4.8,否,快递,否,13,PayPal,双周,中年,14,忠实客户
2275,57,男,连衣裙,服装,27,New York,L,绿松石色,春,4.5,否,次日达,否,38,PayPal,每两周,中年,14,忠实客户
2276,29,男,短裤,服装,24,Oklahoma,M,灰色,冬,4.4,否,标准快递,否,10,借记卡,每周,青年,7,回头客
2277,31,男,牛仔裤,服装,82,Wyoming,L,红色,夏,4.1,否,两日达,否,25,借记卡,每周,青年,7,忠实客户
2278,25,男,帽子,配饰,56,Alabama,M,米色,夏,4.6,否,次日达,否,18,信用卡,每季,青年,90,忠实客户
2279,61,男,手套,配饰,25,Maryland,M,栗色,秋,3.8,否,门店自提,否,6,现金,每三个月,老年,90,回头客
2280,53,男,运动鞋,鞋履,67,West Virginia,L,靛蓝色,春,2.9,否,包邮,否,35,银行转账,每季,中年,90,忠实客户
2281,22,男,鞋子,鞋履,21,Kentucky,M,红色,夏,2.8,否,标准快递,否,31,信用卡,每两周,青年,14,忠实客户
2282,28,男,卫衣,服装,27,Kansas,XL,栗色,夏,3.0,否,门店自提,否,41,银行转账,每年,青年,365,忠实客户
2283,18,男,运动鞋,鞋履,97,Idaho,S,红色,秋,4.2,否,两日达,否,8,信用卡,每年,青年,365,回头客
2284,44,男,手提包,配饰,45,Ohio,S,黑色,冬,4.1,否,包邮,否,34,信用卡,每两周,成年,14,忠实客户
2285,32,男,女式衬衫,服装,63,Iowa,XL,黑色,秋,4.1,否,快递,否,20,Venmo,每年,成年,365,忠实客户
2286,34,男,腰带,配饰,100,Michigan,L,粉色,夏,4.6,否,两日达,否,38,PayPal,每三个月,成年,90,忠实客户
2287,67,男,袜子,服装,38,South Dakota,L,蓝色,春,2.5,否,门店自提,否,35,Venmo,每季,老年,90,忠实客户
2288,66,男,女式衬衫,服装,45,Nebraska,L,绿色,夏,3.0,否,门店自提,否,6,借记卡,每年,老年,365,回头客
2289,28,男,首饰,配饰,91,California,M,橙色,秋,3.8,否,次日达,否,50,PayPal,每周,青年,7,忠实客户
2290,70,男,短裤,服装,82,Nevada,M,橙色,秋,4.1,否,包邮,否,47,Venmo,每周,老年,7,忠实客户
2291,37,男,靴子,鞋履,48,Kansas,L,品红色,冬,3.3,否,标准快递,否,23,PayPal,每季,成年,90,忠实客户
2292,28,男,大衣,外套,30,Ohio,M,靛蓝色,春,5.0,否,两日达,否,13,信用卡,每季,青年,90,忠实客户
2293,43,男,T恤,服装,34,Vermont,S,米色,春,3.8,否,次日达,否,31,借记卡,每月,成年,30,忠实客户
2294,37,男,毛衣,服装,68,Georgia,L,绿色,秋,3.3,否,快递,否,16,借记卡,每三个月,成年,90,忠实客户
2295,54,男,太阳镜,配饰,95,Maryland,M,红色,冬,5.0,否,快递,否,40,借记卡,每年,中年,365,忠实客户
2296,50,男,帽子,配饰,22,Connecticut,L,米色,春,2.9,否,两日达,否,45,PayPal,每季,中年,90,忠实客户
2297,46,男,手套,配饰,88,Washington,M,绿色,秋,2.5,否,次日达,否,50,Venmo,每三个月,中年,90,忠实客户
2298,60,男,袜子,服装,83,California,M,橙色,夏,4.7,否,标准快递,否,1,银行转账,每季,老年,90,新客户
2299,40,男,手提包,配饰,87,Montana,L,青色,春,2.9,否,两日达,否,10,现金,每三个月,成年,90,回头客
2300,64,男,大衣,外套,57,Idaho,M,紫罗兰色,夏,3.7,否,门店自提,否,48,信用卡,每三个月,老年,90,忠实客户
2301,18,男,大衣,外套,88,Pennsylvania,XL,薰衣草紫,夏,4.4,否,两日达,否,38,信用卡,每月,青年,30,忠实客户
2302,37,男,长裤,服装,20,Maine,L,绿松石色,冬,2.9,否,次日达,否,21,借记卡,每年,成年,365,忠实客户
2303,36,男,腰带,配饰,39,Montana,L,粉色,夏,3.6,否,门店自提,否,38,Venmo,每月,成年,30,忠实客户
2304,51,男,太阳镜,配饰,71,New Jersey,S,米色,春,4.8,否,两日达,否,31,信用卡,每两周,中年,14,忠实客户
2305,26,男,卫衣,服装,73,Louisiana,L,银色,冬,4.7,否,包邮,否,9,借记卡,每两周,青年,14,回头客
2306,68,男,手提包,配饰,63,Maine,M,金色,夏,2.6,否,包邮,否,47,现金,每周,老年,7,忠实客户
2307,27,男,手套,配饰,78,Florida,L,银色,冬,3.4,否,标准快递,否,8,现金,双周,青年,14,回头客
2308,28,男,半身裙,服装,96,Missouri,L,绿色,秋,3.5,否,次日达,否,30,借记卡,每年,青年,365,忠实客户
2309,49,男,太阳镜,配饰,81,North Dakota,M,青绿色,冬,3.4,否,两日达,否,22,银行转账,每季,中年,90,忠实客户
2310,70,男,连衣裙,服装,95,Connecticut,S,金色,秋,5.0,否,两日达,否,3,银行转账,每季,老年,90,回头客
2311,30,男,手套,配饰,68,Virginia,M,青色,春,4.6,否,标准快递,否,15,PayPal,每月,青年,30,忠实客户
2312,27,男,运动鞋,鞋履,28,Montana,L,金色,春,4.8,否,两日达,否,10,银行转账,每三个月,青年,90,回头客
2313,19,男,T恤,服装,30,Vermont,L,紫罗兰色,夏,3.7,否,包邮,否,19,现金,每三个月,青年,90,忠实客户
2314,64,男,连衣裙,服装,31,Georgia,M,黑色,夏,4.7,否,次日达,否,36,银行转账,每两周,老年,14,忠实客户
2315,42,男,手提包,配饰,95,Virginia,XL,棕色,冬,4.4,否,快递,否,12,银行转账,每三个月,成年,90,忠实客户
2316,69,男,袜子,服装,79,Vermont,M,靛蓝色,冬,3.5,否,两日达,否,49,借记卡,每季,老年,90,忠实客户
2317,28,男,运动鞋,鞋履,39,Montana,L,黄色,冬,3.8,否,标准快递,否,7,借记卡,每年,青年,365,回头客
2318,47,男,夹克,外套,34,New Jersey,M,紫色,夏,4.7,否,次日达,否,28,银行转账,每月,中年,30,忠实客户
2319,69,男,卫衣,服装,28,Wyoming,L,白色,春,3.1,否,门店自提,否,30,信用卡,每年,老年,365,忠实客户
2320,56,男,凉鞋,鞋履,38,Maine,XL,绿松石色,冬,5.0,否,包邮,否,29,PayPal,每月,中年,30,忠实客户
2321,28,男,鞋子,鞋履,55,New Mexico,M,橄榄绿,春,3.7,否,包邮,否,9,借记卡,每三个月,青年,90,回头客
2322,50,男,凉鞋,鞋履,31,Colorado,M,米色,冬,3.0,否,次日达,否,27,借记卡,每两周,中年,14,忠实客户
2323,39,男,大衣,外套,84,Connecticut,S,薰衣草紫,春,4.5,否,门店自提,否,21,Venmo,每两周,成年,14,忠实客户
2324,35,男,手套,配饰,93,Maryland,L,白色,冬,4.7,否,快递,否,36,信用卡,每月,成年,30,忠实客户
2325,59,男,大衣,外套,28,Oregon,L,棕色,冬,3.5,否,包邮,否,19,借记卡,每年,老年,365,忠实客户
2326,44,男,靴子,鞋履,55,New York,M,炭灰色,夏,4.4,否,两日达,否,47,现金,每周,成年,7,忠实客户
2327,66,男,半身裙,服装,63,Oklahoma,L,栗色,冬,2.6,否,标准快递,否,38,银行转账,每年,老年,365,忠实客户
2328,20,男,半身裙,服装,94,Alabama,M,红色,冬,4.2,否,两日达,否,22,Venmo,双周,青年,14,忠实客户
2329,45,男,长裤,服装,36,North Dakota,M,栗色,秋,2.6,否,快递,否,29,Venmo,双周,中年,14,忠实客户
2330,49,男,帽子,配饰,97,Nebraska,S,青绿色,春,4.8,否,包邮,否,42,银行转账,每年,中年,365,忠实客户
2331,60,男,双肩包,配饰,63,Arizona,L,橙色,夏,2.9,否,门店自提,否,47,PayPal,每三个月,老年,90,忠实客户
2332,61,男,围巾,配饰,77,Illinois,S,橄榄绿,春,4.3,否,两日达,否,10,信用卡,双周,老年,14,回头客
2333,36,男,围巾,配饰,53,South Carolina,XL,橄榄绿,秋,2.6,否,门店自提,否,10,Venmo,每月,成年,30,回头客
2334,33,男,衬衫,服装,77,Kansas,M,米色,春,3.8,否,次日达,否,1,PayPal,每三个月,成年,90,新客户
2335,49,男,靴子,鞋履,79,Kansas,L,绿色,夏,4.2,否,标准快递,否,7,信用卡,每月,中年,30,回头客
2336,31,男,大衣,外套,37,Idaho,M,黑色,夏,3.9,否,门店自提,否,10,Venmo,每两周,青年,14,回头客
2337,19,男,腰带,配饰,94,California,M,绿色,冬,3.1,否,包邮,否,11,信用卡,每周,青年,7,忠实客户
2338,39,男,靴子,鞋履,76,North Dakota,S,紫罗兰色,秋,3.6,否,门店自提,否,5,现金,每年,成年,365,回头客
2339,66,男,运动鞋,鞋履,68,Georgia,S,银色,秋,4.0,否,快递,否,21,PayPal,每季,老年,90,忠实客户
2340,25,男,衬衫,服装,65,Illinois,L,栗色,春,3.4,否,次日达,否,24,银行转账,每季,青年,90,忠实客户
2341,63,男,女式衬衫,服装,24,Delaware,M,青色,夏,2.6,否,标准快递,否,37,信用卡,每两周,老年,14,忠实客户
2342,56,男,夹克,外套,31,Connecticut,L,青绿色,夏,4.5,否,快递,否,22,Venmo,每三个月,中年,90,忠实客户
2343,20,男,半身裙,服装,89,Tennessee,M,橄榄绿,秋,4.9,否,标准快递,否,16,借记卡,每两周,青年,14,忠实客户
2344,58,男,袜子,服装,49,Maryland,M,红色,夏,4.4,否,两日达,否,44,PayPal,每月,老年,30,忠实客户
2345,34,男,凉鞋,鞋履,92,Rhode Island,XL,薰衣草紫,秋,3.5,否,快递,否,14,Venmo,双周,成年,14,忠实客户
2346,28,男,T恤,服装,32,New York,S,橙色,冬,3.3,否,快递,否,23,银行转账,每三个月,青年,90,忠实客户
2347,22,男,夹克,外套,67,New Mexico,L,棕色,冬,3.1,否,标准快递,否,46,借记卡,每两周,青年,14,忠实客户
2348,37,男,腰带,配饰,64,California,S,灰色,秋,4.2,否,快递,否,46,现金,每三个月,成年,90,忠实客户
2349,54,男,鞋子,鞋履,84,Maine,M,橙色,春,4.9,否,次日达,否,16,PayPal,每三个月,中年,90,忠实客户
2350,65,男,女式衬衫,服装,34,New York,M,橙色,秋,3.9,否,标准快递,否,40,信用卡,每三个月,老年,90,忠实客户
2351,57,男,鞋子,鞋履,26,Hawaii,M,绿松石色,冬,4.2,否,包邮,否,21,现金,每年,中年,365,忠实客户
2352,38,男,毛衣,服装,50,New Hampshire,S,青色,秋,4.9,否,门店自提,否,25,PayPal,双周,成年,14,忠实客户
2353,70,男,靴子,鞋履,46,Nebraska,M,黄色,秋,2.8,否,门店自提,否,25,银行转账,每季,老年,90,忠实客户
2354,56,男,手提包,配饰,71,Montana,M,白色,秋,4.1,否,标准快递,否,25,借记卡,每三个月,中年,90,忠实客户
2355,56,男,女式衬衫,服装,78,Wisconsin,M,蓝色,夏,4.8,否,次日达,否,27,Venmo,每月,中年,30,忠实客户
2356,22,男,半身裙,服装,35,Tennessee,S,紫色,冬,4.1,否,次日达,否,12,现金,每月,青年,30,忠实客户
2357,57,男,双肩包,配饰,58,Montana,M,灰色,夏,3.0,否,包邮,否,27,借记卡,每季,中年,90,忠实客户
2358,53,男,衬衫,服装,67,Michigan,L,青色,秋,4.2,否,两日达,否,40,信用卡,双周,中年,14,忠实客户
2359,53,男,毛衣,服装,93,Texas,L,粉色,春,3.8,否,标准快递,否,38,信用卡,每季,中年,90,忠实客户
2360,19,男,围巾,配饰,81,Pennsylvania,S,金色,春,3.3,否,两日达,否,44,银行转账,每三个月,青年,90,忠实客户
2361,49,男,手提包,配饰,80,New York,L,银色,秋,4.7,否,两日达,否,27,Venmo,每三个月,中年,90,忠实客户
2362,44,男,围巾,配饰,64,Alabama,M,灰色,春,4.3,否,两日达,否,30,信用卡,每三个月,成年,90,忠实客户
2363,27,男,牛仔裤,服装,41,Virginia,M,棕色,秋,2.7,否,标准快递,否,24,信用卡,每月,青年,30,忠实客户
2364,60,男,袜子,服装,79,Pennsylvania,XL,粉色,冬,4.2,否,快递,否,38,现金,双周,老年,14,忠实客户
2365,62,男,太阳镜,配饰,60,Mississippi,L,栗色,冬,4.2,否,包邮,否,4,PayPal,每季,老年,90,回头客
2366,52,男,运动鞋,鞋履,91,Wyoming,S,桃色,冬,2.5,否,次日达,否,32,Venmo,每月,中年,30,忠实客户
2367,30,男,鞋子,鞋履,66,New Mexico,L,棕色,冬,3.6,否,快递,否,32,信用卡,每两周,青年,14,忠实客户
2368,66,男,袜子,服装,85,North Dakota,L,绿色,冬,3.4,否,标准快递,否,28,银行转账,双周,老年,14,忠实客户
2369,29,男,太阳镜,配饰,38,New Jersey,M,薰衣草紫,夏,3.3,否,标准快递,否,6,借记卡,每三个月,青年,90,回头客
2370,24,男,毛衣,服装,23,Vermont,M,青色,冬,4.6,否,标准快递,否,24,PayPal,每月,青年,30,忠实客户
2371,51,男,鞋子,鞋履,71,Alaska,M,黑色,春,3.9,否,门店自提,否,38,Venmo,每周,中年,7,忠实客户
2372,67,男,袜子,服装,25,Indiana,M,炭灰色,冬,3.7,否,次日达,否,28,借记卡,每年,老年,365,忠实客户
2373,50,男,靴子,鞋履,39,Alabama,XL,银色,春,3.1,否,快递,否,9,PayPal,每两周,中年,14,回头客
2374,37,男,卫衣,服装,20,Michigan,M,灰色,春,4.9,否,快递,否,21,借记卡,每三个月,成年,90,忠实客户
2375,69,男,手套,配饰,73,Washington,L,桃色,冬,4.7,否,标准快递,否,31,借记卡,每月,老年,30,忠实客户
2376,60,男,双肩包,配饰,63,Virginia,L,桃色,秋,2.9,否,次日达,否,18,信用卡,每季,老年,90,忠实客户
2377,21,男,手套,配饰,94,Tennessee,XL,青色,春,4.1,否,快递,否,5,现金,每周,青年,7,回头客
2378,44,男,女式衬衫,服装,94,South Dakota,L,品红色,秋,4.0,否,次日达,否,22,现金,每年,成年,365,忠实客户
2379,26,男,围巾,配饰,71,New Hampshire,L,青绿色,夏,2.7,否,门店自提,否,37,PayPal,双周,青年,14,忠实客户
2380,40,男,帽子,配饰,77,South Dakota,M,桃色,春,4.0,否,两日达,否,22,借记卡,每月,成年,30,忠实客户
2381,41,男,围巾,配饰,66,Pennsylvania,M,黑色,秋,2.5,否,次日达,否,36,PayPal,每两周,成年,14,忠实客户
2382,62,男,凉鞋,鞋履,23,Wisconsin,M,青绿色,夏,4.5,否,包邮,否,23,PayPal,每年,老年,365,忠实客户
2383,39,男,毛衣,服装,60,California,M,绿松石色,春,3.9,否,快递,否,44,借记卡,每周,成年,7,忠实客户
2384,53,男,双肩包,配饰,72,Rhode Island,L,金色,春,4.9,否,两日达,否,25,银行转账,每年,中年,365,忠实客户
2385,24,男,女式衬衫,服装,35,Alabama,L,绿色,冬,3.3,否,两日达,否,40,PayPal,每季,青年,90,忠实客户
2386,41,男,围巾,配饰,31,Oklahoma,M,棕色,秋,3.8,否,快递,否,12,PayPal,每周,成年,7,忠实客户
2387,19,男,袜子,服装,33,Illinois,L,蓝色,夏,2.9,否,标准快递,否,14,Venmo,每月,青年,30,忠实客户
2388,36,男,帽子,配饰,95,Tennessee,M,金色,夏,4.0,否,两日达,否,14,借记卡,每月,成年,30,忠实客户
2389,21,男,连衣裙,服装,68,Alabama,M,桃色,秋,4.1,否,门店自提,否,10,借记卡,每年,青年,365,回头客
2390,25,男,大衣,外套,87,Kansas,M,紫罗兰色,春,3.1,否,门店自提,否,17,银行转账,每三个月,青年,90,忠实客户
2391,65,男,衬衫,服装,64,Arizona,XL,黄色,冬,4.6,否,快递,否,24,借记卡,每两周,老年,14,忠实客户
2392,42,男,衬衫,服装,74,Michigan,M,黑色,冬,4.6,否,次日达,否,31,银行转账,每季,成年,90,忠实客户
2393,40,男,牛仔裤,服装,62,Missouri,L,银色,春,2.6,否,两日达,否,36,现金,每年,成年,365,忠实客户
2394,58,男,袜子,服装,97,Louisiana,M,棕色,冬,5.0,否,两日达,否,38,PayPal,每三个月,老年,90,忠实客户
2395,40,男,凉鞋,鞋履,47,Connecticut,L,桃色,秋,2.9,否,两日达,否,23,借记卡,每两周,成年,14,忠实客户
2396,62,男,女式衬衫,服装,83,Connecticut,M,青色,冬,3.5,否,两日达,否,47,PayPal,双周,老年,14,忠实客户
2397,38,男,衬衫,服装,82,Oregon,M,橄榄绿,春,3.7,否,两日达,否,20,Venmo,每周,成年,7,忠实客户
2398,37,男,太阳镜,配饰,26,West Virginia,L,黑色,秋,2.9,否,门店自提,否,41,Venmo,每月,成年,30,忠实客户
2399,65,男,夹克,外套,81,Florida,M,橙色,冬,4.3,否,包邮,否,44,银行转账,每两周,老年,14,忠实客户
2400,55,男,连衣裙,服装,44,New Hampshire,L,米色,春,3.2,否,门店自提,否,31,现金,每月,中年,30,忠实客户
2401,43,男,太阳镜,配饰,88,Oregon,M,桃色,冬,4.2,否,次日达,否,11,信用卡,双周,成年,14,忠实客户
2402,43,男,靴子,鞋履,76,Oregon,M,粉色,冬,4.2,否,标准快递,否,25,PayPal,双周,成年,14,忠实客户
2403,45,男,围巾,配饰,89,Utah,M,棕色,冬,3.8,否,包邮,否,31,现金,每周,中年,7,忠实客户
2404,64,男,短裤,服装,22,Missouri,M,品红色,秋,4.4,否,标准快递,否,40,借记卡,每周,老年,7,忠实客户
2405,28,男,短裤,服装,33,West Virginia,L,青色,冬,3.1,否,两日达,否,23,信用卡,双周,青年,14,忠实客户
2406,69,男,牛仔裤,服装,97,California,XL,银色,秋,5.0,否,标准快递,否,5,借记卡,每季,老年,90,回头客
2407,54,男,围巾,配饰,57,California,M,靛蓝色,冬,4.7,否,标准快递,否,26,PayPal,每周,中年,7,忠实客户
2408,52,男,短裤,服装,38,Illinois,M,米色,夏,3.0,否,快递,否,11,信用卡,双周,中年,14,忠实客户
2409,23,男,运动鞋,鞋履,55,Hawaii,XL,黑色,秋,4.2,否,次日达,否,44,借记卡,每三个月,青年,90,忠实客户
2410,26,男,首饰,配饰,37,Washington,L,黄色,春,3.0,否,门店自提,否,47,现金,每三个月,青年,90,忠实客户
2411,48,男,鞋子,鞋履,43,Wisconsin,M,栗色,夏,3.7,否,包邮,否,46,PayPal,每月,中年,30,忠实客户
2412,49,男,卫衣,服装,96,Virginia,M,青色,夏,2.7,否,包邮,否,35,现金,每三个月,中年,90,忠实客户
2413,53,男,夹克,外套,51,Oregon,M,粉色,冬,4.3,否,两日达,否,8,银行转账,双周,中年,14,回头客
2414,69,男,短裤,服装,95,Pennsylvania,XL,紫罗兰色,秋,2.7,否,两日达,否,30,银行转账,每周,老年,7,忠实客户
2415,26,男,袜子,服装,26,Virginia,M,薰衣草紫,夏,3.7,否,次日达,否,14,信用卡,双周,青年,14,忠实客户
2416,21,男,大衣,外套,34,Hawaii,XL,薰衣草紫,秋,4.3,否,标准快递,否,30,银行转账,每周,青年,7,忠实客户
2417,59,男,凉鞋,鞋履,83,Nebraska,S,黑色,夏,4.0,否,次日达,否,26,信用卡,每三个月,老年,90,忠实客户
2418,21,男,双肩包,配饰,24,Alaska,M,橄榄绿,秋,3.3,否,标准快递,否,32,Venmo,每两周,青年,14,忠实客户
2419,22,男,长裤,服装,69,Michigan,S,靛蓝色,秋,4.0,否,次日达,否,47,现金,每三个月,青年,90,忠实客户
2420,26,男,毛衣,服装,40,North Carolina,M,蓝色,秋,2.7,否,次日达,否,11,信用卡,每三个月,青年,90,忠实客户
2421,41,男,夹克,外套,87,North Carolina,S,绿色,冬,4.2,否,包邮,否,28,PayPal,每年,成年,365,忠实客户
2422,37,男,运动鞋,鞋履,46,Minnesota,L,粉色,春,4.6,否,标准快递,否,2,借记卡,每三个月,成年,90,回头客
2423,30,男,首饰,配饰,82,Georgia,M,桃色,冬,4.8,否,门店自提,否,45,信用卡,每周,青年,7,忠实客户
2424,49,男,双肩包,配饰,81,West Virginia,M,紫色,夏,2.8,否,包邮,否,7,信用卡,每三个月,中年,90,回头客
2425,49,男,首饰,配饰,57,Delaware,M,桃色,冬,4.5,否,次日达,否,28,银行转账,双周,中年,14,忠实客户
2426,58,男,鞋子,鞋履,49,North Dakota,S,橄榄绿,夏,3.0,否,两日达,否,34,银行转账,每季,老年,90,忠实客户
2427,70,男,夹克,外套,42,Florida,M,橄榄绿,秋,4.6,否,包邮,否,26,借记卡,每三个月,老年,90,忠实客户
2428,27,男,夹克,外套,26,Oregon,M,紫色,春,3.3,否,标准快递,否,45,现金,每季,青年,90,忠实客户
2429,65,男,T恤,服装,38,Idaho,M,紫罗兰色,春,4.4,否,次日达,否,34,借记卡,每年,老年,365,忠实客户
2430,57,男,运动鞋,鞋履,57,Virginia,XL,栗色,夏,4.4,否,标准快递,否,47,信用卡,每两周,中年,14,忠实客户
2431,20,男,夹克,外套,100,North Dakota,XL,白色,夏,4.3,否,快递,否,42,现金,每季,青年,90,忠实客户
2432,34,男,卫衣,服装,73,Alabama,S,橄榄绿,秋,3.4,否,快递,否,27,银行转账,每三个月,成年,90,忠实客户
2433,59,男,夹克,外套,66,Hawaii,M,桃色,冬,2.8,否,门店自提,否,43,Venmo,每月,老年,30,忠实客户
2434,54,男,T恤,服装,73,Oregon,M,蓝色,春,3.4,否,标准快递,否,16,现金,双周,中年,14,忠实客户
2435,36,男,手套,配饰,45,Utah,M,棕色,春,5.0,否,门店自提,否,40,信用卡,每月,成年,30,忠实客户
2436,21,男,运动鞋,鞋履,27,Hawaii,S,黑色,秋,4.5,否,包邮,否,29,现金,双周,青年,14,忠实客户
2437,52,男,T恤,服装,24,Connecticut,M,黄色,秋,2.7,否,门店自提,否,38,信用卡,每季,中年,90,忠实客户
2438,43,男,运动鞋,鞋履,59,Wyoming,XL,品红色,冬,3.4,否,门店自提,否,34,信用卡,每周,成年,7,忠实客户
2439,32,男,牛仔裤,服装,20,Delaware,S,青色,冬,3.4,否,快递,否,30,Venmo,每周,成年,7,忠实客户
2440,55,男,手提包,配饰,44,Arkansas,M,栗色,夏,2.8,否,标准快递,否,45,银行转账,每年,中年,365,忠实客户
2441,31,男,袜子,服装,90,Indiana,M,红色,春,4.7,否,标准快递,否,47,银行转账,每年,青年,365,忠实客户
2442,45,男,首饰,配饰,36,California,M,黑色,秋,4.7,否,包邮,否,5,信用卡,每月,中年,30,回头客
2443,53,男,女式衬衫,服装,95,Wyoming,L,紫罗兰色,冬,4.7,否,包邮,否,50,借记卡,双周,中年,14,忠实客户
2444,24,男,双肩包,配饰,30,South Dakota,M,绿色,春,3.4,否,两日达,否,24,银行转账,双周,青年,14,忠实客户
2445,47,男,围巾,配饰,65,West Virginia,S,金色,秋,3.7,否,快递,否,15,借记卡,双周,中年,14,忠实客户
2446,63,男,围巾,配饰,96,Tennessee,M,棕色,夏,4.1,否,门店自提,否,50,现金,每周,老年,7,忠实客户
2447,38,男,衬衫,服装,65,Alaska,L,桃色,春,2.9,否,两日达,否,7,信用卡,每月,成年,30,回头客
2448,59,男,长裤,服装,47,South Dakota,L,桃色,秋,3.2,否,门店自提,否,10,Venmo,每两周,老年,14,回头客
2449,54,男,帽子,配饰,25,Tennessee,S,紫罗兰色,秋,3.0,否,包邮,否,38,PayPal,双周,中年,14,忠实客户
2450,26,男,大衣,外套,56,Alabama,S,紫罗兰色,秋,4.1,否,快递,否,31,Venmo,每两周,青年,14,忠实客户
2451,68,男,T恤,服装,76,North Carolina,M,品红色,秋,4.5,否,标准快递,否,7,Venmo,每季,老年,90,回头客
2452,41,男,袜子,服装,60,Oklahoma,M,紫色,秋,3.4,否,门店自提,否,27,Venmo,每月,成年,30,忠实客户
2453,68,男,衬衫,服装,67,New York,L,紫色,冬,4.1,否,快递,否,45,银行转账,每三个月,老年,90,忠实客户
2454,21,男,毛衣,服装,95,Iowa,XL,青色,春,4.6,否,门店自提,否,13,现金,每年,青年,365,忠实客户
2455,32,男,手套,配饰,72,Alaska,M,品红色,冬,4.6,否,快递,否,33,Venmo,每年,成年,365,忠实客户
2456,20,男,腰带,配饰,98,Alaska,L,薰衣草紫,春,3.4,否,快递,否,25,现金,每三个月,青年,90,忠实客户
2457,59,男,牛仔裤,服装,83,Nebraska,M,绿色,冬,3.3,否,两日达,否,5,PayPal,每月,老年,30,回头客
2458,53,男,手提包,配饰,37,Delaware,M,栗色,秋,3.6,否,两日达,否,23,现金,每季,中年,90,忠实客户
2459,66,男,T恤,服装,85,Texas,L,绿松石色,秋,4.6,否,包邮,否,17,银行转账,每周,老年,7,忠实客户
2460,47,男,袜子,服装,36,Missouri,L,紫罗兰色,秋,4.3,否,两日达,否,14,现金,每周,中年,7,忠实客户
2461,58,男,牛仔裤,服装,36,Maine,S,薰衣草紫,冬,4.0,否,门店自提,否,28,信用卡,每年,老年,365,忠实客户
2462,28,男,围巾,配饰,86,Pennsylvania,L,红色,夏,4.8,否,次日达,否,19,信用卡,每周,青年,7,忠实客户
2463,68,男,长裤,服装,99,Missouri,XL,橙色,春,4.3,否,标准快递,否,31,银行转账,双周,老年,14,忠实客户
2464,60,男,女式衬衫,服装,21,Mississippi,XL,靛蓝色,夏,3.3,否,标准快递,否,25,现金,双周,老年,14,忠实客户
2465,47,男,夹克,外套,84,Hawaii,L,青绿色,冬,2.8,否,快递,否,4,现金,双周,中年,14,回头客
2466,18,男,凉鞋,鞋履,63,Texas,M,棕色,春,4.4,否,包邮,否,20,银行转账,每周,青年,7,忠实客户
2467,32,男,短裤,服装,84,South Dakota,S,粉色,夏,3.7,否,快递,否,37,现金,每年,成年,365,忠实客户
2468,27,男,短裤,服装,72,New Jersey,M,薰衣草紫,春,3.6,否,快递,否,28,信用卡,每年,青年,365,忠实客户
2469,65,男,半身裙,服装,21,Connecticut,L,青色,冬,3.7,否,两日达,否,6,Venmo,每周,老年,7,回头客
2470,68,男,凉鞋,鞋履,92,Maryland,M,黄色,秋,5.0,否,标准快递,否,27,PayPal,每年,老年,365,忠实客户
2471,55,男,女式衬衫,服装,72,Arizona,XL,粉色,秋,2.7,否,次日达,否,29,信用卡,每两周,中年,14,忠实客户
2472,30,男,凉鞋,鞋履,83,Oklahoma,M,灰色,春,4.3,否,门店自提,否,1,现金,每年,青年,365,新客户
2473,24,男,衬衫,服装,73,Utah,M,桃色,夏,4.1,否,标准快递,否,31,信用卡,每年,青年,365,忠实客户
2474,57,男,袜子,服装,98,Arkansas,M,红色,冬,2.6,否,次日达,否,28,现金,每季,中年,90,忠实客户
2475,23,男,T恤,服装,76,North Carolina,M,橄榄绿,秋,3.2,否,门店自提,否,19,银行转账,每季,青年,90,忠实客户
2476,69,男,连衣裙,服装,43,California,S,薰衣草紫,夏,3.5,否,次日达,否,36,Venmo,每月,老年,30,忠实客户
2477,60,男,帽子,配饰,60,Colorado,M,绿松石色,夏,3.7,否,次日达,否,28,现金,每月,老年,30,忠实客户
2478,25,男,手套,配饰,40,California,L,绿松石色,春,3.8,否,两日达,否,29,PayPal,每周,青年,7,忠实客户
2479,18,男,袜子,服装,93,Vermont,S,栗色,冬,4.8,否,两日达,否,9,银行转账,每三个月,青年,90,回头客
2480,37,男,连衣裙,服装,98,Kansas,S,橄榄绿,秋,4.2,否,标准快递,否,26,信用卡,每三个月,成年,90,忠实客户
2481,61,男,袜子,服装,91,Ohio,XL,栗色,夏,2.9,否,次日达,否,7,信用卡,每两周,老年,14,回头客
2482,41,男,腰带,配饰,92,New Jersey,XL,青色,秋,2.9,否,包邮,否,35,借记卡,每周,成年,7,忠实客户
2483,69,男,手提包,配饰,87,Arizona,S,桃色,冬,4.8,否,次日达,否,46,信用卡,每三个月,老年,90,忠实客户
2484,32,男,半身裙,服装,96,Arizona,S,青绿色,秋,2.9,否,标准快递,否,8,借记卡,每月,成年,30,回头客
2485,60,男,卫衣,服装,97,New Hampshire,M,绿色,夏,4.8,否,两日达,否,50,现金,每三个月,老年,90,忠实客户
2486,43,男,女式衬衫,服装,55,Louisiana,M,米色,春,4.6,否,两日达,否,37,银行转账,每年,成年,365,忠实客户
2487,61,男,牛仔裤,服装,58,Texas,L,品红色,春,4.4,否,门店自提,否,6,信用卡,每两周,老年,14,回头客
2488,57,男,靴子,鞋履,21,Montana,L,紫罗兰色,春,3.0,否,次日达,否,16,PayPal,双周,中年,14,忠实客户
2489,56,男,手提包,配饰,82,New Hampshire,XL,炭灰色,夏,4.4,否,快递,否,30,PayPal,每月,中年,30,忠实客户
2490,66,男,大衣,外套,34,South Dakota,M,绿色,冬,3.9,否,快递,否,50,Venmo,每季,老年,90,忠实客户
2491,52,男,女式衬衫,服装,78,Montana,M,灰色,春,4.0,否,包邮,否,5,现金,每三个月,中年,90,回头客
2492,63,男,手提包,配饰,47,North Carolina,M,品红色,春,2.5,否,快递,否,15,银行转账,每月,老年,30,忠实客户
2493,50,男,太阳镜,配饰,96,South Dakota,S,银色,夏,4.1,否,次日达,否,34,银行转账,双周,中年,14,忠实客户
2494,21,男,袜子,服装,23,Maine,S,米色,秋,4.8,否,两日达,否,6,Venmo,每三个月,青年,90,回头客
2495,42,男,鞋子,鞋履,27,Oklahoma,S,桃色,冬,2.6,否,门店自提,否,26,借记卡,每年,成年,365,忠实客户
2496,40,男,双肩包,配饰,37,Nebraska,XL,橙色,春,3.1,否,包邮,否,34,信用卡,每三个月,成年,90,忠实客户
2497,67,男,围巾,配饰,79,Illinois,S,黄色,夏,3.2,否,门店自提,否,37,信用卡,每周,老年,7,忠实客户
2498,35,男,双肩包,配饰,40,Colorado,M,紫罗兰色,夏,4.2,否,标准快递,否,28,银行转账,每年,成年,365,忠实客户
2499,18,男,大衣,外套,39,Massachusetts,S,绿色,秋,2.6,否,次日达,否,38,现金,每两周,青年,14,忠实客户
2500,52,男,卫衣,服装,73,Louisiana,L,粉色,夏,3.1,否,次日达,否,2,现金,每季,中年,90,回头客
2501,59,男,手套,配饰,84,Massachusetts,M,紫罗兰色,秋,2.9,否,门店自提,否,32,现金,双周,老年,14,忠实客户
2502,49,男,短裤,服装,94,West Virginia,M,紫罗兰色,秋,4.6,否,包邮,否,30,Venmo,双周,中年,14,忠实客户
2503,46,男,半身裙,服装,47,Idaho,L,粉色,春,4.1,否,标准快递,否,17,PayPal,每三个月,中年,90,忠实客户
2504,69,男,靴子,鞋履,77,Ohio,M,紫罗兰色,夏,2.5,否,门店自提,否,5,借记卡,双周,老年,14,回头客
2505,56,男,短裤,服装,94,Rhode Island,M,绿松石色,冬,4.0,否,门店自提,否,31,现金,双周,中年,14,忠实客户
2506,27,男,手提包,配饰,75,Illinois,M,青色,夏,3.5,否,快递,否,43,PayPal,每季,青年,90,忠实客户
2507,57,男,连衣裙,服装,82,New York,XL,橙色,春,4.4,否,包邮,否,19,Venmo,每年,中年,365,忠实客户
2508,58,男,鞋子,鞋履,36,Louisiana,M,青色,秋,2.9,否,门店自提,否,32,信用卡,每三个月,老年,90,忠实客户
2509,23,男,运动鞋,鞋履,90,California,XL,靛蓝色,春,3.1,否,两日达,否,5,借记卡,双周,青年,14,回头客
2510,19,男,袜子,服装,48,Washington,M,黑色,春,4.4,否,包邮,否,9,银行转账,每季,青年,90,回头客
2511,40,男,夹克,外套,42,South Dakota,L,紫色,冬,4.4,否,标准快递,否,48,信用卡,每周,成年,7,忠实客户
2512,54,男,双肩包,配饰,33,Idaho,M,青色,夏,2.7,否,门店自提,否,1,PayPal,每季,中年,90,新客户
2513,50,男,袜子,服装,63,North Dakota,M,绿色,夏,4.9,否,包邮,否,20,信用卡,每月,中年,30,忠实客户
2514,69,男,手提包,配饰,53,Washington,L,青绿色,冬,3.5,否,两日达,否,42,现金,每年,老年,365,忠实客户
2515,42,男,帽子,配饰,37,Alaska,L,青绿色,春,4.8,否,包邮,否,45,PayPal,双周,成年,14,忠实客户
2516,37,男,女式衬衫,服装,92,Kansas,M,品红色,夏,4.2,否,两日达,否,41,现金,每月,成年,30,忠实客户
2517,46,男,短裤,服装,73,Utah,XL,棕色,春,4.6,否,标准快递,否,36,借记卡,每季,中年,90,忠实客户
2518,64,男,衬衫,服装,38,Wyoming,L,橙色,春,2.9,否,标准快递,否,10,Venmo,每年,老年,365,回头客
2519,20,男,靴子,鞋履,51,Maine,XL,蓝色,秋,4.0,否,门店自提,否,31,Venmo,每年,青年,365,忠实客户
2520,40,男,夹克,外套,90,Michigan,L,品红色,春,4.9,否,标准快递,否,21,信用卡,每季,成年,90,忠实客户
2521,64,男,夹克,外套,56,Illinois,L,品红色,夏,3.1,否,次日达,否,16,现金,每三个月,老年,90,忠实客户
2522,29,男,手提包,配饰,33,Minnesota,M,品红色,秋,4.4,否,标准快递,否,18,PayPal,每三个月,青年,90,忠实客户
2523,20,男,腰带,配饰,53,Massachusetts,S,橄榄绿,冬,2.5,否,两日达,否,20,借记卡,每周,青年,7,忠实客户
2524,43,男,手提包,配饰,24,New Jersey,S,青色,春,3.4,否,快递,否,21,银行转账,每年,成年,365,忠实客户
2525,60,男,大衣,外套,59,Kansas,M,紫色,春,3.7,否,快递,否,23,信用卡,每季,老年,90,忠实客户
2526,39,男,毛衣,服装,72,Kentucky,M,紫色,冬,4.2,否,标准快递,否,20,PayPal,每周,成年,7,忠实客户
2527,47,男,短裤,服装,28,Rhode Island,S,桃色,春,3.4,否,快递,否,30,PayPal,双周,中年,14,忠实客户
2528,19,男,长裤,服装,36,Illinois,M,金色,秋,3.6,否,快递,否,33,银行转账,每三个月,青年,90,忠实客户
2529,52,男,首饰,配饰,47,Alabama,S,桃色,秋,4.7,否,两日达,否,31,借记卡,每月,中年,30,忠实客户
2530,34,男,手套,配饰,62,Tennessee,M,品红色,春,4.7,否,次日达,否,48,银行转账,每月,成年,30,忠实客户
2531,25,男,半身裙,服装,98,Massachusetts,S,青色,春,3.6,否,包邮,否,28,借记卡,每周,青年,7,忠实客户
2532,43,男,凉鞋,鞋履,28,Texas,M,紫罗兰色,夏,4.6,否,包邮,否,7,现金,每三个月,成年,90,回头客
2533,55,男,袜子,服装,86,Nebraska,S,炭灰色,夏,2.6,否,次日达,否,4,借记卡,每周,中年,7,回头客
2534,66,男,首饰,配饰,46,Pennsylvania,S,蓝色,夏,3.1,否,标准快递,否,49,现金,双周,老年,14,忠实客户
2535,41,男,太阳镜,配饰,42,Virginia,XL,红色,秋,3.2,否,包邮,否,22,现金,每周,成年,7,忠实客户
2536,47,男,大衣,外套,80,Vermont,S,紫色,冬,3.9,否,快递,否,39,银行转账,每两周,中年,14,忠实客户
2537,51,男,腰带,配饰,39,Oklahoma,L,灰色,春,4.9,否,快递,否,45,PayPal,每三个月,中年,90,忠实客户
2538,44,男,大衣,外套,49,Maine,M,紫色,夏,4.1,否,两日达,否,30,PayPal,每两周,成年,14,忠实客户
2539,18,男,围巾,配饰,32,New Jersey,M,银色,夏,4.2,否,次日达,否,33,信用卡,双周,青年,14,忠实客户
2540,33,男,凉鞋,鞋履,73,Massachusetts,M,紫色,秋,4.1,否,次日达,否,24,现金,双周,成年,14,忠实客户
2541,24,男,腰带,配饰,42,New Jersey,M,炭灰色,夏,3.9,否,包邮,否,11,借记卡,每季,青年,90,忠实客户
2542,33,男,围巾,配饰,58,Washington,M,银色,春,2.7,否,次日达,否,13,Venmo,每三个月,成年,90,忠实客户
2543,61,男,首饰,配饰,22,Arkansas,M,白色,冬,3.7,否,快递,否,27,PayPal,每年,老年,365,忠实客户
2544,27,男,围巾,配饰,56,West Virginia,L,桃色,春,2.7,否,次日达,否,30,PayPal,双周,青年,14,忠实客户
2545,46,男,长裤,服装,70,Delaware,M,红色,春,2.5,否,次日达,否,39,Venmo,每季,中年,90,忠实客户
2546,38,男,鞋子,鞋履,50,Texas,L,橄榄绿,春,3.9,否,包邮,否,10,借记卡,每年,成年,365,回头客
2547,63,男,靴子,鞋履,21,Texas,L,灰色,夏,3.0,否,快递,否,4,信用卡,每季,老年,90,回头客
2548,47,男,夹克,外套,97,Mississippi,M,米色,夏,3.2,否,两日达,否,16,现金,每周,中年,7,忠实客户
2549,42,男,双肩包,配饰,63,Texas,L,粉色,冬,3.8,否,标准快递,否,34,信用卡,每月,成年,30,忠实客户
2550,41,男,夹克,外套,60,Virginia,M,红色,秋,2.7,否,标准快递,否,11,借记卡,每三个月,成年,90,忠实客户
2551,53,男,靴子,鞋履,52,New Hampshire,XL,桃色,秋,3.0,否,门店自提,否,30,借记卡,每两周,中年,14,忠实客户
2552,29,男,鞋子,鞋履,32,Minnesota,M,栗色,冬,4.1,否,次日达,否,40,借记卡,每年,青年,365,忠实客户
2553,61,男,腰带,配饰,48,Maryland,XL,紫色,春,3.2,否,两日达,否,13,信用卡,每年,老年,365,忠实客户
2554,69,男,首饰,配饰,25,Vermont,M,栗色,夏,4.5,否,门店自提,否,28,Venmo,每三个月,老年,90,忠实客户
2555,51,男,首饰,配饰,68,Kansas,M,灰色,夏,4.3,否,门店自提,否,49,借记卡,双周,中年,14,忠实客户
2556,24,男,长裤,服装,74,Idaho,M,灰色,秋,3.5,否,标准快递,否,23,信用卡,每周,青年,7,忠实客户
2557,24,男,T恤,服装,88,Montana,XL,品红色,秋,3.1,否,标准快递,否,4,银行转账,每季,青年,90,回头客
2558,70,男,短裤,服装,23,Oklahoma,L,青色,春,3.9,否,标准快递,否,17,PayPal,每两周,老年,14,忠实客户
2559,49,男,卫衣,服装,32,California,M,银色,秋,2.7,否,快递,否,24,PayPal,每两周,中年,14,忠实客户
2560,48,男,腰带,配饰,71,Mississippi,S,绿色,冬,4.0,否,包邮,否,21,借记卡,每三个月,中年,90,忠实客户
2561,58,男,靴子,鞋履,62,California,M,紫罗兰色,春,2.7,否,次日达,否,17,借记卡,双周,老年,14,忠实客户
2562,32,男,卫衣,服装,20,New York,L,品红色,春,2.7,否,包邮,否,22,借记卡,每季,成年,90,忠实客户
2563,57,男,短裤,服装,62,Arizona,XL,黄色,春,4.7,否,标准快递,否,27,现金,每两周,中年,14,忠实客户
2564,69,男,双肩包,配饰,81,Massachusetts,XL,灰色,冬,4.5,否,标准快递,否,1,Venmo,每三个月,老年,90,新客户
2565,42,男,围巾,配饰,90,Kentucky,L,靛蓝色,冬,3.0,否,两日达,否,27,银行转账,每周,成年,7,忠实客户
2566,30,男,袜子,服装,43,Vermont,S,靛蓝色,秋,3.6,否,门店自提,否,8,Venmo,每季,青年,90,回头客
2567,35,男,手提包,配饰,38,Missouri,S,黄色,秋,3.3,否,标准快递,否,43,PayPal,每季,成年,90,忠实客户
2568,19,男,太阳镜,配饰,25,Michigan,XL,金色,春,4.3,否,门店自提,否,24,现金,每两周,青年,14,忠实客户
2569,52,男,T恤,服装,98,Texas,XL,绿色,冬,4.3,否,快递,否,29,PayPal,每两周,中年,14,忠实客户
2570,42,男,连衣裙,服装,75,New York,M,炭灰色,春,4.8,否,包邮,否,10,银行转账,双周,成年,14,回头客
2571,36,男,运动鞋,鞋履,27,New Mexico,XL,橄榄绿,春,4.0,否,门店自提,否,12,PayPal,每两周,成年,14,忠实客户
2572,45,男,太阳镜,配饰,27,Mississippi,L,黑色,冬,3.5,否,标准快递,否,48,现金,每两周,中年,14,忠实客户
2573,54,男,女式衬衫,服装,42,Washington,M,银色,秋,3.9,否,次日达,否,40,银行转账,每季,中年,90,忠实客户
2574,54,男,T恤,服装,90,New Mexico,M,红色,夏,4.4,否,门店自提,否,1,银行转账,每年,中年,365,新客户
2575,27,男,帽子,配饰,63,Florida,M,棕色,夏,4.6,否,两日达,否,26,信用卡,每两周,青年,14,忠实客户
2576,53,男,短裤,服装,96,Minnesota,M,银色,秋,4.0,否,快递,否,9,PayPal,每年,中年,365,回头客
2577,20,男,卫衣,服装,40,New Hampshire,M,银色,冬,4.2,否,包邮,否,19,借记卡,每季,青年,90,忠实客户
2578,52,男,袜子,服装,39,Minnesota,L,黑色,秋,4.5,否,次日达,否,37,银行转账,每月,中年,30,忠实客户
2579,54,男,太阳镜,配饰,48,Vermont,M,紫色,秋,3.9,否,包邮,否,3,现金,每季,中年,90,回头客
2580,65,男,女式衬衫,服装,20,Minnesota,M,紫色,夏,3.7,否,快递,否,40,Venmo,每周,老年,7,忠实客户
2581,43,男,牛仔裤,服装,29,Massachusetts,S,绿松石色,夏,3.6,否,门店自提,否,13,银行转账,每季,成年,90,忠实客户
2582,57,男,连衣裙,服装,81,Wyoming,M,金色,冬,4.7,否,快递,否,48,信用卡,每月,中年,30,忠实客户
2583,19,男,连衣裙,服装,98,South Dakota,S,靛蓝色,秋,3.6,否,两日达,否,4,Venmo,每三个月,青年,90,回头客
2584,69,男,牛仔裤,服装,93,Oklahoma,M,薰衣草紫,秋,2.5,否,次日达,否,9,现金,每周,老年,7,回头客
2585,26,男,袜子,服装,30,Florida,L,蓝色,夏,2.9,否,门店自提,否,26,银行转账,双周,青年,14,忠实客户
2586,57,男,太阳镜,配饰,37,Wisconsin,L,栗色,秋,4.4,否,包邮,否,19,借记卡,每周,中年,7,忠实客户
2587,20,男,大衣,外套,28,Maine,L,黄色,冬,4.6,否,快递,否,1,信用卡,每三个月,青年,90,新客户
2588,55,男,围巾,配饰,29,Connecticut,M,紫色,冬,3.7,否,快递,否,29,PayPal,每三个月,中年,90,忠实客户
2589,44,男,双肩包,配饰,49,Delaware,M,桃色,夏,3.2,否,包邮,否,38,Venmo,双周,成年,14,忠实客户
2590,52,男,长裤,服装,53,North Dakota,M,银色,冬,4.9,否,两日达,否,31,PayPal,每年,中年,365,忠实客户
2591,57,男,手套,配饰,66,California,M,绿松石色,夏,5.0,否,包邮,否,35,Venmo,每年,中年,365,忠实客户
2592,40,男,夹克,外套,61,New Mexico,S,橄榄绿,春,3.3,否,快递,否,40,现金,每季,成年,90,忠实客户
2593,23,男,短裤,服装,23,Iowa,XL,桃色,夏,4.4,否,门店自提,否,13,Venmo,每季,青年,90,忠实客户
2594,36,男,长裤,服装,36,Colorado,S,靛蓝色,秋,4.7,否,门店自提,否,9,银行转账,每三个月,成年,90,回头客
2595,59,男,半身裙,服装,81,Montana,L,靛蓝色,秋,3.6,否,包邮,否,25,现金,每三个月,老年,90,忠实客户
2596,29,男,女式衬衫,服装,56,Iowa,XL,栗色,夏,3.2,否,包邮,否,3,银行转账,双周,青年,14,回头客
2597,63,男,衬衫,服装,78,Louisiana,L,黑色,春,3.0,否,次日达,否,35,信用卡,每月,老年,30,忠实客户
2598,60,男,首饰,配饰,25,Alabama,XL,青绿色,夏,4.4,否,门店自提,否,13,Venmo,双周,老年,14,忠实客户
2599,64,男,双肩包,配饰,86,Nevada,XL,橄榄绿,秋,3.3,否,快递,否,31,借记卡,每年,老年,365,忠实客户
2600,63,男,首饰,配饰,99,Vermont,M,金色,冬,3.4,否,快递,否,48,信用卡,每月,老年,30,忠实客户
2601,21,男,腰带,配饰,83,New York,M,灰色,秋,3.9,否,快递,否,6,银行转账,双周,青年,14,回头客
2602,61,男,连衣裙,服装,33,Mississippi,L,橙色,冬,2.9,否,门店自提,否,43,现金,每月,老年,30,忠实客户
2603,65,男,大衣,外套,44,South Carolina,M,黑色,秋,2.9,否,包邮,否,1,Venmo,每季,老年,90,新客户
2604,69,男,连衣裙,服装,58,Washington,M,青绿色,春,2.7,否,两日达,否,8,现金,每年,老年,365,回头客
2605,47,男,毛衣,服装,54,Colorado,M,米色,春,3.4,否,门店自提,否,6,借记卡,每周,中年,7,回头客
2606,41,男,卫衣,服装,93,Nevada,M,白色,春,3.7,否,两日达,否,32,Venmo,每两周,成年,14,忠实客户
2607,68,男,鞋子,鞋履,98,Nevada,L,绿松石色,春,4.7,否,标准快递,否,46,银行转账,双周,老年,14,忠实客户
2608,41,男,鞋子,鞋履,36,Oklahoma,XL,青绿色,春,3.1,否,快递,否,38,PayPal,每三个月,成年,90,忠实客户
2609,42,男,夹克,外套,68,Mississippi,L,橙色,秋,4.2,否,两日达,否,48,信用卡,每两周,成年,14,忠实客户
2610,66,男,双肩包,配饰,95,Arkansas,M,黑色,夏,3.0,否,门店自提,否,18,借记卡,双周,老年,14,忠实客户
2611,66,男,牛仔裤,服装,93,West Virginia,M,紫罗兰色,春,3.1,否,快递,否,25,现金,每季,老年,90,忠实客户
2612,33,男,夹克,外套,99,Michigan,L,栗色,秋,4.2,否,两日达,否,4,现金,每两周,成年,14,回头客
2613,55,男,太阳镜,配饰,22,Louisiana,M,绿松石色,冬,3.8,否,次日达,否,27,Venmo,每季,中年,90,忠实客户
2614,58,男,手套,配饰,88,South Dakota,M,金色,秋,2.9,否,快递,否,14,银行转账,每月,老年,30,忠实客户
2615,18,男,夹克,外套,65,North Dakota,M,绿松石色,春,4.2,否,快递,否,36,银行转账,每两周,青年,14,忠实客户
2616,49,男,T恤,服装,62,Arizona,M,栗色,秋,3.1,否,两日达,否,6,借记卡,每季,中年,90,回头客
2617,61,男,凉鞋,鞋履,55,Georgia,XL,紫色,春,3.6,否,快递,否,46,现金,每年,老年,365,忠实客户
2618,31,男,短裤,服装,97,Idaho,S,栗色,春,4.8,否,标准快递,否,29,银行转账,每年,青年,365,忠实客户
2619,70,男,手提包,配饰,77,Louisiana,L,棕色,秋,4.1,否,快递,否,12,Venmo,每月,老年,30,忠实客户
2620,68,男,长裤,服装,40,Connecticut,L,靛蓝色,冬,3.9,否,包邮,否,47,信用卡,每周,老年,7,忠实客户
2621,27,男,女式衬衫,服装,23,Ohio,S,薰衣草紫,冬,3.0,否,标准快递,否,28,借记卡,每年,青年,365,忠实客户
2622,48,男,鞋子,鞋履,46,Maine,M,米色,冬,3.0,否,快递,否,21,银行转账,每年,中年,365,忠实客户
2623,63,男,双肩包,配饰,75,New Hampshire,M,黄色,春,4.9,否,两日达,否,15,信用卡,每年,老年,365,忠实客户
2624,49,男,鞋子,鞋履,76,Massachusetts,M,金色,秋,4.8,否,次日达,否,38,现金,每年,中年,365,忠实客户
2625,19,男,连衣裙,服装,59,South Dakota,M,靛蓝色,夏,3.3,否,标准快递,否,19,信用卡,每年,青年,365,忠实客户
2626,30,男,半身裙,服装,51,Colorado,L,青色,夏,2.7,否,标准快递,否,31,信用卡,每周,青年,7,忠实客户
2627,50,男,夹克,外套,46,Rhode Island,XL,银色,秋,4.2,否,快递,否,30,信用卡,每三个月,中年,90,忠实客户
2628,66,男,衬衫,服装,26,Missouri,L,银色,秋,3.6,否,次日达,否,40,银行转账,每季,老年,90,忠实客户
2629,25,男,卫衣,服装,51,Wyoming,M,银色,夏,3.8,否,次日达,否,42,信用卡,双周,青年,14,忠实客户
2630,61,男,围巾,配饰,44,New Hampshire,M,桃色,冬,3.8,否,包邮,否,25,Venmo,每年,老年,365,忠实客户
2631,29,男,半身裙,服装,82,Maine,S,粉色,春,4.2,否,包邮,否,20,现金,每季,青年,90,忠实客户
2632,53,男,半身裙,服装,44,Connecticut,S,紫罗兰色,夏,2.7,否,快递,否,3,现金,每周,中年,7,回头客
2633,24,男,围巾,配饰,27,Alaska,M,黑色,秋,5.0,否,次日达,否,14,现金,每年,青年,365,忠实客户
2634,51,男,太阳镜,配饰,90,Alaska,M,紫色,秋,4.7,否,次日达,否,32,信用卡,每两周,中年,14,忠实客户
2635,26,男,凉鞋,鞋履,58,North Carolina,S,黑色,夏,3.2,否,门店自提,否,20,PayPal,每三个月,青年,90,忠实客户
2636,59,男,卫衣,服装,80,Colorado,XL,桃色,春,2.9,否,两日达,否,34,PayPal,每两周,老年,14,忠实客户
2637,41,男,夹克,外套,40,Utah,S,品红色,冬,4.2,否,门店自提,否,6,Venmo,每年,成年,365,回头客
2638,20,男,长裤,服装,23,Alabama,M,品红色,春,3.7,否,门店自提,否,2,PayPal,每年,青年,365,回头客
2639,22,男,衬衫,服装,34,Hawaii,S,黑色,春,4.2,否,门店自提,否,35,信用卡,每年,青年,365,忠实客户
2640,18,男,女式衬衫,服装,35,New Hampshire,XL,粉色,冬,2.6,否,包邮,否,33,借记卡,每季,青年,90,忠实客户
2641,30,男,半身裙,服装,75,Indiana,L,橄榄绿,夏,4.0,否,门店自提,否,45,Venmo,双周,青年,14,忠实客户
2642,25,男,太阳镜,配饰,60,Vermont,XL,橄榄绿,冬,2.7,否,次日达,否,20,银行转账,每三个月,青年,90,忠实客户
2643,39,男,腰带,配饰,87,Iowa,L,桃色,夏,4.0,否,门店自提,否,48,银行转账,每年,成年,365,忠实客户
2644,49,男,手套,配饰,41,Maryland,S,银色,春,2.9,否,次日达,否,37,现金,每月,中年,30,忠实客户
2645,25,男,长裤,服装,83,New Mexico,M,绿松石色,春,3.3,否,标准快递,否,4,银行转账,每三个月,青年,90,回头客
2646,23,男,围巾,配饰,81,Louisiana,L,橄榄绿,春,4.0,否,门店自提,否,24,银行转账,双周,青年,14,忠实客户
2647,33,男,T恤,服装,56,New Mexico,S,薰衣草紫,夏,3.9,否,次日达,否,4,借记卡,每三个月,成年,90,回头客
2648,60,男,鞋子,鞋履,58,South Carolina,M,红色,夏,3.3,否,两日达,否,25,借记卡,每年,老年,365,忠实客户
2649,51,男,长裤,服装,84,Illinois,M,灰色,春,3.9,否,次日达,否,14,PayPal,双周,中年,14,忠实客户
2650,23,男,手套,配饰,21,Minnesota,M,品红色,秋,3.9,否,门店自提,否,14,银行转账,每两周,青年,14,忠实客户
2651,20,男,袜子,服装,35,Oregon,L,栗色,夏,4.2,否,标准快递,否,46,信用卡,每三个月,青年,90,忠实客户
2652,51,男,运动鞋,鞋履,43,Tennessee,M,青色,夏,4.6,否,门店自提,否,27,PayPal,每季,中年,90,忠实客户
2653,23,女,短裤,服装,20,Maryland,L,青色,夏,3.3,否,两日达,否,46,信用卡,每月,青年,30,忠实客户
2654,67,女,女式衬衫,服装,36,Wisconsin,L,薰衣草紫,秋,4.8,否,快递,否,24,Venmo,每三个月,老年,90,忠实客户
2655,23,女,大衣,外套,70,Idaho,S,粉色,秋,4.1,否,次日达,否,4,PayPal,每年,青年,365,回头客
2656,26,女,太阳镜,配饰,83,Wyoming,M,灰色,夏,3.4,否,标准快递,否,2,信用卡,每两周,青年,14,回头客
2657,52,女,短裤,服装,76,Indiana,L,黄色,冬,3.6,否,快递,否,29,银行转账,每两周,中年,14,忠实客户
2658,52,女,连衣裙,服装,81,Texas,M,粉色,夏,2.7,否,快递,否,7,信用卡,每两周,中年,14,回头客
2659,52,女,手提包,配饰,47,Ohio,XL,靛蓝色,夏,3.2,否,次日达,否,39,PayPal,每月,中年,30,忠实客户
2660,35,女,靴子,鞋履,35,Kansas,L,灰色,夏,4.4,否,两日达,否,46,信用卡,每两周,成年,14,忠实客户
2661,24,女,长裤,服装,85,South Carolina,L,黄色,春,4.9,否,快递,否,44,Venmo,每年,青年,365,忠实客户
2662,43,女,靴子,鞋履,96,Michigan,XL,橄榄绿,秋,4.8,否,快递,否,20,银行转账,每年,成年,365,忠实客户
2663,25,女,半身裙,服装,98,Nebraska,M,青色,夏,2.8,否,两日达,否,44,PayPal,每两周,青年,14,忠实客户
2664,46,女,运动鞋,鞋履,52,Wisconsin,L,银色,秋,2.9,否,包邮,否,23,银行转账,每年,中年,365,忠实客户
2665,22,女,首饰,配饰,84,Illinois,L,银色,冬,3.2,否,门店自提,否,37,PayPal,每周,青年,7,忠实客户
2666,70,女,T恤,服装,71,Louisiana,L,红色,冬,3.5,否,门店自提,否,4,Venmo,每周,老年,7,回头客
2667,49,女,凉鞋,鞋履,95,Ohio,S,棕色,冬,4.1,否,门店自提,否,14,Venmo,每两周,中年,14,忠实客户
2668,48,女,靴子,鞋履,47,Maryland,M,橙色,夏,4.1,否,包邮,否,31,现金,每两周,中年,14,忠实客户
2669,59,女,大衣,外套,75,Texas,M,黑色,夏,4.8,否,次日达,否,9,PayPal,每季,老年,90,回头客
2670,39,女,腰带,配饰,28,Illinois,L,青绿色,春,2.8,否,包邮,否,31,信用卡,每周,成年,7,忠实客户
2671,30,女,太阳镜,配饰,44,Pennsylvania,M,黄色,秋,4.7,否,快递,否,26,银行转账,双周,青年,14,忠实客户
2672,37,女,凉鞋,鞋履,64,Alabama,XL,灰色,冬,4.8,否,两日达,否,41,PayPal,每三个月,成年,90,忠实客户
2673,56,女,靴子,鞋履,28,West Virginia,M,栗色,春,2.9,否,标准快递,否,13,现金,每年,中年,365,忠实客户
2674,67,女,卫衣,服装,21,Nevada,M,橄榄绿,夏,2.6,否,两日达,否,4,现金,每月,老年,30,回头客
2675,40,女,帽子,配饰,41,Florida,S,炭灰色,秋,3.3,否,快递,否,15,现金,每三个月,成年,90,忠实客户
2676,24,女,短裤,服装,38,Virginia,M,桃色,冬,3.4,否,包邮,否,38,现金,双周,青年,14,忠实客户
2677,43,女,双肩包,配饰,77,Kentucky,M,栗色,春,3.6,否,包邮,否,3,现金,每两周,成年,14,回头客
2678,45,女,短裤,服装,43,Connecticut,L,橄榄绿,春,3.8,否,次日达,否,6,PayPal,每三个月,中年,90,回头客
2679,33,女,腰带,配饰,91,Montana,M,品红色,春,3.4,否,两日达,否,34,信用卡,双周,成年,14,忠实客户
2680,53,女,短裤,服装,68,Montana,S,黄色,春,3.8,否,快递,否,7,借记卡,每季,中年,90,回头客
2681,44,女,袜子,服装,37,Nebraska,L,靛蓝色,秋,3.3,否,次日达,否,21,Venmo,每年,成年,365,忠实客户
2682,23,女,鞋子,鞋履,23,Massachusetts,L,橄榄绿,夏,4.8,否,标准快递,否,17,借记卡,每月,青年,30,忠实客户
2683,59,女,运动鞋,鞋履,65,North Carolina,L,栗色,冬,3.9,否,两日达,否,5,Venmo,每三个月,老年,90,回头客
2684,68,女,双肩包,配饰,30,Montana,M,靛蓝色,夏,4.2,否,次日达,否,21,现金,每两周,老年,14,忠实客户
2685,46,女,连衣裙,服装,45,Washington,M,灰色,夏,4.7,否,包邮,否,42,信用卡,双周,中年,14,忠实客户
2686,56,女,靴子,鞋履,25,Virginia,M,灰色,冬,2.7,否,快递,否,49,信用卡,每季,中年,90,忠实客户
2687,40,女,袜子,服装,72,Georgia,M,黑色,冬,3.8,否,两日达,否,33,现金,每两周,成年,14,忠实客户
2688,61,女,连衣裙,服装,75,Delaware,M,白色,秋,3.6,否,两日达,否,12,借记卡,双周,老年,14,忠实客户
2689,53,女,手提包,配饰,63,West Virginia,XL,绿松石色,春,2.9,否,两日达,否,18,信用卡,每三个月,中年,90,忠实客户
2690,29,女,女式衬衫,服装,35,Wyoming,M,橙色,秋,3.9,否,标准快递,否,47,PayPal,每季,青年,90,忠实客户
2691,44,女,腰带,配饰,32,New Mexico,L,黄色,夏,4.7,否,包邮,否,18,银行转账,每周,成年,7,忠实客户
2692,43,女,长裤,服装,25,Nebraska,L,蓝色,冬,3.3,否,两日达,否,48,现金,每月,成年,30,忠实客户
2693,40,女,运动鞋,鞋履,90,Washington,XL,紫罗兰色,春,4.2,否,包邮,否,18,借记卡,每三个月,成年,90,忠实客户
2694,55,女,靴子,鞋履,70,Hawaii,L,薰衣草紫,夏,2.6,否,标准快递,否,46,现金,每季,中年,90,忠实客户
2695,66,女,太阳镜,配饰,27,Louisiana,M,橄榄绿,春,4.9,否,快递,否,34,信用卡,每三个月,老年,90,忠实客户
2696,50,女,帽子,配饰,92,Tennessee,M,橙色,秋,3.6,否,标准快递,否,10,PayPal,双周,中年,14,回头客
2697,57,女,大衣,外套,20,South Dakota,M,白色,春,4.7,否,包邮,否,12,借记卡,每月,中年,30,忠实客户
2698,42,女,夹克,外套,52,Delaware,L,红色,冬,3.2,否,标准快递,否,36,银行转账,每季,成年,90,忠实客户
2699,55,女,卫衣,服装,57,Virginia,M,品红色,夏,3.6,否,门店自提,否,34,Venmo,每季,中年,90,忠实客户
2700,25,女,靴子,鞋履,96,Utah,M,紫罗兰色,秋,3.6,否,两日达,否,49,借记卡,每年,青年,365,忠实客户
2701,22,女,T恤,服装,68,California,XL,橄榄绿,冬,3.2,否,标准快递,否,36,现金,每周,青年,7,忠实客户
2702,49,女,毛衣,服装,30,Idaho,L,银色,夏,2.8,否,门店自提,否,18,银行转账,每两周,中年,14,忠实客户
2703,70,女,鞋子,鞋履,37,Texas,L,灰色,秋,4.0,否,次日达,否,39,借记卡,每两周,老年,14,忠实客户
2704,56,女,围巾,配饰,42,Tennessee,XL,橄榄绿,冬,4.4,否,包邮,否,34,PayPal,每周,中年,7,忠实客户
2705,52,女,连衣裙,服装,54,Tennessee,L,米色,春,3.4,否,次日达,否,35,借记卡,每周,中年,7,忠实客户
2706,65,女,夹克,外套,81,Washington,S,绿松石色,春,5.0,否,门店自提,否,1,信用卡,双周,老年,14,新客户
2707,24,女,鞋子,鞋履,40,Alabama,S,蓝色,春,3.1,否,快递,否,48,借记卡,每季,青年,90,忠实客户
2708,32,女,双肩包,配饰,88,Nebraska,M,粉色,秋,4.2,否,标准快递,否,19,现金,每周,成年,7,忠实客户
2709,57,女,连衣裙,服装,94,Alabama,M,青绿色,夏,3.3,否,门店自提,否,44,借记卡,每周,中年,7,忠实客户
2710,35,女,衬衫,服装,54,Illinois,S,青色,冬,2.9,否,标准快递,否,9,信用卡,双周,成年,14,回头客
2711,69,女,夹克,外套,51,Wisconsin,L,紫色,夏,4.7,否,标准快递,否,3,银行转账,每两周,老年,14,回头客
2712,30,女,太阳镜,配饰,22,Nebraska,L,红色,春,4.0,否,标准快递,否,50,Venmo,每月,青年,30,忠实客户
2713,37,女,夹克,外套,95,North Dakota,L,棕色,秋,4.6,否,标准快递,否,7,借记卡,每季,成年,90,回头客
2714,19,女,大衣,外套,57,Mississippi,M,品红色,秋,3.8,否,两日达,否,20,借记卡,每年,青年,365,忠实客户
2715,53,女,毛衣,服装,45,Iowa,S,橄榄绿,冬,3.6,否,门店自提,否,16,信用卡,双周,中年,14,忠实客户
2716,25,女,运动鞋,鞋履,92,Mississippi,XL,粉色,冬,4.1,否,快递,否,29,PayPal,每两周,青年,14,忠实客户
2717,47,女,鞋子,鞋履,40,Colorado,L,黑色,春,2.7,否,门店自提,否,21,借记卡,每周,中年,7,忠实客户
2718,18,女,太阳镜,配饰,62,Nebraska,XL,米色,冬,4.3,否,包邮,否,19,信用卡,每三个月,青年,90,忠实客户
2719,22,女,短裤,服装,90,Virginia,M,桃色,冬,4.9,否,次日达,否,10,Venmo,双周,青年,14,回头客
2720,69,女,卫衣,服装,82,Louisiana,S,桃色,秋,4.2,否,包邮,否,4,银行转账,每月,老年,30,回头客
2721,55,女,围巾,配饰,52,Maryland,M,桃色,春,2.8,否,门店自提,否,45,银行转账,每季,中年,90,忠实客户
2722,19,女,凉鞋,鞋履,70,Minnesota,S,青绿色,春,4.9,否,包邮,否,17,PayPal,每两周,青年,14,忠实客户
2723,23,女,帽子,配饰,83,Maine,M,绿色,春,2.8,否,两日达,否,22,PayPal,每两周,青年,14,忠实客户
2724,54,女,鞋子,鞋履,49,Texas,XL,棕色,夏,2.9,否,门店自提,否,3,PayPal,每三个月,中年,90,回头客
2725,52,女,运动鞋,鞋履,91,Missouri,M,棕色,春,2.5,否,次日达,否,11,借记卡,每两周,中年,14,忠实客户
2726,64,女,双肩包,配饰,99,Mississippi,S,紫罗兰色,夏,2.7,否,包邮,否,4,借记卡,每年,老年,365,回头客
2727,33,女,腰带,配饰,92,Michigan,L,蓝色,冬,3.3,否,包邮,否,11,PayPal,双周,成年,14,忠实客户
2728,40,女,衬衫,服装,87,Colorado,L,炭灰色,冬,3.7,否,两日达,否,47,信用卡,每两周,成年,14,忠实客户
2729,26,女,半身裙,服装,28,Florida,M,粉色,冬,4.0,否,快递,否,17,借记卡,每周,青年,7,忠实客户
2730,31,女,手套,配饰,71,Montana,S,紫罗兰色,夏,4.1,否,包邮,否,32,信用卡,每月,青年,30,忠实客户
2731,23,女,手套,配饰,32,Wisconsin,M,青绿色,冬,4.1,否,门店自提,否,37,银行转账,每年,青年,365,忠实客户
2732,52,女,手提包,配饰,33,Wisconsin,M,红色,夏,2.5,否,两日达,否,44,银行转账,每季,中年,90,忠实客户
2733,21,女,袜子,服装,75,Delaware,L,橙色,冬,4.2,否,门店自提,否,27,借记卡,每三个月,青年,90,忠实客户
2734,31,女,双肩包,配饰,83,North Carolina,M,品红色,夏,4.7,否,快递,否,46,PayPal,每年,青年,365,忠实客户
2735,63,女,牛仔裤,服装,93,New York,XL,黄色,夏,2.7,否,两日达,否,13,现金,双周,老年,14,忠实客户
2736,46,女,半身裙,服装,29,California,M,黄色,春,3.0,否,快递,否,2,PayPal,双周,中年,14,回头客
2737,44,女,卫衣,服装,25,Montana,M,粉色,春,4.8,否,门店自提,否,45,信用卡,每年,成年,365,忠实客户
2738,57,女,首饰,配饰,76,North Carolina,S,靛蓝色,春,4.4,否,包邮,否,35,现金,每三个月,中年,90,忠实客户
2739,50,女,运动鞋,鞋履,81,Ohio,M,炭灰色,夏,4.3,否,两日达,否,39,Venmo,每三个月,中年,90,忠实客户
2740,33,女,衬衫,服装,80,Alaska,XL,蓝色,冬,2.5,否,门店自提,否,39,信用卡,每三个月,成年,90,忠实客户
2741,19,女,太阳镜,配饰,70,Pennsylvania,M,薰衣草紫,夏,4.9,否,包邮,否,34,银行转账,每两周,青年,14,忠实客户
2742,68,女,连衣裙,服装,81,Maine,L,黄色,秋,4.9,否,两日达,否,41,Venmo,每月,老年,30,忠实客户
2743,27,女,鞋子,鞋履,86,Texas,M,黑色,春,3.9,否,包邮,否,47,借记卡,每年,青年,365,忠实客户
2744,61,女,腰带,配饰,94,New Jersey,S,米色,秋,4.1,否,两日达,否,17,Venmo,每季,老年,90,忠实客户
2745,38,女,衬衫,服装,66,Wyoming,M,银色,冬,3.3,否,门店自提,否,40,信用卡,每月,成年,30,忠实客户
2746,28,女,靴子,鞋履,98,Michigan,M,品红色,夏,4.1,否,标准快递,否,44,PayPal,双周,青年,14,忠实客户
2747,39,女,卫衣,服装,25,Ohio,M,橙色,秋,3.7,否,标准快递,否,21,PayPal,每三个月,成年,90,忠实客户
2748,18,女,牛仔裤,服装,62,West Virginia,M,青绿色,冬,3.1,否,包邮,否,21,信用卡,每三个月,青年,90,忠实客户
2749,24,女,夹克,外套,98,Virginia,L,绿松石色,春,3.0,否,包邮,否,16,Venmo,每年,青年,365,忠实客户
2750,64,女,夹克,外套,53,Vermont,M,青色,春,3.4,否,标准快递,否,15,银行转账,每年,老年,365,忠实客户
2751,51,女,凉鞋,鞋履,66,Alaska,L,粉色,春,2.7,否,两日达,否,26,PayPal,每三个月,中年,90,忠实客户
2752,27,女,连衣裙,服装,52,Minnesota,S,靛蓝色,秋,3.1,否,包邮,否,50,Venmo,每月,青年,30,忠实客户
2753,48,女,毛衣,服装,64,Colorado,S,桃色,冬,4.0,否,包邮,否,30,Venmo,双周,中年,14,忠实客户
2754,69,女,手套,配饰,59,Rhode Island,M,米色,春,3.6,否,次日达,否,48,PayPal,每季,老年,90,忠实客户
2755,59,女,太阳镜,配饰,61,New Jersey,L,金色,夏,3.6,否,包邮,否,21,Venmo,双周,老年,14,忠实客户
2756,59,女,腰带,配饰,97,Nevada,M,靛蓝色,冬,3.3,否,门店自提,否,18,信用卡,每年,老年,365,忠实客户
2757,42,女,帽子,配饰,23,Minnesota,L,紫罗兰色,冬,4.1,否,包邮,否,41,PayPal,每月,成年,30,忠实客户
2758,39,女,帽子,配饰,98,Delaware,XL,棕色,秋,4.3,否,次日达,否,11,Venmo,每月,成年,30,忠实客户
2759,32,女,女式衬衫,服装,98,Illinois,M,紫色,夏,3.2,否,标准快递,否,8,银行转账,双周,成年,14,回头客
2760,68,女,鞋子,鞋履,59,Washington,M,绿松石色,夏,3.9,否,包邮,否,42,现金,每三个月,老年,90,忠实客户
2761,41,女,半身裙,服装,82,Alaska,S,紫罗兰色,秋,5.0,否,次日达,否,41,信用卡,双周,成年,14,忠实客户
2762,31,女,运动鞋,鞋履,82,Michigan,M,紫色,秋,3.4,否,次日达,否,3,信用卡,每三个月,青年,90,回头客
2763,58,女,T恤,服装,41,Georgia,M,炭灰色,秋,3.8,否,门店自提,否,10,借记卡,每三个月,老年,90,回头客
2764,28,女,手提包,配饰,52,West Virginia,M,绿色,秋,2.9,否,两日达,否,35,Venmo,每季,青年,90,忠实客户
2765,63,女,毛衣,服装,41,Arizona,XL,白色,春,2.6,否,次日达,否,2,借记卡,每周,老年,7,回头客
2766,64,女,手套,配饰,70,Colorado,M,紫色,夏,4.3,否,两日达,否,24,信用卡,每季,老年,90,忠实客户
2767,66,女,连衣裙,服装,91,Tennessee,M,青色,冬,2.8,否,标准快递,否,47,信用卡,每月,老年,30,忠实客户
2768,31,女,连衣裙,服装,95,Iowa,M,绿色,春,4.5,否,包邮,否,31,现金,每月,青年,30,忠实客户
2769,55,女,女式衬衫,服装,25,Kansas,M,米色,春,3.8,否,两日达,否,28,PayPal,双周,中年,14,忠实客户
2770,32,女,衬衫,服装,89,Oklahoma,L,薰衣草紫,秋,3.0,否,标准快递,否,13,现金,每周,成年,7,忠实客户
2771,50,女,靴子,鞋履,44,Nebraska,S,蓝色,秋,3.3,否,快递,否,22,银行转账,每季,中年,90,忠实客户
2772,58,女,夹克,外套,52,Maryland,S,米色,夏,3.1,否,两日达,否,12,银行转账,每两周,老年,14,忠实客户
2773,18,女,双肩包,配饰,94,Pennsylvania,L,蓝色,春,3.5,否,门店自提,否,10,银行转账,每三个月,青年,90,回头客
2774,39,女,长裤,服装,98,Arizona,S,栗色,春,4.6,否,快递,否,45,银行转账,每季,成年,90,忠实客户
2775,56,女,靴子,鞋履,40,Oklahoma,L,黄色,秋,4.1,否,标准快递,否,42,信用卡,每季,中年,90,忠实客户
2776,37,女,袜子,服装,25,Montana,L,红色,秋,3.6,否,包邮,否,16,借记卡,每周,成年,7,忠实客户
2777,46,女,围巾,配饰,62,Wyoming,L,绿色,秋,2.9,否,包邮,否,6,银行转账,每年,中年,365,回头客
2778,52,女,女式衬衫,服装,24,Idaho,M,品红色,秋,4.8,否,标准快递,否,28,信用卡,每三个月,中年,90,忠实客户
2779,70,女,腰带,配饰,57,Pennsylvania,L,黄色,春,3.2,否,标准快递,否,24,信用卡,双周,老年,14,忠实客户
2780,61,女,太阳镜,配饰,66,Montana,L,蓝色,冬,4.3,否,快递,否,14,信用卡,每两周,老年,14,忠实客户
2781,33,女,靴子,鞋履,70,Ohio,M,炭灰色,冬,4.1,否,次日达,否,29,PayPal,每两周,成年,14,忠实客户
2782,65,女,凉鞋,鞋履,39,Mississippi,M,蓝色,春,4.6,否,标准快递,否,33,PayPal,每周,老年,7,忠实客户
2783,41,女,手套,配饰,34,Idaho,S,青色,春,3.8,否,包邮,否,30,PayPal,每年,成年,365,忠实客户
2784,19,女,半身裙,服装,38,Virginia,M,银色,春,4.5,否,次日达,否,26,信用卡,每季,青年,90,忠实客户
2785,33,女,半身裙,服装,70,Idaho,M,黑色,冬,3.1,否,快递,否,12,PayPal,每三个月,成年,90,忠实客户
2786,53,女,女式衬衫,服装,80,Louisiana,S,绿色,夏,2.9,否,次日达,否,13,银行转账,每月,中年,30,忠实客户
2787,54,女,手提包,配饰,51,Colorado,M,紫罗兰色,春,3.8,否,次日达,否,41,借记卡,每三个月,中年,90,忠实客户
2788,36,女,靴子,鞋履,79,West Virginia,XL,粉色,春,4.1,否,次日达,否,4,Venmo,每两周,成年,14,回头客
2789,56,女,靴子,鞋履,92,Rhode Island,M,橄榄绿,夏,3.1,否,包邮,否,2,信用卡,每年,中年,365,回头客
2790,28,女,毛衣,服装,85,North Carolina,L,橙色,秋,5.0,否,快递,否,28,信用卡,双周,青年,14,忠实客户
2791,34,女,袜子,服装,63,Maine,M,黑色,春,4.5,否,包邮,否,24,借记卡,每年,成年,365,忠实客户
2792,43,女,手套,配饰,60,Iowa,M,黄色,秋,2.8,否,快递,否,14,Venmo,每两周,成年,14,忠实客户
2793,54,女,短裤,服装,44,Kentucky,L,紫罗兰色,冬,3.2,否,快递,否,11,信用卡,每周,中年,7,忠实客户
2794,37,女,靴子,鞋履,57,Massachusetts,M,银色,春,3.1,否,标准快递,否,27,借记卡,双周,成年,14,忠实客户
2795,33,女,夹克,外套,24,New York,M,金色,秋,3.3,否,标准快递,否,7,现金,每两周,成年,14,回头客
2796,33,女,围巾,配饰,35,Nebraska,M,品红色,冬,3.4,否,门店自提,否,49,PayPal,每年,成年,365,忠实客户
2797,55,女,夹克,外套,73,Oklahoma,M,红色,冬,3.8,否,门店自提,否,21,现金,每年,中年,365,忠实客户
2798,63,女,首饰,配饰,42,Oklahoma,M,绿色,冬,3.5,否,快递,否,10,Venmo,每三个月,老年,90,回头客
2799,52,女,卫衣,服装,20,Rhode Island,XL,红色,冬,4.8,否,门店自提,否,37,PayPal,每周,中年,7,忠实客户
2800,23,女,T恤,服装,89,Maine,L,粉色,春,3.9,否,包邮,否,9,银行转账,每三个月,青年,90,回头客
2801,70,女,衬衫,服装,76,Arkansas,L,紫罗兰色,秋,3.4,否,包邮,否,14,现金,双周,老年,14,忠实客户
2802,64,女,衬衫,服装,56,New Mexico,M,靛蓝色,冬,2.6,否,快递,否,30,PayPal,每年,老年,365,忠实客户
2803,22,女,大衣,外套,100,Hawaii,L,红色,秋,3.1,否,门店自提,否,42,信用卡,每两周,青年,14,忠实客户
2804,46,女,T恤,服装,44,Idaho,M,紫罗兰色,冬,3.3,否,包邮,否,31,银行转账,每月,中年,30,忠实客户
2805,65,女,卫衣,服装,76,South Carolina,M,青色,春,2.8,否,标准快递,否,48,银行转账,每三个月,老年,90,忠实客户
2806,18,女,太阳镜,配饰,97,Nevada,S,黑色,秋,4.3,否,标准快递,否,48,现金,每季,青年,90,忠实客户
2807,45,女,女式衬衫,服装,39,South Carolina,L,紫色,春,2.7,否,标准快递,否,50,信用卡,每年,中年,365,忠实客户
2808,56,女,卫衣,服装,100,Maryland,M,炭灰色,春,4.4,否,两日达,否,10,借记卡,每两周,中年,14,回头客
2809,49,女,半身裙,服装,62,Tennessee,M,米色,春,3.9,否,包邮,否,45,PayPal,每三个月,中年,90,忠实客户
2810,66,女,短裤,服装,98,Arkansas,XL,青绿色,夏,3.0,否,标准快递,否,27,借记卡,每季,老年,90,忠实客户
2811,27,女,牛仔裤,服装,31,Arizona,M,紫色,夏,4.0,否,标准快递,否,10,借记卡,每两周,青年,14,回头客
2812,69,女,夹克,外套,89,Ohio,M,蓝色,秋,3.7,否,门店自提,否,19,信用卡,每季,老年,90,忠实客户
2813,66,女,卫衣,服装,91,North Dakota,XL,品红色,秋,3.8,否,门店自提,否,1,信用卡,每三个月,老年,90,新客户
2814,45,女,衬衫,服装,50,Vermont,S,栗色,夏,3.3,否,两日达,否,39,借记卡,每季,中年,90,忠实客户
2815,31,女,T恤,服装,32,Minnesota,L,金色,冬,3.6,否,标准快递,否,14,银行转账,每月,青年,30,忠实客户
2816,33,女,女式衬衫,服装,67,Idaho,L,黑色,秋,3.9,否,包邮,否,40,Venmo,每三个月,成年,90,忠实客户
2817,43,女,半身裙,服装,28,Maryland,M,黑色,春,3.5,否,包邮,否,45,Venmo,每周,成年,7,忠实客户
2818,25,女,双肩包,配饰,65,South Carolina,XL,黄色,冬,3.4,否,标准快递,否,6,Venmo,每周,青年,7,回头客
2819,46,女,短裤,服装,73,California,M,绿松石色,秋,4.7,否,次日达,否,12,借记卡,每年,中年,365,忠实客户
2820,67,女,衬衫,服装,27,Georgia,L,薰衣草紫,春,3.0,否,包邮,否,19,现金,每月,老年,30,忠实客户
2821,26,女,双肩包,配饰,89,Vermont,L,黄色,夏,3.9,否,包邮,否,5,现金,双周,青年,14,回头客
2822,35,女,鞋子,鞋履,72,Georgia,L,橄榄绿,夏,4.5,否,标准快递,否,37,Venmo,每月,成年,30,忠实客户
2823,61,女,半身裙,服装,37,New Jersey,S,棕色,秋,4.1,否,标准快递,否,33,PayPal,每季,老年,90,忠实客户
2824,26,女,连衣裙,服装,63,Utah,M,橄榄绿,夏,4.5,否,标准快递,否,47,借记卡,双周,青年,14,忠实客户
2825,39,女,帽子,配饰,90,Utah,M,紫色,秋,4.0,否,包邮,否,49,借记卡,每季,成年,90,忠实客户
2826,69,女,手提包,配饰,62,North Carolina,M,黄色,冬,4.3,否,两日达,否,28,银行转账,每年,老年,365,忠实客户
2827,32,女,手提包,配饰,43,Florida,L,棕色,秋,3.6,否,快递,否,23,Venmo,每年,成年,365,忠实客户
2828,20,女,女式衬衫,服装,96,Wisconsin,M,品红色,秋,3.1,否,次日达,否,11,银行转账,双周,青年,14,忠实客户
2829,25,女,围巾,配饰,83,Tennessee,L,薰衣草紫,秋,2.6,否,标准快递,否,33,PayPal,每季,青年,90,忠实客户
2830,56,女,首饰,配饰,67,Arizona,XL,青绿色,秋,3.4,否,次日达,否,47,现金,每周,中年,7,忠实客户
2831,63,女,半身裙,服装,90,Oregon,L,青色,春,2.9,否,门店自提,否,13,Venmo,每三个月,老年,90,忠实客户
2832,34,女,卫衣,服装,53,Virginia,L,粉色,冬,5.0,否,快递,否,4,信用卡,每周,成年,7,回头客
2833,29,女,围巾,配饰,37,Maryland,M,品红色,夏,4.6,否,标准快递,否,40,PayPal,每季,青年,90,忠实客户
2834,43,女,牛仔裤,服装,56,Arkansas,M,青绿色,秋,3.3,否,包邮,否,19,现金,每月,成年,30,忠实客户
2835,39,女,夹克,外套,43,Texas,M,靛蓝色,秋,2.9,否,两日达,否,17,信用卡,每周,成年,7,忠实客户
2836,33,女,T恤,服装,84,Vermont,S,粉色,冬,4.9,否,包邮,否,7,Venmo,每年,成年,365,回头客
2837,51,女,长裤,服装,50,Wyoming,M,炭灰色,冬,5.0,否,两日达,否,21,现金,双周,中年,14,忠实客户
2838,65,女,鞋子,鞋履,88,Alabama,M,棕色,夏,4.5,否,快递,否,44,PayPal,每周,老年,7,忠实客户
2839,51,女,夹克,外套,50,Maine,M,蓝色,秋,3.7,否,包邮,否,2,银行转账,每周,中年,7,回头客
2840,70,女,围巾,配饰,80,South Dakota,L,青绿色,夏,2.8,否,门店自提,否,30,银行转账,每月,老年,30,忠实客户
2841,40,女,T恤,服装,47,West Virginia,L,粉色,春,3.5,否,门店自提,否,41,现金,每年,成年,365,忠实客户
2842,19,女,连衣裙,服装,33,Ohio,XL,品红色,冬,3.0,否,两日达,否,31,现金,每周,青年,7,忠实客户
2843,28,女,大衣,外套,100,Arizona,L,绿色,秋,4.3,否,标准快递,否,48,借记卡,每季,青年,90,忠实客户
2844,51,女,毛衣,服装,26,Ohio,M,白色,夏,3.6,否,门店自提,否,41,Venmo,每周,中年,7,忠实客户
2845,32,女,帽子,配饰,79,New Mexico,M,靛蓝色,夏,4.4,否,标准快递,否,42,Venmo,每年,成年,365,忠实客户
2846,26,女,双肩包,配饰,77,South Dakota,L,薰衣草紫,夏,4.1,否,快递,否,39,借记卡,每三个月,青年,90,忠实客户
2847,50,女,袜子,服装,36,Oklahoma,XL,黑色,秋,2.8,否,次日达,否,15,PayPal,双周,中年,14,忠实客户
2848,68,女,首饰,配饰,21,Connecticut,L,炭灰色,冬,2.8,否,包邮,否,3,PayPal,每三个月,老年,90,回头客
2849,33,女,靴子,鞋履,72,Wisconsin,L,灰色,秋,4.9,否,门店自提,否,28,银行转账,每季,成年,90,忠实客户
2850,56,女,大衣,外套,25,New Hampshire,M,金色,春,4.1,否,快递,否,27,PayPal,双周,中年,14,忠实客户
2851,57,女,毛衣,服装,79,Nebraska,M,银色,春,3.0,否,门店自提,否,36,借记卡,每年,中年,365,忠实客户
2852,58,女,女式衬衫,服装,73,Nevada,L,青绿色,夏,3.0,否,门店自提,否,42,借记卡,每月,老年,30,忠实客户
2853,40,女,腰带,配饰,71,New York,M,品红色,春,3.0,否,门店自提,否,30,Venmo,每周,成年,7,忠实客户
2854,37,女,帽子,配饰,48,Pennsylvania,M,品红色,冬,3.2,否,次日达,否,9,PayPal,每周,成年,7,回头客
2855,36,女,凉鞋,鞋履,28,Delaware,M,米色,秋,2.7,否,门店自提,否,25,Venmo,每月,成年,30,忠实客户
2856,29,女,靴子,鞋履,95,Mississippi,S,栗色,冬,3.8,否,两日达,否,33,PayPal,每季,青年,90,忠实客户
2857,65,女,夹克,外套,48,Iowa,M,靛蓝色,冬,3.5,否,两日达,否,31,信用卡,每月,老年,30,忠实客户
2858,44,女,连衣裙,服装,93,Utah,S,栗色,春,3.8,否,次日达,否,35,借记卡,每月,成年,30,忠实客户
2859,34,女,牛仔裤,服装,87,Maryland,L,青绿色,夏,3.8,否,两日达,否,46,银行转账,每月,成年,30,忠实客户
2860,31,女,短裤,服装,32,Utah,L,黄色,秋,3.4,否,快递,否,29,银行转账,每年,青年,365,忠实客户
2861,28,女,衬衫,服装,38,Rhode Island,M,金色,春,2.9,否,次日达,否,49,银行转账,每周,青年,7,忠实客户
2862,66,女,大衣,外套,54,Maryland,M,青绿色,秋,3.4,否,包邮,否,27,信用卡,每月,老年,30,忠实客户
2863,68,女,大衣,外套,75,Hawaii,S,紫罗兰色,夏,4.7,否,门店自提,否,5,银行转账,每三个月,老年,90,回头客
2864,37,女,T恤,服装,56,Connecticut,M,黄色,秋,3.9,否,两日达,否,18,Venmo,每月,成年,30,忠实客户
2865,58,女,毛衣,服装,43,Illinois,S,栗色,秋,3.6,否,门店自提,否,31,Venmo,每周,老年,7,忠实客户
2866,28,女,半身裙,服装,97,California,M,银色,秋,3.7,否,包邮,否,27,现金,每两周,青年,14,忠实客户
2867,54,女,女式衬衫,服装,75,Connecticut,S,紫罗兰色,夏,3.1,否,包邮,否,19,现金,每年,中年,365,忠实客户
2868,21,女,运动鞋,鞋履,55,Colorado,L,白色,夏,4.9,否,次日达,否,33,现金,每两周,青年,14,忠实客户
2869,45,女,双肩包,配饰,49,Colorado,M,黑色,冬,2.6,否,次日达,否,42,PayPal,每三个月,中年,90,忠实客户
2870,57,女,袜子,服装,58,Georgia,M,白色,夏,4.2,否,标准快递,否,16,银行转账,每周,中年,7,忠实客户
2871,47,女,首饰,配饰,34,North Dakota,M,蓝色,冬,4.8,否,包邮,否,49,借记卡,每三个月,中年,90,忠实客户
2872,46,女,短裤,服装,43,Idaho,S,黑色,夏,2.7,否,两日达,否,40,Venmo,双周,中年,14,忠实客户
2873,63,女,首饰,配饰,48,Connecticut,L,橄榄绿,秋,2.6,否,次日达,否,5,现金,每年,老年,365,回头客
2874,44,女,毛衣,服装,40,Montana,M,青绿色,春,2.6,否,包邮,否,8,银行转账,每月,成年,30,回头客
2875,36,女,衬衫,服装,29,Colorado,L,银色,夏,3.1,否,标准快递,否,2,借记卡,每年,成年,365,回头客
2876,24,女,长裤,服装,81,Kentucky,M,粉色,秋,2.6,否,包邮,否,14,借记卡,每周,青年,7,忠实客户
2877,65,女,卫衣,服装,84,New Mexico,M,炭灰色,春,3.4,否,两日达,否,5,银行转账,每两周,老年,14,回头客
2878,32,女,袜子,服装,46,New Jersey,M,银色,夏,3.6,否,标准快递,否,34,Venmo,每月,成年,30,忠实客户
2879,63,女,连衣裙,服装,86,California,L,绿松石色,夏,4.3,否,次日达,否,13,银行转账,每年,老年,365,忠实客户
2880,62,女,女式衬衫,服装,57,North Dakota,XL,绿松石色,冬,4.9,否,包邮,否,31,Venmo,每年,老年,365,忠实客户
2881,19,女,半身裙,服装,61,Florida,L,米色,冬,4.8,否,门店自提,否,43,PayPal,每季,青年,90,忠实客户
2882,38,女,双肩包,配饰,90,Texas,M,青色,冬,4.2,否,包邮,否,6,银行转账,每年,成年,365,回头客
2883,59,女,女式衬衫,服装,51,Oklahoma,L,金色,冬,2.6,否,门店自提,否,23,信用卡,双周,老年,14,忠实客户
2884,22,女,袜子,服装,48,Rhode Island,XL,银色,春,3.2,否,标准快递,否,10,PayPal,每周,青年,7,回头客
2885,55,女,靴子,鞋履,50,Arkansas,M,紫色,夏,3.4,否,两日达,否,47,信用卡,每三个月,中年,90,忠实客户
2886,29,女,双肩包,配饰,82,Nevada,M,黄色,夏,3.5,否,次日达,否,14,信用卡,双周,青年,14,忠实客户
2887,42,女,帽子,配饰,33,Utah,L,蓝色,春,4.2,否,包邮,否,29,PayPal,每周,成年,7,忠实客户
2888,23,女,凉鞋,鞋履,28,Kentucky,L,蓝色,冬,2.8,否,快递,否,12,现金,双周,青年,14,忠实客户
2889,70,女,卫衣,服装,42,Wisconsin,L,绿色,春,5.0,否,两日达,否,25,借记卡,每季,老年,90,忠实客户
2890,64,女,太阳镜,配饰,43,Minnesota,M,炭灰色,秋,3.3,否,门店自提,否,21,Venmo,每年,老年,365,忠实客户
2891,39,女,牛仔裤,服装,55,North Dakota,M,紫罗兰色,冬,3.7,否,包邮,否,23,信用卡,每月,成年,30,忠实客户
2892,47,女,T恤,服装,73,Ohio,XL,黑色,冬,2.5,否,包邮,否,10,PayPal,每月,中年,30,回头客
2893,22,女,连衣裙,服装,39,Nevada,M,青绿色,春,3.2,否,标准快递,否,47,信用卡,每月,青年,30,忠实客户
2894,69,女,腰带,配饰,20,Kentucky,S,橙色,春,3.1,否,包邮,否,44,借记卡,每三个月,老年,90,忠实客户
2895,35,女,首饰,配饰,32,Kentucky,S,棕色,春,3.5,否,标准快递,否,41,Venmo,每年,成年,365,忠实客户
2896,56,女,卫衣,服装,86,Montana,L,绿色,夏,4.6,否,标准快递,否,29,银行转账,每月,中年,30,忠实客户
2897,30,女,女式衬衫,服装,91,Delaware,M,银色,夏,3.3,否,包邮,否,2,Venmo,每三个月,青年,90,回头客
2898,43,女,夹克,外套,59,Montana,L,紫罗兰色,秋,2.5,否,包邮,否,2,现金,每两周,成年,14,回头客
2899,23,女,运动鞋,鞋履,33,New Jersey,XL,桃色,夏,4.6,否,快递,否,29,信用卡,每年,青年,365,忠实客户
2900,50,女,靴子,鞋履,64,Nebraska,M,金色,春,4.2,否,两日达,否,22,银行转账,每两周,中年,14,忠实客户
2901,41,女,女式衬衫,服装,67,Maryland,XL,紫罗兰色,冬,4.0,否,标准快递,否,23,现金,双周,成年,14,忠实客户
2902,41,女,女式衬衫,服装,43,Alabama,L,橄榄绿,冬,2.6,否,包邮,否,46,信用卡,每季,成年,90,忠实客户
2903,27,女,靴子,鞋履,32,North Carolina,S,橙色,春,4.6,否,标准快递,否,19,PayPal,双周,青年,14,忠实客户
2904,38,女,围巾,配饰,39,Delaware,S,青绿色,春,3.5,否,两日达,否,24,信用卡,每三个月,成年,90,忠实客户
2905,41,女,凉鞋,鞋履,41,Iowa,M,灰色,春,4.0,否,两日达,否,43,Venmo,每月,成年,30,忠实客户
2906,58,女,太阳镜,配饰,53,New York,L,黑色,冬,4.8,否,标准快递,否,14,借记卡,每两周,老年,14,忠实客户
2907,58,女,大衣,外套,27,Virginia,M,靛蓝色,春,3.9,否,标准快递,否,7,Venmo,每年,老年,365,回头客
2908,19,女,太阳镜,配饰,82,Maryland,XL,薰衣草紫,夏,3.7,否,次日达,否,50,PayPal,双周,青年,14,忠实客户
2909,43,女,女式衬衫,服装,87,Texas,M,米色,冬,3.1,否,门店自提,否,15,借记卡,每三个月,成年,90,忠实客户
2910,27,女,双肩包,配饰,78,Louisiana,M,靛蓝色,冬,3.0,否,次日达,否,40,信用卡,每三个月,青年,90,忠实客户
2911,32,女,腰带,配饰,32,Mississippi,M,蓝色,夏,2.9,否,门店自提,否,41,信用卡,每月,成年,30,忠实客户
2912,28,女,袜子,服装,38,Ohio,XL,橙色,秋,2.9,否,次日达,否,34,Venmo,每季,青年,90,忠实客户
2913,48,女,鞋子,鞋履,37,Oregon,M,黄色,冬,4.0,否,标准快递,否,27,现金,双周,中年,14,忠实客户
2914,43,女,大衣,外套,83,Wyoming,L,青色,冬,3.5,否,快递,否,12,现金,每三个月,成年,90,忠实客户
2915,45,女,毛衣,服装,72,Pennsylvania,M,黄色,秋,3.8,否,快递,否,1,借记卡,双周,中年,14,新客户
2916,26,女,衬衫,服装,30,Oregon,M,青色,秋,4.5,否,快递,否,39,借记卡,双周,青年,14,忠实客户
2917,62,女,短裤,服装,66,Oklahoma,M,绿色,冬,2.7,否,快递,否,13,信用卡,双周,老年,14,忠实客户
2918,58,女,衬衫,服装,45,Colorado,XL,白色,冬,2.9,否,门店自提,否,50,Venmo,每年,老年,365,忠实客户
2919,19,女,太阳镜,配饰,73,New York,S,黑色,秋,4.9,否,包邮,否,36,现金,每周,青年,7,忠实客户
2920,64,女,鞋子,鞋履,67,Minnesota,L,炭灰色,冬,3.8,否,标准快递,否,31,借记卡,每月,老年,30,忠实客户
2921,33,女,太阳镜,配饰,72,Texas,XL,棕色,春,4.9,否,包邮,否,3,借记卡,双周,成年,14,回头客
2922,20,女,手提包,配饰,24,Wisconsin,M,青色,秋,4.6,否,标准快递,否,11,现金,每两周,青年,14,忠实客户
2923,45,女,太阳镜,配饰,68,Kentucky,L,米色,冬,3.5,否,快递,否,16,PayPal,每季,中年,90,忠实客户
2924,28,女,衬衫,服装,70,Pennsylvania,M,品红色,春,4.2,否,两日达,否,12,现金,每季,青年,90,忠实客户
2925,47,女,衬衫,服装,64,Rhode Island,L,靛蓝色,冬,3.7,否,包邮,否,37,借记卡,每三个月,中年,90,忠实客户
2926,54,女,毛衣,服装,91,Illinois,M,栗色,春,2.8,否,门店自提,否,43,信用卡,每三个月,中年,90,忠实客户
2927,64,女,手提包,配饰,82,Maryland,M,灰色,冬,4.8,否,两日达,否,9,现金,每周,老年,7,回头客
2928,45,女,衬衫,服装,24,Missouri,M,黑色,夏,2.7,否,快递,否,15,Venmo,双周,中年,14,忠实客户
2929,40,女,首饰,配饰,80,Alabama,L,黄色,春,3.6,否,门店自提,否,17,信用卡,每周,成年,7,忠实客户
2930,31,女,袜子,服装,53,Maine,XL,白色,冬,4.5,否,次日达,否,42,Venmo,每两周,青年,14,忠实客户
2931,38,女,T恤,服装,50,Mississippi,M,橙色,春,4.0,否,包邮,否,14,Venmo,每月,成年,30,忠实客户
2932,36,女,首饰,配饰,31,Alabama,M,品红色,秋,4.5,否,两日达,否,49,信用卡,双周,成年,14,忠实客户
2933,65,女,双肩包,配饰,88,Alaska,L,黑色,春,3.9,否,快递,否,3,PayPal,每季,老年,90,回头客
2934,27,女,帽子,配饰,52,Illinois,M,棕色,夏,3.8,否,标准快递,否,28,Venmo,每月,青年,30,忠实客户
2935,38,女,手套,配饰,22,Idaho,M,橙色,秋,4.7,否,次日达,否,41,银行转账,每季,成年,90,忠实客户
2936,58,女,运动鞋,鞋履,27,North Carolina,XL,灰色,春,4.6,否,标准快递,否,11,Venmo,每周,老年,7,忠实客户
2937,31,女,半身裙,服装,34,Washington,M,白色,春,3.6,否,快递,否,46,PayPal,每周,青年,7,忠实客户
2938,28,女,手提包,配饰,39,West Virginia,M,白色,春,4.3,否,两日达,否,15,信用卡,每周,青年,7,忠实客户
2939,28,女,太阳镜,配饰,53,Maine,M,紫罗兰色,秋,3.0,否,标准快递,否,15,现金,每月,青年,30,忠实客户
2940,32,女,毛衣,服装,46,Kentucky,M,米色,冬,4.3,否,快递,否,34,Venmo,每周,成年,7,忠实客户
2941,61,女,手提包,配饰,85,Massachusetts,L,米色,夏,4.8,否,次日达,否,13,现金,每月,老年,30,忠实客户
2942,38,女,半身裙,服装,86,Pennsylvania,L,紫色,春,3.7,否,包邮,否,27,PayPal,每月,成年,30,忠实客户
2943,54,女,袜子,服装,63,Hawaii,M,棕色,夏,2.6,否,包邮,否,37,银行转账,每周,中年,7,忠实客户
2944,29,女,衬衫,服装,44,Virginia,M,橙色,春,3.4,否,标准快递,否,37,信用卡,每月,青年,30,忠实客户
2945,50,女,运动鞋,鞋履,95,New York,XL,青色,夏,3.9,否,包邮,否,4,Venmo,每三个月,中年,90,回头客
2946,32,女,腰带,配饰,49,Delaware,M,炭灰色,夏,4.8,否,包邮,否,1,信用卡,每三个月,成年,90,新客户
2947,38,女,长裤,服装,77,Hawaii,L,紫色,春,2.8,否,包邮,否,29,银行转账,每季,成年,90,忠实客户
2948,52,女,首饰,配饰,63,Nebraska,L,桃色,春,4.4,否,标准快递,否,50,Venmo,每年,中年,365,忠实客户
2949,61,女,长裤,服装,83,Vermont,M,紫罗兰色,冬,3.1,否,标准快递,否,38,借记卡,双周,老年,14,忠实客户
2950,25,女,首饰,配饰,93,Iowa,M,桃色,春,3.8,否,门店自提,否,15,PayPal,每年,青年,365,忠实客户
2951,22,女,牛仔裤,服装,91,Iowa,S,栗色,冬,4.1,否,两日达,否,44,借记卡,每三个月,青年,90,忠实客户
2952,47,女,围巾,配饰,99,Arkansas,L,栗色,秋,4.6,否,包邮,否,14,现金,每周,中年,7,忠实客户
2953,50,女,腰带,配饰,24,Alabama,M,桃色,春,4.9,否,次日达,否,5,借记卡,每月,中年,30,回头客
2954,45,女,连衣裙,服装,82,Maryland,M,银色,夏,4.8,否,次日达,否,11,信用卡,每年,中年,365,忠实客户
2955,33,女,T恤,服装,28,South Dakota,M,靛蓝色,冬,3.9,否,快递,否,15,信用卡,每年,成年,365,忠实客户
2956,42,女,靴子,鞋履,67,Vermont,M,银色,冬,2.6,否,包邮,否,46,信用卡,每年,成年,365,忠实客户
2957,52,女,连衣裙,服装,88,Montana,M,橄榄绿,秋,3.7,否,标准快递,否,30,Venmo,每月,中年,30,忠实客户
2958,69,女,首饰,配饰,70,South Dakota,S,灰色,秋,4.7,否,标准快递,否,2,现金,每年,老年,365,回头客
2959,55,女,半身裙,服装,100,Ohio,M,黑色,夏,4.5,否,标准快递,否,28,PayPal,每月,中年,30,忠实客户
2960,38,女,手提包,配饰,28,Texas,L,栗色,夏,4.7,否,包邮,否,9,PayPal,每季,成年,90,回头客
2961,57,女,大衣,外套,48,Indiana,S,橄榄绿,春,3.6,否,标准快递,否,47,信用卡,每周,中年,7,忠实客户
2962,33,女,卫衣,服装,43,New Hampshire,S,金色,秋,2.8,否,包邮,否,21,借记卡,双周,成年,14,忠实客户
2963,57,女,长裤,服装,40,California,L,粉色,秋,4.0,否,快递,否,42,信用卡,每三个月,中年,90,忠实客户
2964,52,女,靴子,鞋履,97,Maine,M,棕色,春,3.6,否,包邮,否,28,信用卡,每周,中年,7,忠实客户
2965,44,女,大衣,外套,25,Ohio,S,白色,秋,3.8,否,两日达,否,13,Venmo,每两周,成年,14,忠实客户
2966,48,女,围巾,配饰,45,Delaware,M,蓝色,夏,4.4,否,标准快递,否,25,PayPal,每两周,中年,14,忠实客户
2967,52,女,靴子,鞋履,49,Oklahoma,L,橙色,秋,2.8,否,门店自提,否,38,借记卡,每三个月,中年,90,忠实客户
2968,34,女,运动鞋,鞋履,36,Indiana,L,银色,夏,3.4,否,包邮,否,40,Venmo,每年,成年,365,忠实客户
2969,26,女,毛衣,服装,48,South Carolina,S,灰色,秋,4.9,否,快递,否,25,现金,每三个月,青年,90,忠实客户
2970,36,女,腰带,配饰,62,Vermont,S,蓝色,秋,4.3,否,次日达,否,20,现金,每三个月,成年,90,忠实客户
2971,24,女,首饰,配饰,74,Kansas,M,白色,冬,3.4,否,包邮,否,44,信用卡,双周,青年,14,忠实客户
2972,30,女,手提包,配饰,100,Utah,L,黄色,秋,3.9,否,次日达,否,9,PayPal,每三个月,青年,90,回头客
2973,31,女,夹克,外套,39,New York,S,靛蓝色,秋,4.2,否,包邮,否,11,Venmo,每三个月,青年,90,忠实客户
2974,25,女,靴子,鞋履,65,Indiana,M,蓝色,夏,2.7,否,门店自提,否,3,银行转账,每两周,青年,14,回头客
2975,57,女,运动鞋,鞋履,99,Tennessee,XL,桃色,夏,4.1,否,门店自提,否,34,信用卡,每周,中年,7,忠实客户
2976,61,女,围巾,配饰,68,Georgia,XL,薰衣草紫,冬,4.5,否,两日达,否,48,现金,每三个月,老年,90,忠实客户
2977,30,女,大衣,外套,97,Nebraska,M,银色,夏,2.8,否,快递,否,28,现金,每两周,青年,14,忠实客户
2978,38,女,短裤,服装,47,Washington,L,金色,冬,3.4,否,标准快递,否,20,Venmo,每年,成年,365,忠实客户
2979,53,女,短裤,服装,56,Idaho,S,青色,春,3.9,否,包邮,否,49,银行转账,每两周,中年,14,忠实客户
2980,31,女,牛仔裤,服装,91,Louisiana,L,橄榄绿,秋,2.6,否,次日达,否,14,PayPal,每周,青年,7,忠实客户
2981,70,女,手套,配饰,93,New Jersey,L,青绿色,秋,4.4,否,两日达,否,9,银行转账,每月,老年,30,回头客
2982,21,女,长裤,服装,36,Delaware,L,粉色,冬,4.9,否,标准快递,否,37,Venmo,每年,青年,365,忠实客户
2983,33,女,连衣裙,服装,45,Wisconsin,M,橙色,夏,3.6,否,门店自提,否,4,信用卡,每周,成年,7,回头客
2984,60,女,长裤,服装,44,West Virginia,M,炭灰色,冬,2.8,否,两日达,否,1,信用卡,每季,老年,90,新客户
2985,45,女,手套,配饰,32,Texas,L,红色,春,4.3,否,两日达,否,36,借记卡,双周,中年,14,忠实客户
2986,46,女,腰带,配饰,36,Hawaii,S,青绿色,夏,3.0,否,快递,否,21,现金,双周,中年,14,忠实客户
2987,62,女,腰带,配饰,85,Arizona,S,银色,夏,3.3,否,两日达,否,16,信用卡,每月,老年,30,忠实客户
2988,63,女,半身裙,服装,36,Louisiana,L,黑色,冬,2.5,否,门店自提,否,42,现金,每月,老年,30,忠实客户
2989,69,女,袜子,服装,55,Nevada,S,粉色,春,5.0,否,两日达,否,31,借记卡,每月,老年,30,忠实客户
2990,46,女,腰带,配饰,20,Rhode Island,XL,青绿色,夏,4.3,否,两日达,否,6,信用卡,每周,中年,7,回头客
2991,69,女,衬衫,服装,91,Illinois,M,青绿色,秋,4.2,否,包邮,否,24,Venmo,每月,老年,30,忠实客户
2992,66,女,连衣裙,服装,71,Utah,L,绿色,夏,3.9,否,标准快递,否,7,PayPal,双周,老年,14,回头客
2993,41,女,袜子,服装,64,North Dakota,M,炭灰色,春,3.9,否,门店自提,否,25,Venmo,每周,成年,7,忠实客户
2994,32,女,夹克,外套,21,Kansas,L,靛蓝色,春,4.2,否,包邮,否,18,现金,双周,成年,14,忠实客户
2995,69,女,毛衣,服装,100,Nevada,S,白色,冬,3.5,否,门店自提,否,14,银行转账,每季,老年,90,忠实客户
2996,29,女,牛仔裤,服装,96,Virginia,M,橙色,夏,2.5,否,标准快递,否,42,借记卡,双周,青年,14,忠实客户
2997,70,女,首饰,配饰,91,Utah,M,白色,春,2.9,否,快递,否,6,Venmo,每三个月,老年,90,回头客
2998,41,女,毛衣,服装,40,Idaho,S,黄色,春,2.7,否,次日达,否,14,Venmo,每三个月,成年,90,忠实客户
2999,31,女,卫衣,服装,53,Alaska,M,红色,夏,4.7,否,快递,否,30,借记卡,每季,青年,90,忠实客户
3000,31,女,太阳镜,配饰,48,New Hampshire,S,炭灰色,冬,3.8,否,标准快递,否,10,现金,每月,青年,30,回头客
3001,57,女,凉鞋,鞋履,70,Ohio,M,薰衣草紫,冬,3.7,否,快递,否,7,PayPal,每周,中年,7,回头客
3002,29,女,大衣,外套,29,Montana,L,炭灰色,夏,4.7,否,快递,否,28,信用卡,每季,青年,90,忠实客户
3003,70,女,腰带,配饰,29,Louisiana,M,栗色,秋,3.6,否,次日达,否,19,银行转账,每季,老年,90,忠实客户
3004,51,女,女式衬衫,服装,53,Oregon,M,棕色,秋,2.8,否,快递,否,13,信用卡,每三个月,中年,90,忠实客户
3005,45,女,半身裙,服装,79,Arizona,M,薰衣草紫,冬,3.7,否,门店自提,否,23,Venmo,每两周,中年,14,忠实客户
3006,18,女,短裤,服装,65,Alaska,XL,棕色,春,3.5,否,快递,否,5,Venmo,每周,青年,7,回头客
3007,37,女,连衣裙,服装,99,Utah,M,橄榄绿,夏,3.7,否,门店自提,否,17,Venmo,双周,成年,14,忠实客户
3008,23,女,太阳镜,配饰,60,New York,L,薰衣草紫,冬,3.0,否,次日达,否,31,Venmo,每周,青年,7,忠实客户
3009,39,女,鞋子,鞋履,86,New Mexico,M,金色,冬,4.9,否,包邮,否,19,PayPal,每周,成年,7,忠实客户
3010,62,女,腰带,配饰,73,Louisiana,M,银色,冬,4.6,否,包邮,否,8,Venmo,每两周,老年,14,回头客
3011,70,女,腰带,配饰,45,Ohio,M,紫罗兰色,冬,3.3,否,包邮,否,15,信用卡,每年,老年,365,忠实客户
3012,20,女,腰带,配饰,70,Nevada,S,棕色,夏,3.0,否,次日达,否,18,信用卡,每三个月,青年,90,忠实客户
3013,42,女,腰带,配饰,65,Idaho,M,青绿色,秋,3.5,否,标准快递,否,16,PayPal,每年,成年,365,忠实客户
3014,41,女,半身裙,服装,55,Arizona,L,桃色,夏,4.2,否,门店自提,否,13,现金,每月,成年,30,忠实客户
3015,24,女,T恤,服装,65,Utah,M,栗色,春,4.5,否,快递,否,38,PayPal,每三个月,青年,90,忠实客户
3016,37,女,围巾,配饰,21,Wyoming,XL,薰衣草紫,春,2.8,否,快递,否,27,银行转账,双周,成年,14,忠实客户
3017,30,女,女式衬衫,服装,26,Indiana,L,薰衣草紫,夏,4.9,否,门店自提,否,31,银行转账,每季,青年,90,忠实客户
3018,58,女,太阳镜,配饰,71,Wisconsin,S,紫色,夏,3.3,否,次日达,否,24,现金,双周,老年,14,忠实客户
3019,43,女,靴子,鞋履,41,Texas,M,绿色,夏,3.0,否,包邮,否,21,借记卡,双周,成年,14,忠实客户
3020,19,女,夹克,外套,44,Utah,M,黄色,冬,3.9,否,两日达,否,15,PayPal,每年,青年,365,忠实客户
3021,23,女,牛仔裤,服装,81,Arkansas,S,炭灰色,秋,2.8,否,门店自提,否,48,Venmo,每三个月,青年,90,忠实客户
3022,65,女,太阳镜,配饰,77,Pennsylvania,S,蓝色,夏,4.5,否,两日达,否,47,现金,每季,老年,90,忠实客户
3023,58,女,凉鞋,鞋履,26,Georgia,M,薰衣草紫,秋,4.0,否,包邮,否,23,PayPal,每周,老年,7,忠实客户
3024,50,女,双肩包,配饰,31,Indiana,M,棕色,夏,2.9,否,快递,否,4,PayPal,每季,中年,90,回头客
3025,67,女,女式衬衫,服装,82,Idaho,S,白色,春,4.0,否,包邮,否,47,信用卡,每三个月,老年,90,忠实客户
3026,40,女,鞋子,鞋履,60,Montana,XL,绿色,夏,3.4,否,门店自提,否,7,PayPal,每月,成年,30,回头客
3027,55,女,衬衫,服装,70,Tennessee,L,品红色,秋,2.5,否,包邮,否,6,信用卡,每年,中年,365,回头客
3028,52,女,卫衣,服装,26,West Virginia,XL,桃色,冬,2.8,否,两日达,否,47,信用卡,每季,中年,90,忠实客户
3029,62,女,连衣裙,服装,100,California,L,炭灰色,夏,3.0,否,包邮,否,7,PayPal,每三个月,老年,90,回头客
3030,64,女,连衣裙,服装,82,Georgia,M,金色,夏,3.1,否,包邮,否,1,借记卡,每季,老年,90,新客户
3031,43,女,运动鞋,鞋履,24,Maryland,XL,紫色,春,2.6,否,两日达,否,23,信用卡,每周,成年,7,忠实客户
3032,61,女,女式衬衫,服装,74,Idaho,L,青绿色,夏,4.9,否,两日达,否,30,信用卡,每月,老年,30,忠实客户
3033,26,女,双肩包,配饰,58,California,XL,绿色,夏,3.5,否,次日达,否,24,信用卡,每季,青年,90,忠实客户
3034,22,女,毛衣,服装,56,Alabama,L,橙色,春,2.6,否,门店自提,否,9,PayPal,每周,青年,7,回头客
3035,51,女,靴子,鞋履,37,Utah,L,桃色,春,3.5,否,两日达,否,25,信用卡,每季,中年,90,忠实客户
3036,69,女,手提包,配饰,64,Kentucky,M,金色,春,4.5,否,包邮,否,18,现金,双周,老年,14,忠实客户
3037,50,女,卫衣,服装,58,Vermont,S,紫罗兰色,春,4.3,否,次日达,否,7,Venmo,每两周,中年,14,回头客
3038,51,女,腰带,配饰,44,Iowa,L,炭灰色,夏,4.8,否,次日达,否,2,现金,每年,中年,365,回头客
3039,56,女,首饰,配饰,39,Georgia,M,棕色,夏,4.2,否,包邮,否,36,借记卡,每年,中年,365,忠实客户
3040,59,女,女式衬衫,服装,48,Alabama,L,蓝色,春,3.2,否,次日达,否,31,PayPal,双周,老年,14,忠实客户
3041,18,女,手提包,配饰,32,Nebraska,M,金色,秋,4.1,否,快递,否,10,现金,每两周,青年,14,回头客
3042,48,女,手提包,配饰,79,Rhode Island,M,橙色,冬,4.0,否,快递,否,27,PayPal,每月,中年,30,忠实客户
3043,53,女,大衣,外套,27,South Dakota,L,绿松石色,冬,2.9,否,次日达,否,14,PayPal,每三个月,中年,90,忠实客户
3044,45,女,腰带,配饰,98,Illinois,S,桃色,秋,2.6,否,门店自提,否,17,信用卡,每月,中年,30,忠实客户
3045,21,女,靴子,鞋履,67,North Carolina,M,品红色,冬,2.7,否,包邮,否,10,银行转账,每季,青年,90,回头客
3046,42,女,袜子,服装,37,Florida,L,黑色,冬,4.6,否,两日达,否,4,PayPal,双周,成年,14,回头客
3047,60,女,鞋子,鞋履,49,Pennsylvania,M,白色,春,3.2,否,门店自提,否,25,现金,每三个月,老年,90,忠实客户
3048,21,女,运动鞋,鞋履,74,Vermont,M,紫罗兰色,秋,4.1,否,两日达,否,3,PayPal,双周,青年,14,回头客
3049,69,女,首饰,配饰,93,Colorado,M,橄榄绿,夏,3.9,否,标准快递,否,47,Venmo,每两周,老年,14,忠实客户
3050,40,女,手提包,配饰,60,Utah,L,红色,夏,3.0,否,次日达,否,41,银行转账,双周,成年,14,忠实客户
3051,31,女,大衣,外套,76,Kentucky,S,绿色,春,3.6,否,标准快递,否,28,Venmo,每三个月,青年,90,忠实客户
3052,44,女,太阳镜,配饰,64,Wyoming,L,金色,夏,4.6,否,快递,否,49,借记卡,每三个月,成年,90,忠实客户
3053,48,女,鞋子,鞋履,38,Maine,XL,橄榄绿,春,4.5,否,门店自提,否,7,银行转账,每两周,中年,14,回头客
3054,32,女,鞋子,鞋履,91,Maine,L,棕色,冬,3.2,否,次日达,否,22,银行转账,每月,成年,30,忠实客户
3055,42,女,靴子,鞋履,70,New Hampshire,S,品红色,夏,4.9,否,两日达,否,34,Venmo,每月,成年,30,忠实客户
3056,27,女,凉鞋,鞋履,22,Kansas,M,紫罗兰色,秋,5.0,否,标准快递,否,5,借记卡,双周,青年,14,回头客
3057,69,女,手套,配饰,59,New Jersey,M,米色,春,3.8,否,标准快递,否,15,现金,双周,老年,14,忠实客户
3058,67,女,双肩包,配饰,22,North Carolina,M,蓝色,春,3.4,否,次日达,否,26,银行转账,每周,老年,7,忠实客户
3059,41,女,手提包,配饰,74,West Virginia,S,橙色,冬,3.8,否,门店自提,否,3,银行转账,每两周,成年,14,回头客
3060,46,女,毛衣,服装,71,Kentucky,L,栗色,春,3.2,否,快递,否,42,信用卡,每季,中年,90,忠实客户
3061,47,女,大衣,外套,80,California,S,炭灰色,夏,4.7,否,门店自提,否,1,Venmo,每月,中年,30,新客户
3062,33,女,T恤,服装,59,South Dakota,L,橄榄绿,秋,4.5,否,快递,否,20,PayPal,每三个月,成年,90,忠实客户
3063,51,女,双肩包,配饰,96,California,L,绿色,秋,3.3,否,标准快递,否,39,PayPal,每月,中年,30,忠实客户
3064,26,女,太阳镜,配饰,43,Connecticut,L,棕色,冬,3.9,否,门店自提,否,24,信用卡,每两周,青年,14,忠实客户
3065,22,女,腰带,配饰,76,Idaho,S,青色,冬,3.6,否,快递,否,49,银行转账,每季,青年,90,忠实客户
3066,49,女,夹克,外套,59,North Dakota,M,米色,秋,2.8,否,门店自提,否,7,Venmo,双周,中年,14,回头客
3067,58,女,半身裙,服装,48,Michigan,L,青绿色,夏,4.3,否,包邮,否,13,Venmo,每三个月,老年,90,忠实客户
3068,70,女,腰带,配饰,22,Missouri,S,灰色,春,3.5,否,包邮,否,2,现金,每周,老年,7,回头客
3069,32,女,靴子,鞋履,40,California,M,靛蓝色,冬,4.2,否,快递,否,4,借记卡,每周,成年,7,回头客
3070,62,女,牛仔裤,服装,73,Delaware,L,品红色,春,4.6,否,快递,否,17,借记卡,每季,老年,90,忠实客户
3071,52,女,鞋子,鞋履,26,Alabama,XL,红色,秋,2.6,否,包邮,否,43,PayPal,双周,中年,14,忠实客户
3072,23,女,毛衣,服装,41,New Hampshire,L,绿松石色,春,3.4,否,次日达,否,6,PayPal,每月,青年,30,回头客
3073,26,女,首饰,配饰,98,New York,L,桃色,春,3.1,否,标准快递,否,46,PayPal,每季,青年,90,忠实客户
3074,58,女,衬衫,服装,63,Oregon,L,白色,冬,3.6,否,包邮,否,7,借记卡,双周,老年,14,回头客
3075,26,女,靴子,鞋履,55,Massachusetts,L,栗色,冬,4.2,否,次日达,否,34,借记卡,每两周,青年,14,忠实客户
3076,54,女,短裤,服装,90,Utah,XL,米色,冬,3.6,否,标准快递,否,21,PayPal,每三个月,中年,90,忠实客户
3077,66,女,手提包,配饰,46,New Hampshire,M,蓝色,夏,3.6,否,快递,否,13,Venmo,双周,老年,14,忠实客户
3078,60,女,毛衣,服装,88,Illinois,S,红色,春,3.0,否,门店自提,否,33,借记卡,双周,老年,14,忠实客户
3079,32,女,腰带,配饰,95,Alaska,M,蓝色,春,2.5,否,两日达,否,24,银行转账,双周,成年,14,忠实客户
3080,48,女,腰带,配饰,31,Wyoming,M,栗色,秋,4.0,否,门店自提,否,4,银行转账,每年,中年,365,回头客
3081,69,女,卫衣,服装,42,Colorado,L,黄色,春,4.1,否,次日达,否,5,现金,双周,老年,14,回头客
3082,64,女,运动鞋,鞋履,44,Vermont,L,粉色,冬,4.9,否,次日达,否,11,信用卡,每周,老年,7,忠实客户
3083,56,女,T恤,服装,99,Utah,M,栗色,春,4.0,否,次日达,否,20,银行转账,每年,中年,365,忠实客户
3084,22,女,长裤,服装,20,Illinois,S,紫色,夏,3.5,否,门店自提,否,28,PayPal,每季,青年,90,忠实客户
3085,46,女,围巾,配饰,37,Idaho,S,靛蓝色,春,3.2,否,门店自提,否,43,PayPal,每月,中年,30,忠实客户
3086,24,女,毛衣,服装,50,Nevada,L,灰色,冬,2.8,否,门店自提,否,10,Venmo,每三个月,青年,90,回头客
3087,47,女,手提包,配饰,73,Utah,M,薰衣草紫,夏,3.5,否,次日达,否,26,Venmo,每三个月,中年,90,忠实客户
3088,62,女,衬衫,服装,84,North Carolina,M,炭灰色,春,3.1,否,包邮,否,29,银行转账,每月,老年,30,忠实客户
3089,34,女,连衣裙,服装,64,Arkansas,M,青绿色,春,3.3,否,门店自提,否,35,银行转账,每季,成年,90,忠实客户
3090,50,女,凉鞋,鞋履,21,North Carolina,L,蓝色,秋,4.6,否,包邮,否,23,现金,双周,中年,14,忠实客户
3091,29,女,衬衫,服装,36,Texas,M,桃色,夏,4.9,否,门店自提,否,15,银行转账,每季,青年,90,忠实客户
3092,68,女,连衣裙,服装,81,Nevada,L,橙色,冬,3.4,否,两日达,否,46,信用卡,每年,老年,365,忠实客户
3093,52,女,太阳镜,配饰,54,Utah,L,银色,秋,3.5,否,次日达,否,14,银行转账,双周,中年,14,忠实客户
3094,29,女,袜子,服装,63,Pennsylvania,L,红色,夏,4.8,否,门店自提,否,17,现金,每三个月,青年,90,忠实客户
3095,22,女,凉鞋,鞋履,59,Georgia,M,灰色,夏,2.7,否,门店自提,否,9,现金,每周,青年,7,回头客
3096,62,女,帽子,配饰,53,Minnesota,S,米色,秋,3.4,否,标准快递,否,13,Venmo,每两周,老年,14,忠实客户
3097,69,女,衬衫,服装,63,Kansas,L,白色,冬,3.5,否,次日达,否,20,银行转账,每月,老年,30,忠实客户
3098,48,女,鞋子,鞋履,33,Delaware,M,银色,秋,3.7,否,包邮,否,39,银行转账,每季,中年,90,忠实客户
3099,66,女,长裤,服装,64,New Mexico,L,青色,夏,3.3,否,次日达,否,50,银行转账,每季,老年,90,忠实客户
3100,42,女,衬衫,服装,98,Michigan,S,栗色,秋,2.9,否,包邮,否,21,银行转账,双周,成年,14,忠实客户
3101,50,女,帽子,配饰,85,Vermont,L,紫色,冬,3.9,否,快递,否,3,银行转账,每周,中年,7,回头客
3102,32,女,首饰,配饰,82,Idaho,S,棕色,夏,2.7,否,快递,否,9,PayPal,每两周,成年,14,回头客
3103,51,女,夹克,外套,85,South Dakota,M,绿色,夏,4.3,否,标准快递,否,29,现金,双周,中年,14,忠实客户
3104,27,女,衬衫,服装,37,Illinois,S,桃色,冬,3.0,否,两日达,否,42,银行转账,每周,青年,7,忠实客户
3105,43,女,长裤,服装,56,Georgia,S,绿松石色,夏,5.0,否,两日达,否,41,借记卡,每两周,成年,14,忠实客户
3106,48,女,半身裙,服装,33,Oregon,M,橄榄绿,秋,2.7,否,快递,否,17,借记卡,每月,中年,30,忠实客户
3107,62,女,凉鞋,鞋履,57,Alabama,M,黄色,冬,4.7,否,次日达,否,20,PayPal,每年,老年,365,忠实客户
3108,65,女,女式衬衫,服装,31,Hawaii,L,灰色,冬,4.6,否,标准快递,否,18,信用卡,双周,老年,14,忠实客户
3109,50,女,袜子,服装,69,Oregon,M,紫色,秋,3.2,否,两日达,否,7,PayPal,每月,中年,30,回头客
3110,60,女,夹克,外套,92,Illinois,M,灰色,冬,4.3,否,包邮,否,47,银行转账,每两周,老年,14,忠实客户
3111,19,女,手提包,配饰,46,Texas,L,薰衣草紫,秋,4.6,否,次日达,否,2,银行转账,双周,青年,14,回头客
3112,21,女,腰带,配饰,81,Kansas,XL,靛蓝色,春,4.9,否,包邮,否,25,借记卡,每季,青年,90,忠实客户
3113,19,女,女式衬衫,服装,97,Texas,S,绿色,秋,3.8,否,快递,否,26,Venmo,每年,青年,365,忠实客户
3114,46,女,衬衫,服装,93,Nebraska,L,绿色,夏,2.6,否,快递,否,2,借记卡,每周,中年,7,回头客
3115,21,女,手提包,配饰,56,Arkansas,M,橄榄绿,春,4.7,否,门店自提,否,45,Venmo,双周,青年,14,忠实客户
3116,26,女,围巾,配饰,53,South Dakota,M,炭灰色,秋,4.1,否,包邮,否,9,银行转账,双周,青年,14,回头客
3117,50,女,大衣,外套,66,Montana,L,灰色,春,3.7,否,门店自提,否,1,Venmo,每周,中年,7,新客户
3118,43,女,卫衣,服装,50,Florida,M,橄榄绿,秋,3.0,否,包邮,否,4,PayPal,双周,成年,14,回头客
3119,61,女,短裤,服装,97,Virginia,L,蓝色,夏,4.7,否,标准快递,否,31,借记卡,每季,老年,90,忠实客户
3120,63,女,凉鞋,鞋履,79,Louisiana,XL,银色,冬,4.7,否,两日达,否,21,信用卡,每三个月,老年,90,忠实客户
3121,46,女,衬衫,服装,76,Louisiana,M,品红色,秋,4.0,否,门店自提,否,32,借记卡,每两周,中年,14,忠实客户
3122,63,女,卫衣,服装,38,Louisiana,L,黑色,秋,2.6,否,标准快递,否,16,Venmo,每周,老年,7,忠实客户
3123,23,女,袜子,服装,45,Georgia,M,粉色,秋,3.0,否,快递,否,34,信用卡,每两周,青年,14,忠实客户
3124,57,女,手提包,配饰,77,Iowa,XL,红色,秋,3.3,否,次日达,否,40,Venmo,双周,中年,14,忠实客户
3125,57,女,首饰,配饰,51,California,M,桃色,夏,3.4,否,标准快递,否,4,现金,每三个月,中年,90,回头客
3126,33,女,大衣,外套,26,Oregon,L,薰衣草紫,春,4.0,否,标准快递,否,3,现金,每季,成年,90,回头客
3127,57,女,太阳镜,配饰,76,Maine,L,薰衣草紫,冬,2.6,否,门店自提,否,28,银行转账,双周,中年,14,忠实客户
3128,55,女,手套,配饰,94,Louisiana,M,米色,冬,3.4,否,包邮,否,43,信用卡,每三个月,中年,90,忠实客户
3129,65,女,夹克,外套,32,Arkansas,S,靛蓝色,秋,4.4,否,标准快递,否,20,现金,每年,老年,365,忠实客户
3130,60,女,凉鞋,鞋履,20,Maryland,S,青色,夏,4.7,否,快递,否,40,Venmo,每三个月,老年,90,忠实客户
3131,52,女,长裤,服装,20,Vermont,M,黄色,夏,4.5,否,门店自提,否,34,Venmo,每三个月,中年,90,忠实客户
3132,34,女,夹克,外套,59,North Dakota,M,桃色,秋,2.9,否,门店自提,否,11,银行转账,每三个月,成年,90,忠实客户
3133,33,女,毛衣,服装,97,Michigan,M,黄色,夏,4.2,否,快递,否,26,现金,每季,成年,90,忠实客户
3134,58,女,T恤,服装,68,Arkansas,M,橙色,春,4.1,否,次日达,否,29,现金,双周,老年,14,忠实客户
3135,35,女,靴子,鞋履,66,Kentucky,L,灰色,春,4.4,否,门店自提,否,47,银行转账,每周,成年,7,忠实客户
3136,68,女,鞋子,鞋履,85,Indiana,L,黄色,春,4.7,否,包邮,否,48,Venmo,每两周,老年,14,忠实客户
3137,58,女,半身裙,服装,32,Minnesota,M,灰色,秋,3.1,否,次日达,否,29,现金,双周,老年,14,忠实客户
3138,34,女,大衣,外套,44,Louisiana,M,绿松石色,春,2.7,否,两日达,否,14,银行转账,每月,成年,30,忠实客户
3139,47,女,女式衬衫,服装,95,Kentucky,L,灰色,秋,4.6,否,次日达,否,40,现金,每三个月,中年,90,忠实客户
3140,35,女,太阳镜,配饰,85,Georgia,M,橄榄绿,冬,4.4,否,次日达,否,4,Venmo,每周,成年,7,回头客
3141,34,女,手套,配饰,44,Alaska,XL,桃色,夏,4.6,否,包邮,否,37,银行转账,每周,成年,7,忠实客户
3142,36,女,太阳镜,配饰,30,Mississippi,S,桃色,冬,4.9,否,快递,否,47,信用卡,双周,成年,14,忠实客户
3143,23,女,运动鞋,鞋履,21,Kansas,L,品红色,冬,4.0,否,两日达,否,1,Venmo,每季,青年,90,新客户
3144,68,女,卫衣,服装,22,Arizona,M,紫色,夏,2.9,否,门店自提,否,26,现金,每季,老年,90,忠实客户
3145,23,女,靴子,鞋履,70,Maine,L,米色,春,2.6,否,包邮,否,12,借记卡,每季,青年,90,忠实客户
3146,57,女,手提包,配饰,29,Texas,XL,紫色,春,4.6,否,标准快递,否,16,PayPal,每两周,中年,14,忠实客户
3147,21,女,衬衫,服装,83,Virginia,S,黄色,冬,4.9,否,包邮,否,19,PayPal,每年,青年,365,忠实客户
3148,45,女,毛衣,服装,99,North Dakota,M,粉色,冬,4.3,否,快递,否,21,信用卡,每周,中年,7,忠实客户
3149,37,女,短裤,服装,35,West Virginia,L,紫色,秋,4.3,否,包邮,否,15,Venmo,每周,成年,7,忠实客户
3150,18,女,腰带,配饰,40,North Carolina,M,薰衣草紫,冬,4.6,否,包邮,否,9,Venmo,每年,青年,365,回头客
3151,55,女,女式衬衫,服装,25,Georgia,M,桃色,春,2.6,否,快递,否,7,银行转账,双周,中年,14,回头客
3152,52,女,T恤,服装,64,New Mexico,L,橙色,秋,3.1,否,两日达,否,47,银行转账,每季,中年,90,忠实客户
3153,49,女,腰带,配饰,90,North Carolina,M,红色,秋,3.1,否,门店自提,否,17,PayPal,每月,中年,30,忠实客户
3154,56,女,袜子,服装,88,Alabama,L,红色,秋,3.1,否,次日达,否,46,Venmo,每两周,中年,14,忠实客户
3155,27,女,腰带,配饰,55,Connecticut,M,金色,冬,4.4,否,标准快递,否,32,现金,每季,青年,90,忠实客户
3156,22,女,手提包,配饰,90,Montana,M,棕色,秋,4.3,否,包邮,否,34,现金,每年,青年,365,忠实客户
3157,18,女,衬衫,服装,50,Montana,M,黑色,冬,3.1,否,两日达,否,18,现金,每月,青年,30,忠实客户
3158,21,女,腰带,配饰,34,Maine,L,红色,秋,3.1,否,门店自提,否,5,借记卡,每两周,青年,14,回头客
3159,30,女,首饰,配饰,77,Mississippi,M,灰色,冬,4.9,否,两日达,否,44,信用卡,每月,青年,30,忠实客户
3160,62,女,帽子,配饰,89,Louisiana,L,粉色,冬,2.9,否,门店自提,否,4,银行转账,每季,老年,90,回头客
3161,28,女,双肩包,配饰,87,Nebraska,XL,绿松石色,秋,3.8,否,次日达,否,37,现金,每两周,青年,14,忠实客户
3162,66,女,连衣裙,服装,77,Massachusetts,S,炭灰色,冬,4.2,否,两日达,否,43,现金,每月,老年,30,忠实客户
3163,66,女,鞋子,鞋履,85,Wisconsin,L,蓝色,冬,3.9,否,标准快递,否,28,银行转账,每季,老年,90,忠实客户
3164,49,女,长裤,服装,66,Nebraska,XL,绿松石色,夏,2.8,否,快递,否,36,现金,每月,中年,30,忠实客户
3165,40,女,连衣裙,服装,32,Arizona,L,银色,冬,2.6,否,标准快递,否,16,信用卡,每年,成年,365,忠实客户
3166,49,女,夹克,外套,92,Hawaii,M,薰衣草紫,春,3.0,否,门店自提,否,38,银行转账,每三个月,中年,90,忠实客户
3167,19,女,衬衫,服装,80,Georgia,M,金色,冬,2.7,否,次日达,否,37,银行转账,每两周,青年,14,忠实客户
3168,24,女,连衣裙,服装,78,Oregon,M,蓝色,秋,2.8,否,两日达,否,9,现金,双周,青年,14,回头客
3169,31,女,牛仔裤,服装,24,Montana,M,橙色,春,2.9,否,两日达,否,14,PayPal,每两周,青年,14,忠实客户
3170,35,女,T恤,服装,59,Georgia,M,白色,秋,3.8,否,包邮,否,3,Venmo,每周,成年,7,回头客
3171,65,女,太阳镜,配饰,41,Rhode Island,XL,炭灰色,春,4.4,否,快递,否,10,信用卡,每两周,老年,14,回头客
3172,68,女,首饰,配饰,26,Tennessee,M,栗色,春,3.1,否,快递,否,26,银行转账,双周,老年,14,忠实客户
3173,57,女,袜子,服装,52,Missouri,M,橄榄绿,秋,3.7,否,标准快递,否,30,借记卡,双周,中年,14,忠实客户
3174,69,女,半身裙,服装,46,Washington,L,青绿色,夏,4.9,否,次日达,否,32,PayPal,每两周,老年,14,忠实客户
3175,45,女,长裤,服装,52,Oklahoma,L,橙色,冬,3.8,否,门店自提,否,35,PayPal,每月,中年,30,忠实客户
3176,35,女,袜子,服装,42,Connecticut,M,栗色,秋,3.4,否,门店自提,否,26,借记卡,每三个月,成年,90,忠实客户
3177,36,女,凉鞋,鞋履,37,Arkansas,XL,绿松石色,春,4.6,否,两日达,否,39,信用卡,每月,成年,30,忠实客户
3178,55,女,腰带,配饰,52,Missouri,L,米色,秋,3.2,否,标准快递,否,31,信用卡,每月,中年,30,忠实客户
3179,66,女,凉鞋,鞋履,34,Washington,L,米色,春,2.7,否,包邮,否,28,信用卡,每年,老年,365,忠实客户
3180,57,女,短裤,服装,88,Idaho,M,橄榄绿,春,4.3,否,包邮,否,12,借记卡,双周,中年,14,忠实客户
3181,18,女,手提包,配饰,88,Montana,L,绿松石色,秋,3.8,否,标准快递,否,46,PayPal,每周,青年,7,忠实客户
3182,31,女,夹克,外套,51,Montana,M,炭灰色,夏,4.4,否,包邮,否,27,PayPal,每三个月,青年,90,忠实客户
3183,50,女,太阳镜,配饰,97,Georgia,L,绿色,秋,3.6,否,包邮,否,4,信用卡,每年,中年,365,回头客
3184,50,女,运动鞋,鞋履,56,Mississippi,M,绿色,冬,3.5,否,标准快递,否,14,现金,每三个月,中年,90,忠实客户
3185,61,女,毛衣,服装,53,Hawaii,L,绿色,春,4.2,否,两日达,否,30,Venmo,每季,老年,90,忠实客户
3186,52,女,半身裙,服装,71,Ohio,L,金色,秋,4.7,否,快递,否,6,PayPal,每年,中年,365,回头客
3187,38,女,首饰,配饰,93,Virginia,S,青色,冬,4.8,否,门店自提,否,43,Venmo,每年,成年,365,忠实客户
3188,67,女,女式衬衫,服装,72,Texas,L,靛蓝色,冬,3.2,否,包邮,否,28,借记卡,每周,老年,7,忠实客户
3189,42,女,女式衬衫,服装,59,Vermont,M,薰衣草紫,冬,3.5,否,标准快递,否,39,银行转账,每月,成年,30,忠实客户
3190,25,女,靴子,鞋履,87,Kansas,M,米色,夏,4.2,否,门店自提,否,30,PayPal,双周,青年,14,忠实客户
3191,41,女,牛仔裤,服装,78,California,S,紫色,秋,3.4,否,包邮,否,5,信用卡,每两周,成年,14,回头客
3192,62,女,卫衣,服装,68,Mississippi,XL,栗色,冬,4.7,否,门店自提,否,42,信用卡,每三个月,老年,90,忠实客户
3193,19,女,毛衣,服装,76,Iowa,S,栗色,秋,3.0,否,包邮,否,20,现金,每两周,青年,14,忠实客户
3194,63,女,手套,配饰,99,Virginia,L,青绿色,冬,4.0,否,快递,否,35,信用卡,每两周,老年,14,忠实客户
3195,43,女,运动鞋,鞋履,52,Maryland,L,金色,夏,4.6,否,标准快递,否,10,信用卡,双周,成年,14,回头客
3196,68,女,太阳镜,配饰,58,Missouri,S,红色,春,4.9,否,次日达,否,36,信用卡,每季,老年,90,忠实客户
3197,24,女,腰带,配饰,59,Wisconsin,L,栗色,冬,2.8,否,快递,否,21,借记卡,每两周,青年,14,忠实客户
3198,27,女,毛衣,服装,71,Maine,M,青绿色,春,3.2,否,包邮,否,29,信用卡,每三个月,青年,90,忠实客户
3199,61,女,手套,配饰,94,Pennsylvania,L,桃色,冬,2.8,否,包邮,否,39,借记卡,每周,老年,7,忠实客户
3200,59,女,手提包,配饰,40,Maine,XL,粉色,冬,4.2,否,快递,否,16,PayPal,每月,老年,30,忠实客户
3201,67,女,袜子,服装,24,Missouri,L,黑色,春,4.8,否,包邮,否,32,信用卡,每月,老年,30,忠实客户
3202,46,女,长裤,服装,38,Vermont,S,靛蓝色,秋,2.8,否,两日达,否,34,现金,每月,中年,30,忠实客户
3203,65,女,围巾,配饰,37,Wisconsin,L,绿色,秋,4.5,否,标准快递,否,38,Venmo,每年,老年,365,忠实客户
3204,63,女,大衣,外套,29,New Jersey,L,青绿色,春,4.1,否,快递,否,14,Venmo,每年,老年,365,忠实客户
3205,57,女,夹克,外套,92,New Mexico,XL,薰衣草紫,秋,4.3,否,包邮,否,23,借记卡,双周,中年,14,忠实客户
3206,40,女,卫衣,服装,24,Colorado,XL,品红色,秋,4.4,否,两日达,否,50,银行转账,每三个月,成年,90,忠实客户
3207,36,女,靴子,鞋履,52,California,M,棕色,冬,3.0,否,包邮,否,49,PayPal,每月,成年,30,忠实客户
3208,67,女,袜子,服装,29,Arizona,XL,米色,夏,2.7,否,次日达,否,14,PayPal,每年,老年,365,忠实客户
3209,61,女,首饰,配饰,30,Indiana,L,靛蓝色,冬,3.3,否,两日达,否,42,PayPal,每周,老年,7,忠实客户
3210,64,女,鞋子,鞋履,31,Arkansas,L,桃色,秋,4.3,否,标准快递,否,39,借记卡,每年,老年,365,忠实客户
3211,30,女,袜子,服装,67,Nevada,M,品红色,夏,2.9,否,快递,否,43,Venmo,双周,青年,14,忠实客户
3212,53,女,长裤,服装,65,Rhode Island,L,绿松石色,冬,4.9,否,标准快递,否,12,现金,每月,中年,30,忠实客户
3213,27,女,运动鞋,鞋履,22,Wyoming,M,靛蓝色,冬,3.6,否,两日达,否,21,借记卡,每周,青年,7,忠实客户
3214,27,女,太阳镜,配饰,56,Texas,M,棕色,冬,3.3,否,标准快递,否,33,信用卡,每月,青年,30,忠实客户
3215,53,女,半身裙,服装,78,Washington,M,黄色,春,3.1,否,包邮,否,6,借记卡,每年,中年,365,回头客
3216,34,女,大衣,外套,90,Rhode Island,M,品红色,夏,2.7,否,包邮,否,10,PayPal,每三个月,成年,90,回头客
3217,39,女,卫衣,服装,85,Illinois,S,橄榄绿,冬,3.4,否,次日达,否,18,现金,每周,成年,7,忠实客户
3218,44,女,太阳镜,配饰,58,Oregon,M,银色,秋,3.4,否,快递,否,46,Venmo,每周,成年,7,忠实客户
3219,37,女,半身裙,服装,34,Florida,M,青绿色,秋,3.9,否,快递,否,49,PayPal,每月,成年,30,忠实客户
3220,57,女,大衣,外套,40,Kansas,L,白色,夏,3.5,否,两日达,否,39,信用卡,每周,中年,7,忠实客户
3221,38,女,手提包,配饰,29,North Dakota,M,蓝色,秋,4.1,否,包邮,否,16,现金,每月,成年,30,忠实客户
3222,21,女,T恤,服装,76,New Hampshire,M,黄色,冬,3.2,否,标准快递,否,28,现金,每年,青年,365,忠实客户
3223,45,女,太阳镜,配饰,84,Texas,S,栗色,秋,4.6,否,门店自提,否,22,PayPal,每季,中年,90,忠实客户
3224,68,女,衬衫,服装,65,Montana,S,灰色,春,3.9,否,标准快递,否,36,Venmo,双周,老年,14,忠实客户
3225,37,女,卫衣,服装,80,Delaware,L,靛蓝色,冬,2.7,否,包邮,否,18,PayPal,每月,成年,30,忠实客户
3226,53,女,女式衬衫,服装,98,New Hampshire,M,粉色,秋,3.0,否,门店自提,否,31,信用卡,每周,中年,7,忠实客户
3227,57,女,运动鞋,鞋履,71,Minnesota,XL,米色,春,3.3,否,次日达,否,38,银行转账,每两周,中年,14,忠实客户
3228,28,女,围巾,配饰,69,Alaska,XL,白色,秋,2.7,否,包邮,否,42,借记卡,每季,青年,90,忠实客户
3229,37,女,首饰,配饰,95,Connecticut,M,黄色,春,4.6,否,两日达,否,27,PayPal,每年,成年,365,忠实客户
3230,54,女,长裤,服装,67,Connecticut,M,青绿色,秋,2.7,否,快递,否,24,现金,每月,中年,30,忠实客户
3231,49,女,运动鞋,鞋履,49,Kansas,M,橄榄绿,夏,2.5,否,次日达,否,38,借记卡,每年,中年,365,忠实客户
3232,62,女,鞋子,鞋履,97,Nevada,M,栗色,冬,4.4,否,包邮,否,9,信用卡,每年,老年,365,回头客
3233,45,女,T恤,服装,34,Massachusetts,M,白色,春,4.0,否,次日达,否,19,银行转账,每月,中年,30,忠实客户
3234,45,女,腰带,配饰,74,Indiana,M,薰衣草紫,秋,3.8,否,快递,否,11,借记卡,双周,中年,14,忠实客户
3235,49,女,首饰,配饰,96,Washington,M,黑色,冬,2.5,否,两日达,否,16,借记卡,每季,中年,90,忠实客户
3236,27,女,腰带,配饰,68,Kansas,M,绿色,夏,4.0,否,包邮,否,18,Venmo,每月,青年,30,忠实客户
3237,63,女,腰带,配饰,84,South Carolina,L,橄榄绿,秋,4.1,否,次日达,否,8,现金,每月,老年,30,回头客
3238,61,女,T恤,服装,57,Vermont,M,灰色,夏,2.8,否,快递,否,4,现金,每周,老年,7,回头客
3239,25,女,运动鞋,鞋履,84,Wyoming,XL,青绿色,秋,3.4,否,两日达,否,37,现金,每季,青年,90,忠实客户
3240,33,女,太阳镜,配饰,32,Colorado,M,炭灰色,秋,2.7,否,两日达,否,30,现金,每月,成年,30,忠实客户
3241,56,女,凉鞋,鞋履,37,West Virginia,M,紫罗兰色,秋,3.8,否,两日达,否,37,银行转账,每月,中年,30,忠实客户
3242,50,女,手提包,配饰,58,Connecticut,M,薰衣草紫,夏,4.4,否,门店自提,否,30,PayPal,每季,中年,90,忠实客户
3243,45,女,袜子,服装,74,Oregon,S,米色,秋,2.8,否,快递,否,17,Venmo,每周,中年,7,忠实客户
3244,45,女,卫衣,服装,99,Idaho,L,黑色,夏,5.0,否,门店自提,否,11,银行转账,每三个月,中年,90,忠实客户
3245,65,女,毛衣,服装,81,Arkansas,M,黑色,秋,4.7,否,快递,否,42,信用卡,每年,老年,365,忠实客户
3246,63,女,长裤,服装,76,Kansas,M,紫色,秋,3.2,否,次日达,否,20,现金,每周,老年,7,忠实客户
3247,70,女,运动鞋,鞋履,98,Michigan,M,品红色,夏,2.9,否,门店自提,否,37,现金,每月,老年,30,忠实客户
3248,53,女,手套,配饰,91,Arkansas,M,青绿色,夏,3.7,否,快递,否,12,PayPal,每两周,中年,14,忠实客户
3249,22,女,T恤,服装,79,Pennsylvania,S,青绿色,夏,4.2,否,包邮,否,41,银行转账,每季,青年,90,忠实客户
3250,26,女,双肩包,配饰,83,Virginia,M,粉色,夏,3.4,否,快递,否,32,信用卡,每季,青年,90,忠实客户
3251,23,女,大衣,外套,90,Minnesota,M,青绿色,春,2.9,否,两日达,否,15,Venmo,每周,青年,7,忠实客户
3252,25,女,大衣,外套,20,Nevada,M,金色,冬,3.7,否,标准快递,否,39,Venmo,每季,青年,90,忠实客户
3253,69,女,凉鞋,鞋履,21,Montana,L,棕色,春,2.7,否,门店自提,否,48,信用卡,每两周,老年,14,忠实客户
3254,36,女,双肩包,配饰,60,Nebraska,M,棕色,秋,3.2,否,两日达,否,8,Venmo,每两周,成年,14,回头客
3255,21,女,毛衣,服装,31,Indiana,S,品红色,冬,4.9,否,门店自提,否,11,银行转账,每三个月,青年,90,忠实客户
3256,57,女,短裤,服装,40,New Jersey,M,黑色,秋,2.8,否,次日达,否,36,银行转账,每月,中年,30,忠实客户
3257,60,女,太阳镜,配饰,26,Wisconsin,L,青绿色,冬,4.7,否,包邮,否,50,Venmo,每三个月,老年,90,忠实客户
3258,44,女,衬衫,服装,98,Minnesota,M,棕色,秋,3.3,否,快递,否,39,Venmo,每三个月,成年,90,忠实客户
3259,31,女,鞋子,鞋履,51,New Jersey,M,品红色,春,4.3,否,快递,否,11,信用卡,双周,青年,14,忠实客户
3260,57,女,帽子,配饰,95,Oklahoma,XL,靛蓝色,秋,3.7,否,两日达,否,5,借记卡,每三个月,中年,90,回头客
3261,39,女,围巾,配饰,36,Wisconsin,M,紫罗兰色,夏,4.5,否,两日达,否,7,信用卡,每年,成年,365,回头客
3262,48,女,腰带,配饰,52,Rhode Island,L,青色,冬,3.4,否,门店自提,否,50,借记卡,每周,中年,7,忠实客户
3263,42,女,T恤,服装,35,Indiana,M,紫罗兰色,春,2.7,否,标准快递,否,21,现金,每三个月,成年,90,忠实客户
3264,56,女,短裤,服装,68,Vermont,S,黑色,秋,4.4,否,快递,否,31,借记卡,每两周,中年,14,忠实客户
3265,28,女,长裤,服装,50,Maine,S,炭灰色,冬,4.0,否,快递,否,39,现金,双周,青年,14,忠实客户
3266,40,女,太阳镜,配饰,100,Alabama,M,白色,冬,3.2,否,快递,否,28,信用卡,每两周,成年,14,忠实客户
3267,49,女,大衣,外套,74,Alabama,S,灰色,冬,4.2,否,次日达,否,33,银行转账,每周,中年,7,忠实客户
3268,37,女,卫衣,服装,45,Idaho,L,粉色,冬,3.0,否,门店自提,否,42,信用卡,每季,成年,90,忠实客户
3269,22,女,连衣裙,服装,97,Arkansas,M,青色,秋,2.8,否,包邮,否,5,银行转账,每三个月,青年,90,回头客
3270,27,女,女式衬衫,服装,60,Ohio,M,蓝色,冬,4.9,否,快递,否,25,现金,每月,青年,30,忠实客户
3271,59,女,袜子,服装,25,Illinois,M,靛蓝色,冬,4.7,否,快递,否,48,PayPal,每年,老年,365,忠实客户
3272,35,女,袜子,服装,55,Nevada,XL,品红色,春,4.4,否,标准快递,否,30,信用卡,每周,成年,7,忠实客户
3273,58,女,鞋子,鞋履,99,Texas,M,薰衣草紫,冬,3.1,否,次日达,否,34,PayPal,每季,老年,90,忠实客户
3274,58,女,腰带,配饰,45,Nevada,S,橙色,夏,2.6,否,包邮,否,34,PayPal,每三个月,老年,90,忠实客户
3275,46,女,毛衣,服装,20,Oklahoma,M,青色,春,3.9,否,门店自提,否,14,现金,每两周,中年,14,忠实客户
3276,43,女,长裤,服装,88,Alabama,XL,绿色,夏,2.6,否,两日达,否,2,借记卡,每周,成年,7,回头客
3277,39,女,围巾,配饰,99,South Dakota,M,白色,夏,4.0,否,门店自提,否,41,PayPal,每三个月,成年,90,忠实客户
3278,59,女,半身裙,服装,86,Texas,M,蓝色,春,4.9,否,门店自提,否,3,信用卡,每月,老年,30,回头客
3279,59,女,连衣裙,服装,70,Montana,M,黑色,夏,3.3,否,两日达,否,18,银行转账,每周,老年,7,忠实客户
3280,59,女,帽子,配饰,50,Wyoming,S,红色,秋,3.0,否,快递,否,1,借记卡,每两周,老年,14,新客户
3281,45,女,手提包,配饰,57,New York,L,红色,冬,2.7,否,次日达,否,5,PayPal,每月,中年,30,回头客
3282,27,女,长裤,服装,69,Oregon,L,金色,冬,3.1,否,包邮,否,41,银行转账,每年,青年,365,忠实客户
3283,24,女,T恤,服装,94,California,M,红色,秋,4.8,否,次日达,否,5,信用卡,每月,青年,30,回头客
3284,47,女,夹克,外套,24,North Carolina,L,紫色,春,2.9,否,快递,否,10,借记卡,每三个月,中年,90,回头客
3285,70,女,围巾,配饰,79,Kentucky,L,白色,春,4.5,否,两日达,否,20,Venmo,每年,老年,365,忠实客户
3286,58,女,帽子,配饰,31,Hawaii,XL,品红色,秋,4.6,否,包邮,否,11,现金,每周,老年,7,忠实客户
3287,45,女,夹克,外套,67,Illinois,L,粉色,冬,5.0,否,快递,否,4,Venmo,每两周,中年,14,回头客
3288,24,女,半身裙,服装,63,West Virginia,L,黑色,春,4.3,否,两日达,否,38,信用卡,每周,青年,7,忠实客户
3289,67,女,手提包,配饰,61,South Carolina,XL,白色,春,4.9,否,次日达,否,19,信用卡,双周,老年,14,忠实客户
3290,31,女,双肩包,配饰,50,Montana,M,栗色,夏,4.0,否,两日达,否,16,Venmo,每三个月,青年,90,忠实客户
3291,52,女,大衣,外套,82,North Dakota,L,黑色,春,3.1,否,包邮,否,2,PayPal,每月,中年,30,回头客
3292,29,女,腰带,配饰,51,New Mexico,L,橄榄绿,秋,2.6,否,两日达,否,11,现金,每月,青年,30,忠实客户
3293,62,女,手提包,配饰,23,Missouri,L,灰色,春,4.9,否,标准快递,否,18,银行转账,每两周,老年,14,忠实客户
3294,19,女,大衣,外套,91,West Virginia,M,金色,春,3.5,否,两日达,否,47,信用卡,每两周,青年,14,忠实客户
3295,62,女,毛衣,服装,60,South Carolina,S,品红色,春,4.5,否,门店自提,否,15,银行转账,双周,老年,14,忠实客户
3296,70,女,女式衬衫,服装,34,West Virginia,S,薰衣草紫,夏,2.8,否,次日达,否,15,现金,每周,老年,7,忠实客户
3297,20,女,女式衬衫,服装,23,Alaska,M,绿色,春,4.2,否,次日达,否,47,Venmo,每季,青年,90,忠实客户
3298,67,女,腰带,配饰,82,West Virginia,M,紫罗兰色,秋,4.1,否,包邮,否,47,PayPal,每月,老年,30,忠实客户
3299,65,女,夹克,外套,73,New Mexico,M,棕色,秋,3.5,否,快递,否,6,银行转账,每三个月,老年,90,回头客
3300,45,女,短裤,服装,32,South Dakota,L,青绿色,春,4.0,否,两日达,否,18,Venmo,每月,中年,30,忠实客户
3301,26,女,帽子,配饰,80,Oklahoma,M,炭灰色,春,4.0,否,快递,否,40,银行转账,双周,青年,14,忠实客户
3302,36,女,长裤,服装,58,Oklahoma,XL,炭灰色,夏,2.5,否,包邮,否,31,信用卡,每两周,成年,14,忠实客户
3303,36,女,女式衬衫,服装,82,Alabama,XL,米色,冬,4.2,否,标准快递,否,31,Venmo,双周,成年,14,忠实客户
3304,20,女,腰带,配饰,60,Mississippi,S,绿松石色,夏,3.4,否,次日达,否,4,信用卡,每两周,青年,14,回头客
3305,30,女,手提包,配饰,79,Mississippi,XL,橙色,秋,4.8,否,次日达,否,36,银行转账,每三个月,青年,90,忠实客户
3306,34,女,卫衣,服装,41,Nebraska,L,青色,夏,4.9,否,标准快递,否,31,PayPal,双周,成年,14,忠实客户
3307,63,女,夹克,外套,39,Colorado,L,橙色,夏,3.6,否,门店自提,否,6,Venmo,每两周,老年,14,回头客
3308,18,女,围巾,配饰,36,Pennsylvania,S,绿色,冬,4.0,否,门店自提,否,1,现金,每月,青年,30,新客户
3309,55,女,牛仔裤,服装,70,Utah,M,粉色,秋,2.6,否,快递,否,29,现金,每月,中年,30,忠实客户
3310,48,女,手提包,配饰,47,Massachusetts,M,蓝色,夏,3.1,否,门店自提,否,19,PayPal,每月,中年,30,忠实客户
3311,45,女,夹克,外套,27,Iowa,M,粉色,冬,3.6,否,包邮,否,12,PayPal,每两周,中年,14,忠实客户
3312,29,女,帽子,配饰,52,Florida,L,蓝色,夏,4.0,否,快递,否,18,银行转账,每年,青年,365,忠实客户
3313,55,女,运动鞋,鞋履,75,Louisiana,L,黑色,夏,3.9,否,次日达,否,45,现金,每季,中年,90,忠实客户
3314,55,女,帽子,配饰,30,Kansas,XL,黑色,秋,3.9,否,快递,否,45,信用卡,每月,中年,30,忠实客户
3315,55,女,袜子,服装,94,Kansas,M,紫罗兰色,春,3.3,否,标准快递,否,8,信用卡,每季,中年,90,回头客
3316,48,女,围巾,配饰,68,Kentucky,S,金色,夏,2.9,否,标准快递,否,4,PayPal,每三个月,中年,90,回头客
3317,42,女,袜子,服装,45,New Mexico,M,橄榄绿,夏,3.1,否,包邮,否,5,借记卡,每两周,成年,14,回头客
3318,21,女,帽子,配饰,67,North Carolina,XL,粉色,夏,4.7,否,标准快递,否,30,现金,每季,青年,90,忠实客户
3319,45,女,夹克,外套,46,North Dakota,M,橄榄绿,夏,3.9,否,包邮,否,15,PayPal,每月,中年,30,忠实客户
3320,23,女,短裤,服装,31,North Dakota,M,靛蓝色,夏,4.3,否,次日达,否,17,信用卡,每三个月,青年,90,忠实客户
3321,66,女,女式衬衫,服装,44,Illinois,XL,银色,秋,4.2,否,两日达,否,45,现金,每三个月,老年,90,忠实客户
3322,32,女,大衣,外套,100,Maine,S,炭灰色,冬,4.3,否,次日达,否,3,Venmo,每年,成年,365,回头客
3323,52,女,毛衣,服装,92,Indiana,XL,橙色,冬,4.6,否,次日达,否,43,PayPal,每周,中年,7,忠实客户
3324,54,女,手提包,配饰,78,North Dakota,M,黄色,冬,3.8,否,包邮,否,4,信用卡,每月,中年,30,回头客
3325,37,女,T恤,服装,32,Missouri,S,红色,秋,3.3,否,标准快递,否,41,Venmo,每周,成年,7,忠实客户
3326,29,女,凉鞋,鞋履,97,Alaska,M,栗色,秋,3.7,否,两日达,否,16,Venmo,每月,青年,30,忠实客户
3327,47,女,手套,配饰,95,North Dakota,M,品红色,夏,4.3,否,标准快递,否,10,借记卡,每年,中年,365,回头客
3328,47,女,短裤,服装,64,Connecticut,M,黑色,春,4.1,否,快递,否,2,借记卡,每季,中年,90,回头客
3329,42,女,凉鞋,鞋履,35,Wisconsin,M,紫罗兰色,春,3.2,否,包邮,否,11,现金,双周,成年,14,忠实客户
3330,34,女,双肩包,配饰,54,New Jersey,M,灰色,冬,3.8,否,快递,否,1,借记卡,双周,成年,14,新客户
3331,38,女,运动鞋,鞋履,96,Missouri,M,黑色,春,3.2,否,两日达,否,41,银行转账,每季,成年,90,忠实客户
3332,55,女,太阳镜,配饰,58,California,M,粉色,夏,3.5,否,包邮,否,39,PayPal,每季,中年,90,忠实客户
3333,27,女,T恤,服装,23,Washington,M,银色,夏,3.1,否,两日达,否,1,PayPal,双周,青年,14,新客户
3334,55,女,牛仔裤,服装,35,Minnesota,M,紫罗兰色,春,4.2,否,快递,否,3,PayPal,每月,中年,30,回头客
3335,66,女,衬衫,服装,23,California,M,米色,夏,3.4,否,包邮,否,21,信用卡,每年,老年,365,忠实客户
3336,44,女,帽子,配饰,94,Texas,XL,青色,冬,3.5,否,快递,否,48,银行转账,每季,成年,90,忠实客户
3337,39,女,女式衬衫,服装,45,Montana,M,棕色,秋,4.0,否,包邮,否,24,借记卡,每年,成年,365,忠实客户
3338,23,女,夹克,外套,23,Arizona,L,蓝色,冬,4.4,否,两日达,否,45,银行转账,双周,青年,14,忠实客户
3339,29,女,半身裙,服装,94,Minnesota,L,白色,冬,2.9,否,两日达,否,46,信用卡,每月,青年,30,忠实客户
3340,20,女,手套,配饰,99,Nebraska,M,青色,秋,3.6,否,门店自提,否,35,现金,每两周,青年,14,忠实客户
3341,42,女,T恤,服装,36,Virginia,XL,栗色,秋,4.4,否,包邮,否,47,信用卡,每两周,成年,14,忠实客户
3342,55,女,夹克,外套,50,Connecticut,XL,橄榄绿,夏,4.5,否,标准快递,否,35,信用卡,每月,中年,30,忠实客户
3343,66,女,夹克,外套,81,New Jersey,M,紫罗兰色,春,3.8,否,包邮,否,45,信用卡,每周,老年,7,忠实客户
3344,24,女,短裤,服装,31,Kentucky,XL,绿色,冬,3.6,否,两日达,否,6,现金,双周,青年,14,回头客
3345,62,女,帽子,配饰,48,Washington,XL,品红色,秋,4.3,否,包邮,否,20,现金,每年,老年,365,忠实客户
3346,28,女,手提包,配饰,91,Florida,M,绿松石色,夏,4.0,否,两日达,否,3,Venmo,双周,青年,14,回头客
3347,30,女,牛仔裤,服装,99,Oklahoma,M,黑色,夏,3.4,否,快递,否,30,Venmo,每季,青年,90,忠实客户
3348,22,女,鞋子,鞋履,70,Iowa,XL,青色,夏,4.4,否,标准快递,否,28,PayPal,双周,青年,14,忠实客户
3349,28,女,T恤,服装,74,New Hampshire,L,灰色,冬,2.8,否,标准快递,否,15,现金,每三个月,青年,90,忠实客户
3350,35,女,首饰,配饰,79,Georgia,M,红色,秋,2.8,否,门店自提,否,29,PayPal,每季,成年,90,忠实客户
3351,45,女,手提包,配饰,33,Mississippi,S,橄榄绿,秋,4.9,否,两日达,否,15,现金,双周,中年,14,忠实客户
3352,43,女,衬衫,服装,49,New Hampshire,L,青色,春,4.2,否,两日达,否,18,银行转账,每两周,成年,14,忠实客户
3353,55,女,腰带,配饰,96,Washington,M,青绿色,夏,2.9,否,次日达,否,7,银行转账,双周,中年,14,回头客
3354,31,女,连衣裙,服装,66,Ohio,L,青绿色,秋,4.6,否,包邮,否,19,信用卡,每三个月,青年,90,忠实客户
3355,42,女,半身裙,服装,45,Maryland,M,橙色,秋,2.8,否,次日达,否,15,PayPal,每周,成年,7,忠实客户
3356,40,女,女式衬衫,服装,28,Delaware,M,桃色,春,2.6,否,门店自提,否,3,银行转账,双周,成年,14,回头客
3357,39,女,牛仔裤,服装,48,Tennessee,M,银色,夏,3.5,否,门店自提,否,13,PayPal,双周,成年,14,忠实客户
3358,41,女,卫衣,服装,67,Arkansas,M,粉色,冬,3.5,否,包邮,否,37,信用卡,每月,成年,30,忠实客户
3359,56,女,T恤,服装,59,Tennessee,M,品红色,秋,3.4,否,两日达,否,26,现金,每年,中年,365,忠实客户
3360,43,女,太阳镜,配饰,74,New Hampshire,L,红色,秋,3.9,否,次日达,否,29,借记卡,每月,成年,30,忠实客户
3361,22,女,夹克,外套,81,Minnesota,M,栗色,春,3.3,否,两日达,否,47,现金,每三个月,青年,90,忠实客户
3362,47,女,鞋子,鞋履,26,Florida,M,银色,春,4.1,否,包邮,否,47,信用卡,双周,中年,14,忠实客户
3363,50,女,手提包,配饰,61,Tennessee,M,灰色,夏,3.0,否,次日达,否,48,Venmo,每两周,中年,14,忠实客户
3364,58,女,毛衣,服装,23,California,M,绿松石色,冬,3.0,否,次日达,否,46,银行转账,双周,老年,14,忠实客户
3365,50,女,围巾,配饰,33,Oregon,M,桃色,秋,3.2,否,标准快递,否,7,信用卡,每月,中年,30,回头客
3366,43,女,半身裙,服装,58,Tennessee,L,青绿色,秋,3.9,否,快递,否,45,信用卡,每三个月,成年,90,忠实客户
3367,38,女,手套,配饰,65,North Carolina,M,红色,春,3.6,否,两日达,否,47,借记卡,每季,成年,90,忠实客户
3368,44,女,T恤,服装,48,Tennessee,M,蓝色,夏,3.1,否,门店自提,否,6,Venmo,每两周,成年,14,回头客
3369,30,女,凉鞋,鞋履,25,Nebraska,M,蓝色,春,4.8,否,快递,否,29,银行转账,每三个月,青年,90,忠实客户
3370,47,女,毛衣,服装,51,Maine,M,靛蓝色,冬,3.8,否,两日达,否,42,现金,每月,中年,30,忠实客户
3371,30,女,腰带,配饰,31,Illinois,M,炭灰色,夏,2.8,否,门店自提,否,46,现金,每两周,青年,14,忠实客户
3372,49,女,卫衣,服装,99,Colorado,S,绿松石色,冬,4.0,否,次日达,否,28,PayPal,每年,中年,365,忠实客户
3373,56,女,袜子,服装,25,Pennsylvania,M,栗色,冬,4.6,否,包邮,否,14,信用卡,每三个月,中年,90,忠实客户
3374,70,女,凉鞋,鞋履,52,Minnesota,M,紫色,春,3.5,否,门店自提,否,12,借记卡,每三个月,老年,90,忠实客户
3375,22,女,女式衬衫,服装,47,Nevada,S,薰衣草紫,春,3.7,否,两日达,否,41,借记卡,每年,青年,365,忠实客户
3376,51,女,靴子,鞋履,98,Connecticut,XL,黄色,秋,4.9,否,快递,否,8,信用卡,每年,中年,365,回头客
3377,22,女,帽子,配饰,46,Ohio,M,绿色,冬,4.1,否,门店自提,否,24,现金,每季,青年,90,忠实客户
3378,37,女,衬衫,服装,32,Kentucky,M,黄色,冬,4.6,否,次日达,否,18,PayPal,每两周,成年,14,忠实客户
3379,49,女,短裤,服装,75,Minnesota,L,金色,秋,4.5,否,次日达,否,6,现金,每季,中年,90,回头客
3380,61,女,手提包,配饰,51,Tennessee,L,绿松石色,夏,5.0,否,门店自提,否,40,现金,每周,老年,7,忠实客户
3381,41,女,连衣裙,服装,52,North Dakota,L,蓝色,夏,3.8,否,标准快递,否,6,PayPal,每三个月,成年,90,回头客
3382,57,女,帽子,配饰,66,Minnesota,L,绿松石色,冬,4.7,否,标准快递,否,27,信用卡,每季,中年,90,忠实客户
3383,34,女,毛衣,服装,35,Nebraska,M,栗色,春,2.8,否,快递,否,2,银行转账,每周,成年,7,回头客
3384,27,女,大衣,外套,43,Delaware,M,粉色,秋,2.6,否,次日达,否,39,Venmo,双周,青年,14,忠实客户
3385,39,女,卫衣,服装,24,Minnesota,L,栗色,夏,3.8,否,包邮,否,9,Venmo,每季,成年,90,回头客
3386,62,女,首饰,配饰,83,Rhode Island,M,橄榄绿,冬,2.8,否,标准快递,否,16,信用卡,每三个月,老年,90,忠实客户
3387,34,女,T恤,服装,62,Michigan,M,薰衣草紫,秋,2.6,否,两日达,否,36,现金,每季,成年,90,忠实客户
3388,53,女,长裤,服装,78,New Jersey,S,粉色,春,3.4,否,两日达,否,2,信用卡,双周,中年,14,回头客
3389,35,女,毛衣,服装,61,South Dakota,M,青色,春,4.5,否,门店自提,否,21,信用卡,每周,成年,7,忠实客户
3390,38,女,长裤,服装,57,North Carolina,L,栗色,秋,3.8,否,包邮,否,39,Venmo,每年,成年,365,忠实客户
3391,32,女,袜子,服装,70,Oregon,S,红色,夏,3.0,否,次日达,否,38,PayPal,每年,成年,365,忠实客户
3392,47,女,卫衣,服装,57,Montana,M,银色,秋,3.7,否,两日达,否,6,借记卡,每三个月,中年,90,回头客
3393,53,女,围巾,配饰,74,New Jersey,XL,蓝色,冬,4.4,否,包邮,否,6,Venmo,双周,中年,14,回头客
3394,60,女,连衣裙,服装,90,Arizona,M,金色,秋,3.1,否,次日达,否,50,借记卡,每月,老年,30,忠实客户
3395,31,女,凉鞋,鞋履,98,Vermont,S,黄色,春,4.2,否,门店自提,否,9,PayPal,每年,青年,365,回头客
3396,44,女,连衣裙,服装,43,Colorado,M,银色,冬,3.1,否,包邮,否,15,借记卡,每三个月,成年,90,忠实客户
3397,29,女,长裤,服装,37,Tennessee,XL,黑色,冬,5.0,否,次日达,否,5,PayPal,每季,青年,90,回头客
3398,19,女,女式衬衫,服装,38,New Jersey,L,黄色,夏,2.7,否,标准快递,否,13,银行转账,双周,青年,14,忠实客户
3399,54,女,牛仔裤,服装,60,Montana,L,粉色,冬,3.8,否,标准快递,否,44,现金,每两周,中年,14,忠实客户
3400,40,女,长裤,服装,55,Montana,XL,黄色,冬,3.3,否,标准快递,否,36,借记卡,每年,成年,365,忠实客户
3401,39,女,太阳镜,配饰,51,Nevada,M,薰衣草紫,秋,4.8,否,包邮,否,18,Venmo,每两周,成年,14,忠实客户
3402,44,女,双肩包,配饰,71,Nevada,L,桃色,冬,3.4,否,标准快递,否,39,信用卡,每周,成年,7,忠实客户
3403,22,女,卫衣,服装,61,Louisiana,M,黑色,春,4.4,否,两日达,否,11,PayPal,每三个月,青年,90,忠实客户
3404,30,女,靴子,鞋履,65,Illinois,M,橄榄绿,夏,3.9,否,标准快递,否,1,现金,双周,青年,14,新客户
3405,69,女,手套,配饰,34,South Carolina,L,橄榄绿,秋,3.9,否,两日达,否,34,信用卡,每年,老年,365,忠实客户
3406,28,女,女式衬衫,服装,87,Washington,M,白色,夏,4.2,否,门店自提,否,47,银行转账,双周,青年,14,忠实客户
3407,57,女,毛衣,服装,79,Nebraska,M,红色,春,4.0,否,门店自提,否,24,Venmo,每季,中年,90,忠实客户
3408,46,女,连衣裙,服装,46,Alabama,S,紫色,春,2.6,否,门店自提,否,20,现金,每季,中年,90,忠实客户
3409,48,女,袜子,服装,72,Montana,L,紫色,夏,4.4,否,标准快递,否,11,银行转账,每年,中年,365,忠实客户
3410,24,女,衬衫,服装,93,Minnesota,M,青绿色,夏,3.2,否,次日达,否,3,信用卡,每三个月,青年,90,回头客
3411,50,女,凉鞋,鞋履,76,Ohio,L,青绿色,夏,4.3,否,包邮,否,38,银行转账,双周,中年,14,忠实客户
3412,29,女,鞋子,鞋履,56,New York,L,灰色,冬,4.9,否,两日达,否,45,现金,每周,青年,7,忠实客户
3413,61,女,凉鞋,鞋履,83,Indiana,M,品红色,秋,3.8,否,门店自提,否,31,Venmo,每季,老年,90,忠实客户
3414,34,女,手套,配饰,90,Delaware,XL,黑色,冬,2.5,否,快递,否,16,PayPal,双周,成年,14,忠实客户
3415,27,女,靴子,鞋履,94,Connecticut,M,栗色,春,4.9,否,次日达,否,3,银行转账,每季,青年,90,回头客
3416,38,女,女式衬衫,服装,68,New York,M,金色,秋,3.0,否,两日达,否,15,银行转账,每年,成年,365,忠实客户
3417,25,女,凉鞋,鞋履,53,Alabama,M,紫色,春,3.2,否,门店自提,否,11,银行转账,每三个月,青年,90,忠实客户
3418,54,女,大衣,外套,35,Massachusetts,M,蓝色,夏,2.9,否,两日达,否,22,借记卡,每两周,中年,14,忠实客户
3419,53,女,夹克,外套,30,South Carolina,M,米色,夏,2.8,否,包邮,否,35,借记卡,每年,中年,365,忠实客户
3420,23,女,首饰,配饰,26,West Virginia,L,靛蓝色,冬,3.1,否,门店自提,否,5,Venmo,双周,青年,14,回头客
3421,19,女,帽子,配饰,60,Kentucky,M,紫色,冬,3.4,否,快递,否,35,PayPal,双周,青年,14,忠实客户
3422,57,女,鞋子,鞋履,30,New Jersey,M,栗色,夏,2.9,否,包邮,否,27,PayPal,每周,中年,7,忠实客户
3423,19,女,大衣,外套,91,New York,L,米色,冬,3.2,否,次日达,否,9,Venmo,每月,青年,30,回头客
3424,33,女,靴子,鞋履,71,Massachusetts,M,棕色,春,3.8,否,次日达,否,21,PayPal,双周,成年,14,忠实客户
3425,33,女,围巾,配饰,64,Florida,L,绿色,夏,3.6,否,两日达,否,23,信用卡,每月,成年,30,忠实客户
3426,38,女,帽子,配饰,54,Michigan,M,蓝色,夏,4.3,否,次日达,否,3,借记卡,双周,成年,14,回头客
3427,47,女,袜子,服装,35,Oregon,XL,品红色,秋,4.8,否,两日达,否,31,信用卡,每年,中年,365,忠实客户
3428,39,女,T恤,服装,38,Michigan,XL,绿松石色,冬,2.5,否,门店自提,否,44,现金,每年,成年,365,忠实客户
3429,32,女,首饰,配饰,69,Washington,M,灰色,秋,2.5,否,次日达,否,20,Venmo,每月,成年,30,忠实客户
3430,27,女,半身裙,服装,96,Alaska,S,紫色,冬,4.6,否,快递,否,34,借记卡,每周,青年,7,忠实客户
3431,67,女,袜子,服装,73,Montana,M,薰衣草紫,冬,4.2,否,次日达,否,17,银行转账,每三个月,老年,90,忠实客户
3432,46,女,腰带,配饰,49,New Mexico,S,绿色,夏,4.2,否,快递,否,20,Venmo,每年,中年,365,忠实客户
3433,36,女,靴子,鞋履,44,Connecticut,M,灰色,夏,4.8,否,两日达,否,46,PayPal,每三个月,成年,90,忠实客户
3434,62,女,袜子,服装,93,Alaska,M,黄色,春,4.5,否,包邮,否,28,PayPal,每年,老年,365,忠实客户
3435,31,女,长裤,服装,72,Ohio,S,橙色,夏,3.3,否,两日达,否,6,Venmo,每两周,青年,14,回头客
3436,68,女,袜子,服装,91,Montana,M,米色,夏,2.7,否,两日达,否,50,借记卡,双周,老年,14,忠实客户
3437,57,女,腰带,配饰,83,Nebraska,L,桃色,冬,2.8,否,两日达,否,41,银行转账,每月,中年,30,忠实客户
3438,22,女,夹克,外套,62,Oklahoma,S,绿色,冬,3.5,否,两日达,否,50,PayPal,每年,青年,365,忠实客户
3439,26,女,衬衫,服装,71,Kentucky,M,紫罗兰色,秋,3.0,否,门店自提,否,33,信用卡,每月,青年,30,忠实客户
3440,43,女,手套,配饰,93,Idaho,M,灰色,夏,4.5,否,快递,否,25,Venmo,每季,成年,90,忠实客户
3441,45,女,手提包,配饰,63,Maryland,L,品红色,秋,4.3,否,两日达,否,2,PayPal,每周,中年,7,回头客
3442,64,女,毛衣,服装,96,Tennessee,XL,炭灰色,秋,4.1,否,标准快递,否,15,信用卡,每年,老年,365,忠实客户
3443,28,女,半身裙,服装,78,Michigan,M,紫罗兰色,春,4.3,否,次日达,否,12,PayPal,每周,青年,7,忠实客户
3444,47,女,连衣裙,服装,24,Tennessee,L,银色,夏,5.0,否,包邮,否,28,现金,双周,中年,14,忠实客户
3445,53,女,长裤,服装,63,Rhode Island,S,绿色,夏,3.8,否,两日达,否,12,银行转账,双周,中年,14,忠实客户
3446,42,女,帽子,配饰,58,Florida,M,品红色,秋,4.9,否,标准快递,否,3,借记卡,每年,成年,365,回头客
3447,51,女,靴子,鞋履,55,Louisiana,S,紫色,春,5.0,否,两日达,否,20,现金,每周,中年,7,忠实客户
3448,62,女,凉鞋,鞋履,58,Arkansas,M,蓝色,秋,4.3,否,快递,否,3,银行转账,双周,老年,14,回头客
3449,18,女,大衣,外套,28,Kentucky,S,黄色,冬,4.1,否,快递,否,32,银行转账,每两周,青年,14,忠实客户
3450,48,女,女式衬衫,服装,37,Kansas,M,棕色,春,4.5,否,标准快递,否,35,现金,每月,中年,30,忠实客户
3451,20,女,短裤,服装,78,Vermont,M,粉色,春,3.6,否,门店自提,否,31,PayPal,每月,青年,30,忠实客户
3452,32,女,女式衬衫,服装,73,Nevada,XL,银色,秋,3.0,否,包邮,否,13,信用卡,每年,成年,365,忠实客户
3453,26,女,夹克,外套,20,Oklahoma,M,靛蓝色,春,3.7,否,次日达,否,3,Venmo,每两周,青年,14,回头客
3454,31,女,衬衫,服装,60,Alabama,L,粉色,冬,4.3,否,标准快递,否,48,Venmo,双周,青年,14,忠实客户
3455,55,女,手提包,配饰,71,Louisiana,S,薰衣草紫,秋,4.6,否,门店自提,否,15,PayPal,双周,中年,14,忠实客户
3456,49,女,T恤,服装,89,Ohio,M,橙色,秋,4.7,否,标准快递,否,13,Venmo,每年,中年,365,忠实客户
3457,42,女,卫衣,服装,53,Texas,M,红色,秋,4.6,否,快递,否,21,Venmo,每月,成年,30,忠实客户
3458,64,女,首饰,配饰,87,Maryland,M,灰色,夏,3.0,否,快递,否,29,现金,每两周,老年,14,忠实客户
3459,68,女,首饰,配饰,37,West Virginia,L,紫罗兰色,春,3.4,否,标准快递,否,24,Venmo,每季,老年,90,忠实客户
3460,68,女,卫衣,服装,37,Ohio,L,绿色,秋,3.8,否,快递,否,21,PayPal,每年,老年,365,忠实客户
3461,41,女,围巾,配饰,78,Indiana,M,金色,春,3.1,否,快递,否,5,银行转账,双周,成年,14,回头客
3462,51,女,鞋子,鞋履,23,Wyoming,S,栗色,春,4.4,否,标准快递,否,47,现金,每季,中年,90,忠实客户
3463,44,女,牛仔裤,服装,73,Michigan,L,橄榄绿,春,4.5,否,标准快递,否,34,信用卡,每三个月,成年,90,忠实客户
3464,27,女,首饰,配饰,27,Maine,M,黄色,秋,2.8,否,两日达,否,45,PayPal,每两周,青年,14,忠实客户
3465,36,女,大衣,外套,59,Utah,S,桃色,冬,2.7,否,次日达,否,12,PayPal,每年,成年,365,忠实客户
3466,19,女,双肩包,配饰,53,Iowa,M,金色,春,3.4,否,标准快递,否,31,借记卡,每周,青年,7,忠实客户
3467,49,女,袜子,服装,42,Maryland,S,紫色,夏,4.6,否,标准快递,否,43,银行转账,每年,中年,365,忠实客户
3468,18,女,围巾,配饰,45,Texas,M,炭灰色,秋,5.0,否,次日达,否,5,信用卡,每年,青年,365,回头客
3469,36,女,太阳镜,配饰,89,Ohio,S,靛蓝色,冬,3.5,否,标准快递,否,36,借记卡,每季,成年,90,忠实客户
3470,36,女,袜子,服装,85,North Dakota,L,品红色,秋,3.3,否,门店自提,否,12,现金,每年,成年,365,忠实客户
3471,19,女,大衣,外套,69,West Virginia,S,橄榄绿,夏,4.5,否,包邮,否,31,现金,双周,青年,14,忠实客户
3472,43,女,凉鞋,鞋履,66,North Carolina,S,蓝色,春,3.1,否,门店自提,否,31,现金,双周,成年,14,忠实客户
3473,31,女,女式衬衫,服装,42,Georgia,S,白色,夏,4.0,否,包邮,否,15,借记卡,每周,青年,7,忠实客户
3474,63,女,连衣裙,服装,40,Kansas,M,青色,春,2.5,否,快递,否,11,现金,每周,老年,7,忠实客户
3475,41,女,长裤,服装,82,Maine,M,青色,冬,4.4,否,门店自提,否,18,Venmo,每月,成年,30,忠实客户
3476,48,女,运动鞋,鞋履,88,South Carolina,M,橙色,春,4.4,否,快递,否,9,现金,每季,中年,90,回头客
3477,68,女,靴子,鞋履,99,South Carolina,XL,橙色,夏,3.2,否,包邮,否,11,现金,每周,老年,7,忠实客户
3478,53,女,手提包,配饰,85,Kentucky,S,青绿色,春,3.8,否,门店自提,否,38,借记卡,双周,中年,14,忠实客户
3479,36,女,手提包,配饰,57,Arizona,M,品红色,秋,4.6,否,门店自提,否,42,PayPal,每季,成年,90,忠实客户
3480,46,女,毛衣,服装,56,New York,S,橙色,夏,4.9,否,标准快递,否,41,现金,每月,中年,30,忠实客户
3481,21,女,凉鞋,鞋履,79,New Hampshire,L,桃色,冬,3.5,否,包邮,否,45,PayPal,每月,青年,30,忠实客户
3482,52,女,袜子,服装,67,Ohio,S,栗色,夏,3.4,否,门店自提,否,41,借记卡,双周,中年,14,忠实客户
3483,66,女,手套,配饰,61,Hawaii,M,金色,冬,3.9,否,次日达,否,35,借记卡,每周,老年,7,忠实客户
3484,19,女,卫衣,服装,37,Texas,L,白色,冬,3.9,否,快递,否,21,信用卡,每三个月,青年,90,忠实客户
3485,44,女,连衣裙,服装,75,Illinois,L,灰色,秋,4.2,否,包邮,否,13,信用卡,双周,成年,14,忠实客户
3486,50,女,衬衫,服装,21,Massachusetts,XL,棕色,冬,3.4,否,标准快递,否,23,借记卡,每两周,中年,14,忠实客户
3487,51,女,短裤,服装,89,North Carolina,L,炭灰色,冬,4.9,否,标准快递,否,6,PayPal,每周,中年,7,回头客
3488,25,女,凉鞋,鞋履,24,West Virginia,L,米色,秋,2.9,否,门店自提,否,39,银行转账,每年,青年,365,忠实客户
3489,62,女,毛衣,服装,27,Delaware,XL,青绿色,春,4.9,否,门店自提,否,7,现金,每季,老年,90,回头客
3490,48,女,连衣裙,服装,26,Idaho,L,黑色,夏,4.6,否,两日达,否,32,PayPal,每三个月,中年,90,忠实客户
3491,62,女,靴子,鞋履,82,Oregon,M,紫罗兰色,春,3.6,否,门店自提,否,43,信用卡,每季,老年,90,忠实客户
3492,22,女,长裤,服装,28,Maine,M,橙色,冬,4.3,否,快递,否,15,现金,每月,青年,30,忠实客户
3493,48,女,手套,配饰,65,South Dakota,M,绿松石色,秋,4.6,否,标准快递,否,48,银行转账,每年,中年,365,忠实客户
3494,48,女,长裤,服装,82,New Mexico,XL,黑色,冬,4.7,否,门店自提,否,35,信用卡,每周,中年,7,忠实客户
3495,62,女,围巾,配饰,38,Washington,M,银色,冬,3.5,否,包邮,否,41,PayPal,每季,老年,90,忠实客户
3496,24,女,短裤,服装,33,Georgia,XL,灰色,春,2.8,否,包邮,否,14,现金,每周,青年,7,忠实客户
3497,39,女,鞋子,鞋履,38,Idaho,M,粉色,夏,4.0,否,包邮,否,22,PayPal,每月,成年,30,忠实客户
3498,35,女,手提包,配饰,48,Colorado,M,红色,春,4.3,否,门店自提,否,16,Venmo,每三个月,成年,90,忠实客户
3499,47,女,凉鞋,鞋履,35,Kentucky,M,薰衣草紫,夏,3.8,否,标准快递,否,2,银行转账,双周,中年,14,回头客
3500,22,女,袜子,服装,29,New Jersey,L,靛蓝色,秋,3.0,否,次日达,否,13,PayPal,每三个月,青年,90,忠实客户
3501,38,女,衬衫,服装,48,Oregon,S,银色,秋,4.6,否,次日达,否,38,借记卡,每两周,成年,14,忠实客户
3502,53,女,鞋子,鞋履,87,Nebraska,M,银色,秋,4.8,否,标准快递,否,43,银行转账,每周,中年,7,忠实客户
3503,31,女,双肩包,配饰,62,Massachusetts,M,绿色,秋,4.7,否,次日达,否,26,银行转账,每季,青年,90,忠实客户
3504,31,女,衬衫,服装,96,Nebraska,M,粉色,春,3.9,否,包邮,否,39,现金,每周,青年,7,忠实客户
3505,65,女,手提包,配饰,41,Hawaii,S,紫罗兰色,秋,4.0,否,次日达,否,50,Venmo,每月,老年,30,忠实客户
3506,48,女,首饰,配饰,42,Indiana,L,红色,冬,3.7,否,两日达,否,40,银行转账,每三个月,中年,90,忠实客户
3507,18,女,衬衫,服装,57,Illinois,L,橄榄绿,冬,3.7,否,两日达,否,12,现金,每两周,青年,14,忠实客户
3508,46,女,手提包,配饰,65,Colorado,S,紫色,春,4.2,否,门店自提,否,33,信用卡,每三个月,中年,90,忠实客户
3509,52,女,长裤,服装,54,Pennsylvania,M,灰色,秋,4.7,否,标准快递,否,49,银行转账,每周,中年,7,忠实客户
3510,50,女,T恤,服装,22,Ohio,L,棕色,冬,4.3,否,次日达,否,43,Venmo,双周,中年,14,忠实客户
3511,49,女,运动鞋,鞋履,96,Pennsylvania,S,橙色,秋,4.9,否,两日达,否,14,Venmo,每月,中年,30,忠实客户
3512,69,女,首饰,配饰,81,Mississippi,M,蓝色,夏,3.9,否,两日达,否,21,信用卡,每三个月,老年,90,忠实客户
3513,36,女,衬衫,服装,46,Kentucky,M,白色,秋,3.4,否,包邮,否,31,借记卡,每季,成年,90,忠实客户
3514,30,女,女式衬衫,服装,74,Alaska,XL,炭灰色,春,4.2,否,门店自提,否,29,信用卡,每两周,青年,14,忠实客户
3515,25,女,运动鞋,鞋履,50,Georgia,XL,灰色,冬,4.7,否,快递,否,32,现金,每月,青年,30,忠实客户
3516,19,女,连衣裙,服装,80,South Dakota,XL,炭灰色,冬,4.0,否,次日达,否,16,借记卡,双周,青年,14,忠实客户
3517,34,女,靴子,鞋履,56,South Carolina,S,白色,夏,4.0,否,包邮,否,38,PayPal,双周,成年,14,忠实客户
3518,29,女,半身裙,服装,69,Tennessee,M,橙色,冬,3.1,否,次日达,否,34,借记卡,每三个月,青年,90,忠实客户
3519,50,女,衬衫,服装,97,Colorado,M,黑色,春,4.2,否,标准快递,否,30,PayPal,每季,中年,90,忠实客户
3520,31,女,短裤,服装,66,Wisconsin,M,白色,冬,3.7,否,次日达,否,14,银行转账,每两周,青年,14,忠实客户
3521,41,女,帽子,配饰,70,Georgia,S,棕色,春,3.1,否,快递,否,33,银行转账,每月,成年,30,忠实客户
3522,52,女,鞋子,鞋履,50,Maryland,M,粉色,冬,3.7,否,门店自提,否,35,Venmo,每周,中年,7,忠实客户
3523,27,女,长裤,服装,85,New Jersey,M,黄色,春,3.2,否,门店自提,否,13,现金,每季,青年,90,忠实客户
3524,49,女,双肩包,配饰,59,Nevada,M,青色,夏,2.8,否,标准快递,否,30,现金,每两周,中年,14,忠实客户
3525,69,女,长裤,服装,74,Michigan,L,银色,夏,2.9,否,包邮,否,30,信用卡,每月,老年,30,忠实客户
3526,45,女,太阳镜,配饰,38,Wyoming,L,橄榄绿,冬,3.5,否,标准快递,否,47,银行转账,每年,中年,365,忠实客户
3527,20,女,毛衣,服装,99,Massachusetts,M,橄榄绿,春,3.8,否,快递,否,1,PayPal,每三个月,青年,90,新客户
3528,25,女,女式衬衫,服装,97,Washington,S,炭灰色,春,4.7,否,包邮,否,1,现金,每周,青年,7,新客户
3529,38,女,围巾,配饰,67,Maine,L,灰色,夏,4.5,否,包邮,否,33,PayPal,每年,成年,365,忠实客户
3530,55,女,T恤,服装,20,Montana,S,栗色,冬,3.9,否,次日达,否,43,银行转账,每周,中年,7,忠实客户
3531,62,女,太阳镜,配饰,45,Oklahoma,L,黑色,春,3.4,否,快递,否,37,PayPal,每周,老年,7,忠实客户
3532,54,女,鞋子,鞋履,52,North Dakota,XL,紫罗兰色,冬,4.6,否,两日达,否,23,现金,每季,中年,90,忠实客户
3533,61,女,长裤,服装,68,Connecticut,L,靛蓝色,秋,4.6,否,标准快递,否,12,信用卡,每年,老年,365,忠实客户
3534,50,女,运动鞋,鞋履,98,Texas,L,黄色,秋,4.7,否,标准快递,否,30,Venmo,每两周,中年,14,忠实客户
3535,65,女,鞋子,鞋履,83,Delaware,M,灰色,秋,3.2,否,快递,否,7,现金,每周,老年,7,回头客
3536,68,女,短裤,服装,51,Mississippi,M,红色,夏,5.0,否,快递,否,20,借记卡,每月,老年,30,忠实客户
3537,55,女,手提包,配饰,21,Minnesota,L,桃色,春,4.5,否,快递,否,10,Venmo,每月,中年,30,回头客
3538,57,女,手提包,配饰,92,Georgia,M,灰色,春,3.5,否,标准快递,否,40,信用卡,每三个月,中年,90,忠实客户
3539,56,女,鞋子,鞋履,63,Iowa,S,白色,春,4.5,否,门店自提,否,21,Venmo,每月,中年,30,忠实客户
3540,29,女,首饰,配饰,56,New York,S,绿色,春,3.2,否,快递,否,17,信用卡,双周,青年,14,忠实客户
3541,24,女,短裤,服装,95,Nevada,M,品红色,春,4.6,否,包邮,否,5,银行转账,每周,青年,7,回头客
3542,59,女,女式衬衫,服装,66,Virginia,M,橄榄绿,冬,4.0,否,次日达,否,22,PayPal,每年,老年,365,忠实客户
3543,62,女,大衣,外套,28,Idaho,S,橄榄绿,春,4.2,否,快递,否,5,Venmo,每周,老年,7,回头客
3544,58,女,帽子,配饰,83,Colorado,M,蓝色,冬,4.1,否,标准快递,否,18,PayPal,每三个月,老年,90,忠实客户
3545,64,女,袜子,服装,55,Wisconsin,XL,炭灰色,秋,3.6,否,两日达,否,42,现金,每三个月,老年,90,忠实客户
3546,48,女,凉鞋,鞋履,28,Connecticut,M,黄色,春,3.7,否,两日达,否,22,借记卡,每年,中年,365,忠实客户
3547,60,女,围巾,配饰,79,Kansas,M,紫罗兰色,夏,3.6,否,包邮,否,37,银行转账,双周,老年,14,忠实客户
3548,52,女,围巾,配饰,31,Pennsylvania,L,品红色,夏,3.8,否,标准快递,否,23,信用卡,每年,中年,365,忠实客户
3549,63,女,女式衬衫,服装,37,Utah,M,红色,秋,3.0,否,标准快递,否,47,借记卡,每两周,老年,14,忠实客户
3550,44,女,T恤,服装,34,Oregon,M,青色,夏,3.4,否,两日达,否,11,银行转账,每两周,成年,14,忠实客户
3551,63,女,鞋子,鞋履,74,West Virginia,S,橙色,冬,4.8,否,标准快递,否,32,现金,每周,老年,7,忠实客户
3552,66,女,手套,配饰,31,Montana,L,黑色,春,2.6,否,门店自提,否,20,Venmo,每周,老年,7,忠实客户
3553,22,女,太阳镜,配饰,66,Kentucky,M,蓝色,冬,2.9,否,次日达,否,3,PayPal,每季,青年,90,回头客
3554,62,女,鞋子,鞋履,99,Minnesota,M,炭灰色,春,4.9,否,包邮,否,32,银行转账,每周,老年,7,忠实客户
3555,39,女,连衣裙,服装,55,Louisiana,M,靛蓝色,春,5.0,否,包邮,否,5,信用卡,每两周,成年,14,回头客
3556,25,女,女式衬衫,服装,23,Delaware,L,银色,春,4.6,否,次日达,否,45,现金,每季,青年,90,忠实客户
3557,70,女,毛衣,服装,88,Arizona,M,棕色,秋,4.2,否,快递,否,43,现金,双周,老年,14,忠实客户
3558,52,女,夹克,外套,26,Nevada,M,桃色,夏,4.9,否,次日达,否,1,PayPal,每三个月,中年,90,新客户
3559,68,女,双肩包,配饰,94,Alaska,L,品红色,夏,4.8,否,标准快递,否,9,Venmo,每季,老年,90,回头客
3560,18,女,短裤,服装,25,Utah,M,米色,秋,3.0,否,次日达,否,13,Venmo,每三个月,青年,90,忠实客户
3561,18,女,袜子,服装,96,Kansas,XL,紫罗兰色,秋,3.5,否,快递,否,5,信用卡,每年,青年,365,回头客
3562,63,女,运动鞋,鞋履,29,North Carolina,L,黑色,春,3.4,否,标准快递,否,39,信用卡,每两周,老年,14,忠实客户
3563,47,女,运动鞋,鞋履,36,Maryland,M,青色,冬,3.4,否,包邮,否,7,银行转账,每周,中年,7,回头客
3564,43,女,女式衬衫,服装,90,Maine,M,绿色,夏,4.9,否,标准快递,否,8,信用卡,每三个月,成年,90,回头客
3565,60,女,手套,配饰,38,Illinois,S,棕色,夏,4.4,否,包邮,否,40,Venmo,每年,老年,365,忠实客户
3566,49,女,手提包,配饰,52,Pennsylvania,S,灰色,春,4.2,否,门店自提,否,35,PayPal,每月,中年,30,忠实客户
3567,28,女,牛仔裤,服装,88,Alaska,S,橙色,春,3.1,否,次日达,否,14,Venmo,每月,青年,30,忠实客户
3568,32,女,围巾,配饰,56,New Mexico,S,银色,夏,4.0,否,次日达,否,26,信用卡,每月,成年,30,忠实客户
3569,29,女,凉鞋,鞋履,71,Arkansas,M,紫色,春,4.8,否,次日达,否,14,PayPal,每季,青年,90,忠实客户
3570,35,女,凉鞋,鞋履,94,Alaska,M,橄榄绿,秋,3.3,否,快递,否,9,银行转账,每两周,成年,14,回头客
3571,23,女,连衣裙,服装,97,Louisiana,XL,青绿色,冬,4.7,否,标准快递,否,32,借记卡,每年,青年,365,忠实客户
3572,70,女,半身裙,服装,27,North Dakota,M,白色,夏,3.2,否,标准快递,否,15,银行转账,每三个月,老年,90,忠实客户
3573,23,女,短裤,服装,28,Rhode Island,M,黑色,春,5.0,否,标准快递,否,25,信用卡,每月,青年,30,忠实客户
3574,43,女,牛仔裤,服装,67,Connecticut,L,栗色,秋,4.9,否,包邮,否,27,PayPal,每月,成年,30,忠实客户
3575,29,女,袜子,服装,70,New York,M,青色,秋,4.9,否,快递,否,39,银行转账,每季,青年,90,忠实客户
3576,61,女,大衣,外套,95,Kentucky,M,紫罗兰色,秋,3.7,否,快递,否,49,Venmo,双周,老年,14,忠实客户
3577,29,女,靴子,鞋履,24,Maine,L,黄色,春,3.0,否,快递,否,12,Venmo,双周,青年,14,忠实客户
3578,66,女,腰带,配饰,35,Missouri,S,黄色,冬,2.6,否,标准快递,否,13,银行转账,每周,老年,7,忠实客户
3579,46,女,鞋子,鞋履,22,Georgia,L,橄榄绿,冬,2.6,否,标准快递,否,22,银行转账,每季,中年,90,忠实客户
3580,34,女,围巾,配饰,66,Arizona,L,橄榄绿,秋,4.8,否,标准快递,否,19,信用卡,每三个月,成年,90,忠实客户
3581,51,女,女式衬衫,服装,83,New Hampshire,M,品红色,夏,3.2,否,两日达,否,3,现金,双周,中年,14,回头客
3582,26,女,连衣裙,服装,95,Georgia,M,橙色,秋,4.9,否,次日达,否,50,信用卡,每周,青年,7,忠实客户
3583,23,女,短裤,服装,41,California,S,米色,夏,3.4,否,两日达,否,15,PayPal,每年,青年,365,忠实客户
3584,52,女,女式衬衫,服装,77,Arizona,L,棕色,夏,2.7,否,门店自提,否,44,信用卡,每三个月,中年,90,忠实客户
3585,39,女,运动鞋,鞋履,52,Florida,L,靛蓝色,秋,4.8,否,快递,否,48,借记卡,每月,成年,30,忠实客户
3586,39,女,手套,配饰,41,New York,XL,灰色,冬,4.1,否,标准快递,否,4,Venmo,双周,成年,14,回头客
3587,33,女,卫衣,服装,28,Idaho,M,黄色,冬,4.6,否,门店自提,否,12,PayPal,双周,成年,14,忠实客户
3588,33,女,毛衣,服装,90,Virginia,S,紫罗兰色,夏,4.4,否,标准快递,否,33,借记卡,每年,成年,365,忠实客户
3589,23,女,太阳镜,配饰,55,Michigan,M,品红色,春,3.5,否,两日达,否,40,现金,每年,青年,365,忠实客户
3590,31,女,腰带,配饰,73,New Hampshire,M,蓝色,春,4.8,否,次日达,否,38,现金,每三个月,青年,90,忠实客户
3591,27,女,连衣裙,服装,87,South Dakota,M,灰色,秋,2.9,否,两日达,否,19,Venmo,每三个月,青年,90,忠实客户
3592,48,女,夹克,外套,89,South Dakota,M,金色,冬,3.2,否,两日达,否,38,银行转账,每季,中年,90,忠实客户
3593,61,女,靴子,鞋履,82,New Jersey,L,薰衣草紫,春,4.4,否,两日达,否,18,Venmo,每两周,老年,14,忠实客户
3594,63,女,凉鞋,鞋履,80,Wyoming,M,黑色,春,4.6,否,次日达,否,24,PayPal,每月,老年,30,忠实客户
3595,19,女,围巾,配饰,87,Alabama,L,炭灰色,夏,2.6,否,两日达,否,29,Venmo,每季,青年,90,忠实客户
3596,21,女,女式衬衫,服装,41,South Dakota,M,紫罗兰色,春,3.1,否,门店自提,否,14,PayPal,每年,青年,365,忠实客户
3597,28,女,卫衣,服装,83,South Carolina,M,炭灰色,春,4.3,否,标准快递,否,44,现金,每两周,青年,14,忠实客户
3598,29,女,太阳镜,配饰,71,New Mexico,M,栗色,夏,3.1,否,标准快递,否,18,银行转账,每季,青年,90,忠实客户
3599,23,女,卫衣,服装,76,Connecticut,XL,紫色,春,4.6,否,门店自提,否,19,银行转账,双周,青年,14,忠实客户
3600,37,女,围巾,配饰,34,Kansas,S,桃色,春,4.6,否,快递,否,4,现金,每周,成年,7,回头客
3601,67,女,连衣裙,服装,81,South Carolina,XL,橄榄绿,春,2.7,否,包邮,否,25,现金,双周,老年,14,忠实客户
3602,34,女,T恤,服装,47,North Carolina,M,靛蓝色,夏,3.0,否,次日达,否,3,PayPal,每月,成年,30,回头客
3603,58,女,半身裙,服装,36,Wyoming,S,品红色,夏,3.3,否,门店自提,否,40,借记卡,每季,老年,90,忠实客户
3604,45,女,牛仔裤,服装,51,Louisiana,M,金色,春,2.7,否,包邮,否,5,现金,每周,中年,7,回头客
3605,63,女,卫衣,服装,86,Louisiana,M,橙色,秋,3.3,否,标准快递,否,17,借记卡,每年,老年,365,忠实客户
3606,68,女,牛仔裤,服装,41,Alabama,M,金色,秋,4.3,否,门店自提,否,36,银行转账,每三个月,老年,90,忠实客户
3607,41,女,凉鞋,鞋履,90,Minnesota,XL,紫色,秋,4.8,否,快递,否,41,Venmo,每年,成年,365,忠实客户
3608,50,女,帽子,配饰,93,New Mexico,L,炭灰色,秋,3.3,否,标准快递,否,20,Venmo,双周,中年,14,忠实客户
3609,24,女,手套,配饰,56,Tennessee,M,青色,秋,4.3,否,次日达,否,2,现金,每三个月,青年,90,回头客
3610,21,女,袜子,服装,39,New Mexico,M,青色,夏,3.0,否,两日达,否,31,借记卡,每月,青年,30,忠实客户
3611,18,女,夹克,外套,86,Texas,XL,绿色,秋,4.8,否,两日达,否,23,银行转账,每两周,青年,14,忠实客户
3612,63,女,T恤,服装,82,Washington,M,银色,春,2.9,否,标准快递,否,30,信用卡,每年,老年,365,忠实客户
3613,47,女,凉鞋,鞋履,29,Michigan,M,青绿色,夏,3.6,否,标准快递,否,26,现金,每三个月,中年,90,忠实客户
3614,58,女,帽子,配饰,27,Minnesota,M,品红色,秋,3.5,否,门店自提,否,40,Venmo,每年,老年,365,忠实客户
3615,46,女,手套,配饰,25,Delaware,L,栗色,春,4.7,否,两日达,否,19,银行转账,每年,中年,365,忠实客户
3616,35,女,连衣裙,服装,31,California,M,金色,冬,4.4,否,包邮,否,4,信用卡,每月,成年,30,回头客
3617,42,女,卫衣,服装,23,Wisconsin,L,紫色,冬,3.3,否,门店自提,否,33,借记卡,每两周,成年,14,忠实客户
3618,48,女,腰带,配饰,47,Kentucky,M,薰衣草紫,秋,4.3,否,快递,否,29,借记卡,每月,中年,30,忠实客户
3619,28,女,手套,配饰,67,Nevada,M,栗色,秋,4.0,否,两日达,否,47,PayPal,双周,青年,14,忠实客户
3620,44,女,围巾,配饰,75,North Carolina,S,品红色,冬,4.9,否,两日达,否,50,Venmo,每周,成年,7,忠实客户
3621,60,女,凉鞋,鞋履,82,Louisiana,M,绿松石色,夏,2.9,否,快递,否,28,信用卡,每两周,老年,14,忠实客户
3622,38,女,运动鞋,鞋履,32,New Jersey,XL,银色,夏,4.0,否,两日达,否,5,现金,每两周,成年,14,回头客
3623,46,女,连衣裙,服装,41,Wisconsin,M,紫色,秋,4.3,否,门店自提,否,12,信用卡,每年,中年,365,忠实客户
3624,39,女,首饰,配饰,89,Arkansas,M,紫罗兰色,冬,2.7,否,两日达,否,4,PayPal,每周,成年,7,回头客
3625,22,女,帽子,配饰,82,Texas,XL,桃色,秋,5.0,否,门店自提,否,22,银行转账,双周,青年,14,忠实客户
3626,44,女,围巾,配饰,99,Illinois,L,绿色,冬,4.4,否,快递,否,32,PayPal,每周,成年,7,忠实客户
3627,69,女,女式衬衫,服装,98,Mississippi,L,青绿色,秋,3.5,否,快递,否,32,Venmo,每季,老年,90,忠实客户
3628,39,女,腰带,配饰,54,Delaware,M,银色,冬,3.3,否,次日达,否,48,现金,每三个月,成年,90,忠实客户
3629,53,女,女式衬衫,服装,88,Georgia,L,紫色,夏,3.8,否,包邮,否,35,信用卡,每月,中年,30,忠实客户
3630,52,女,T恤,服装,43,Kansas,L,薰衣草紫,夏,4.5,否,标准快递,否,44,借记卡,每两周,中年,14,忠实客户
3631,65,女,帽子,配饰,73,Oklahoma,M,薰衣草紫,冬,4.8,否,门店自提,否,29,现金,每周,老年,7,忠实客户
3632,48,女,帽子,配饰,50,New Jersey,M,桃色,秋,2.9,否,门店自提,否,26,信用卡,每月,中年,30,忠实客户
3633,27,女,运动鞋,鞋履,73,Utah,L,绿色,春,3.2,否,快递,否,3,借记卡,每季,青年,90,回头客
3634,39,女,手套,配饰,51,Montana,M,橙色,春,2.8,否,包邮,否,1,银行转账,双周,成年,14,新客户
3635,59,女,袜子,服装,22,Ohio,M,粉色,冬,3.3,否,标准快递,否,17,PayPal,每年,老年,365,忠实客户
3636,52,女,凉鞋,鞋履,32,Colorado,L,青色,秋,3.3,否,包邮,否,17,信用卡,每两周,中年,14,忠实客户
3637,50,女,凉鞋,鞋履,38,California,L,薰衣草紫,夏,4.2,否,两日达,否,36,现金,每周,中年,7,忠实客户
3638,32,女,靴子,鞋履,66,Utah,L,黄色,冬,3.6,否,快递,否,32,信用卡,每两周,成年,14,忠实客户
3639,40,女,双肩包,配饰,20,Kansas,M,橄榄绿,春,4.6,否,快递,否,50,PayPal,双周,成年,14,忠实客户
3640,26,女,大衣,外套,44,Illinois,M,棕色,夏,3.6,否,两日达,否,39,Venmo,每年,青年,365,忠实客户
3641,47,女,太阳镜,配饰,31,Minnesota,L,粉色,春,4.0,否,次日达,否,17,PayPal,每月,中年,30,忠实客户
3642,51,女,夹克,外套,45,New York,M,青色,秋,2.7,否,包邮,否,39,银行转账,每三个月,中年,90,忠实客户
3643,47,女,连衣裙,服装,71,Arizona,L,栗色,夏,4.4,否,门店自提,否,5,PayPal,每年,中年,365,回头客
3644,53,女,围巾,配饰,96,Tennessee,XL,品红色,秋,3.2,否,标准快递,否,47,借记卡,每年,中年,365,忠实客户
3645,35,女,女式衬衫,服装,32,Arkansas,M,紫罗兰色,冬,2.6,否,次日达,否,18,Venmo,每周,成年,7,忠实客户
3646,38,女,双肩包,配饰,90,Colorado,L,银色,夏,3.4,否,包邮,否,31,信用卡,每三个月,成年,90,忠实客户
3647,69,女,首饰,配饰,68,Nevada,M,栗色,春,5.0,否,两日达,否,39,借记卡,每两周,老年,14,忠实客户
3648,47,女,短裤,服装,45,Kansas,M,灰色,冬,2.9,否,门店自提,否,12,银行转账,每周,中年,7,忠实客户
3649,31,女,半身裙,服装,67,New York,M,白色,冬,5.0,否,包邮,否,45,现金,双周,青年,14,忠实客户
3650,68,女,半身裙,服装,57,Minnesota,M,棕色,秋,4.4,否,标准快递,否,33,信用卡,每两周,老年,14,忠实客户
3651,51,女,牛仔裤,服装,60,Ohio,M,银色,夏,3.5,否,两日达,否,3,PayPal,每年,中年,365,回头客
3652,20,女,手提包,配饰,32,Arizona,M,黄色,春,3.8,否,快递,否,5,Venmo,每三个月,青年,90,回头客
3653,27,女,手提包,配饰,29,Kentucky,S,品红色,秋,3.8,否,门店自提,否,23,借记卡,每月,青年,30,忠实客户
3654,67,女,大衣,外套,20,Minnesota,M,蓝色,春,3.9,否,次日达,否,39,信用卡,每两周,老年,14,忠实客户
3655,21,女,首饰,配饰,98,Arkansas,M,绿色,冬,3.3,否,次日达,否,10,信用卡,每年,青年,365,回头客
3656,20,女,毛衣,服装,27,Wyoming,M,黄色,秋,2.9,否,次日达,否,4,信用卡,双周,青年,14,回头客
3657,35,女,夹克,外套,67,North Dakota,XL,青色,春,3.7,否,两日达,否,18,信用卡,每月,成年,30,忠实客户
3658,58,女,鞋子,鞋履,82,Alabama,L,金色,冬,3.7,否,快递,否,1,借记卡,每三个月,老年,90,新客户
3659,28,女,T恤,服装,72,Mississippi,M,品红色,秋,4.6,否,标准快递,否,18,PayPal,每两周,青年,14,忠实客户
3660,27,女,凉鞋,鞋履,77,Illinois,S,灰色,秋,4.9,否,门店自提,否,46,银行转账,每年,青年,365,忠实客户
3661,19,女,鞋子,鞋履,74,Arkansas,L,靛蓝色,冬,3.1,否,两日达,否,13,银行转账,每两周,青年,14,忠实客户
3662,63,女,凉鞋,鞋履,39,Kansas,S,白色,冬,3.5,否,次日达,否,5,信用卡,每两周,老年,14,回头客
3663,69,女,短裤,服装,80,Rhode Island,M,靛蓝色,春,4.9,否,次日达,否,11,借记卡,每周,老年,7,忠实客户
3664,65,女,双肩包,配饰,59,Florida,M,绿色,夏,4.4,否,快递,否,49,信用卡,每周,老年,7,忠实客户
3665,63,女,夹克,外套,68,Missouri,M,绿松石色,秋,4.4,否,门店自提,否,1,借记卡,每两周,老年,14,新客户
3666,28,女,袜子,服装,77,North Carolina,M,桃色,秋,3.4,否,次日达,否,11,信用卡,每季,青年,90,忠实客户
3667,67,女,首饰,配饰,50,Alabama,M,橄榄绿,冬,3.0,否,两日达,否,47,现金,每三个月,老年,90,忠实客户
3668,51,女,长裤,服装,45,Washington,L,青色,秋,2.6,否,次日达,否,20,Venmo,每月,中年,30,忠实客户
3669,59,女,女式衬衫,服装,71,Michigan,XL,品红色,夏,3.2,否,门店自提,否,18,Venmo,每年,老年,365,忠实客户
3670,25,女,袜子,服装,52,Washington,S,银色,秋,4.6,否,门店自提,否,43,PayPal,每季,青年,90,忠实客户
3671,31,女,鞋子,鞋履,50,Vermont,S,白色,冬,3.8,否,包邮,否,4,PayPal,每三个月,青年,90,回头客
3672,62,女,手提包,配饰,66,Illinois,L,粉色,夏,4.8,否,两日达,否,20,Venmo,每季,老年,90,忠实客户
3673,51,女,凉鞋,鞋履,81,New York,S,粉色,秋,4.5,否,包邮,否,7,PayPal,每月,中年,30,回头客
3674,32,女,袜子,服装,28,Rhode Island,M,粉色,夏,4.2,否,两日达,否,31,银行转账,每两周,成年,14,忠实客户
3675,35,女,手提包,配饰,65,Washington,M,蓝色,冬,2.7,否,两日达,否,41,Venmo,每两周,成年,14,忠实客户
3676,70,女,帽子,配饰,80,Virginia,M,白色,冬,4.5,否,快递,否,3,银行转账,每月,老年,30,回头客
3677,19,女,首饰,配饰,94,Wisconsin,S,青绿色,春,4.9,否,包邮,否,16,PayPal,每月,青年,30,忠实客户
3678,32,女,双肩包,配饰,30,Michigan,M,灰色,秋,2.8,否,标准快递,否,43,现金,每年,成年,365,忠实客户
3679,56,女,衬衫,服装,45,Texas,S,米色,秋,3.5,否,标准快递,否,29,银行转账,每两周,中年,14,忠实客户
3680,53,女,大衣,外套,91,Idaho,M,紫罗兰色,夏,2.5,否,门店自提,否,5,现金,双周,中年,14,回头客
3681,22,女,太阳镜,配饰,36,Iowa,S,蓝色,冬,2.9,否,标准快递,否,30,借记卡,每季,青年,90,忠实客户
3682,26,女,手套,配饰,73,Connecticut,XL,品红色,秋,4.2,否,次日达,否,33,借记卡,每月,青年,30,忠实客户
3683,42,女,衬衫,服装,60,Wyoming,M,栗色,秋,4.6,否,门店自提,否,46,Venmo,双周,成年,14,忠实客户
3684,30,女,袜子,服装,77,Mississippi,M,紫色,冬,3.0,否,包邮,否,17,Venmo,每两周,青年,14,忠实客户
3685,29,女,半身裙,服装,86,Pennsylvania,L,炭灰色,春,4.4,否,包邮,否,47,信用卡,双周,青年,14,忠实客户
3686,47,女,短裤,服装,42,Tennessee,L,红色,夏,2.6,否,标准快递,否,17,现金,双周,中年,14,忠实客户
3687,59,女,凉鞋,鞋履,70,Louisiana,M,炭灰色,春,4.8,否,包邮,否,17,现金,双周,老年,14,忠实客户
3688,34,女,衬衫,服装,44,Arkansas,L,薰衣草紫,夏,2.9,否,次日达,否,28,银行转账,每三个月,成年,90,忠实客户
3689,52,女,太阳镜,配饰,91,West Virginia,L,白色,春,3.0,否,次日达,否,8,现金,每月,中年,30,回头客
3690,47,女,首饰,配饰,30,South Carolina,L,红色,秋,4.5,否,标准快递,否,8,银行转账,每季,中年,90,回头客
3691,24,女,女式衬衫,服装,23,Kansas,S,紫罗兰色,秋,3.7,否,门店自提,否,4,银行转账,双周,青年,14,回头客
3692,63,女,凉鞋,鞋履,21,Michigan,XL,橙色,夏,4.8,否,次日达,否,24,PayPal,每周,老年,7,忠实客户
3693,59,女,大衣,外套,34,Alabama,L,绿松石色,春,4.8,否,包邮,否,29,现金,每两周,老年,14,忠实客户
3694,66,女,女式衬衫,服装,46,South Dakota,M,紫罗兰色,夏,4.7,否,两日达,否,10,Venmo,每周,老年,7,回头客
3695,45,女,毛衣,服装,41,Rhode Island,M,蓝色,冬,2.6,否,快递,否,11,PayPal,双周,中年,14,忠实客户
3696,38,女,半身裙,服装,33,Florida,M,白色,秋,4.6,否,标准快递,否,18,银行转账,每两周,成年,14,忠实客户
3697,63,女,女式衬衫,服装,48,Connecticut,L,绿松石色,秋,3.4,否,次日达,否,26,银行转账,每年,老年,365,忠实客户
3698,55,女,卫衣,服装,66,Pennsylvania,L,粉色,冬,3.0,否,标准快递,否,39,现金,每周,中年,7,忠实客户
3699,25,女,半身裙,服装,54,California,XL,栗色,春,4.0,否,两日达,否,4,Venmo,每年,青年,365,回头客
3700,51,女,双肩包,配饰,55,Oklahoma,M,橄榄绿,秋,2.6,否,门店自提,否,24,银行转账,每周,中年,7,忠实客户
3701,28,女,手提包,配饰,84,North Dakota,XL,炭灰色,夏,3.4,否,门店自提,否,2,银行转账,每三个月,青年,90,回头客
3702,46,女,凉鞋,鞋履,66,New Mexico,M,炭灰色,春,4.5,否,门店自提,否,36,现金,每年,中年,365,忠实客户
3703,58,女,鞋子,鞋履,65,South Carolina,M,靛蓝色,春,2.7,否,门店自提,否,36,Venmo,每周,老年,7,忠实客户
3704,30,女,凉鞋,鞋履,83,Michigan,S,青绿色,秋,2.9,否,标准快递,否,23,PayPal,每三个月,青年,90,忠实客户
3705,68,女,太阳镜,配饰,61,Missouri,L,黑色,冬,4.0,否,门店自提,否,36,信用卡,每季,老年,90,忠实客户
3706,28,女,半身裙,服装,65,Colorado,L,青绿色,夏,3.2,否,包邮,否,2,借记卡,每年,青年,365,回头客
3707,26,女,凉鞋,鞋履,55,Kansas,M,绿色,春,4.0,否,门店自提,否,17,现金,双周,青年,14,忠实客户
3708,35,女,手套,配饰,79,Illinois,M,金色,秋,3.4,否,两日达,否,19,Venmo,每周,成年,7,忠实客户
3709,40,女,卫衣,服装,96,South Carolina,M,红色,秋,4.9,否,快递,否,41,PayPal,每月,成年,30,忠实客户
3710,31,女,袜子,服装,43,Utah,M,银色,秋,3.6,否,包邮,否,27,PayPal,每季,青年,90,忠实客户
3711,60,女,首饰,配饰,40,Hawaii,M,黄色,夏,3.6,否,两日达,否,32,银行转账,每两周,老年,14,忠实客户
3712,69,女,帽子,配饰,62,Texas,XL,桃色,秋,3.2,否,包邮,否,33,现金,每年,老年,365,忠实客户
3713,51,女,女式衬衫,服装,72,Oregon,M,绿松石色,春,3.7,否,两日达,否,24,PayPal,每季,中年,90,忠实客户
3714,49,女,鞋子,鞋履,87,Arizona,M,桃色,春,2.6,否,快递,否,31,借记卡,每三个月,中年,90,忠实客户
3715,18,女,帽子,配饰,31,New York,S,桃色,冬,3.9,否,快递,否,35,信用卡,每周,青年,7,忠实客户
3716,63,女,太阳镜,配饰,34,Nebraska,S,橙色,秋,3.4,否,包邮,否,2,银行转账,每月,老年,30,回头客
3717,57,女,衬衫,服装,53,Vermont,M,炭灰色,秋,3.4,否,次日达,否,42,借记卡,每三个月,中年,90,忠实客户
3718,45,女,T恤,服装,85,Maryland,XL,白色,夏,4.2,否,快递,否,47,银行转账,每三个月,中年,90,忠实客户
3719,36,女,长裤,服装,50,Tennessee,L,绿松石色,秋,2.9,否,标准快递,否,44,银行转账,双周,成年,14,忠实客户
3720,20,女,长裤,服装,91,Pennsylvania,M,红色,夏,4.1,否,包邮,否,8,银行转账,每三个月,青年,90,回头客
3721,21,女,帽子,配饰,56,South Carolina,M,桃色,秋,3.6,否,包邮,否,13,信用卡,每季,青年,90,忠实客户
3722,62,女,大衣,外套,60,Connecticut,L,粉色,秋,4.0,否,次日达,否,10,现金,每年,老年,365,回头客
3723,23,女,夹克,外套,34,Kentucky,XL,黄色,秋,4.0,否,标准快递,否,1,信用卡,每两周,青年,14,新客户
3724,26,女,凉鞋,鞋履,30,Rhode Island,M,米色,春,3.6,否,包邮,否,1,借记卡,每月,青年,30,新客户
3725,30,女,手套,配饰,71,Colorado,L,绿色,冬,3.1,否,快递,否,18,银行转账,每年,青年,365,忠实客户
3726,18,女,连衣裙,服装,100,Oklahoma,S,绿松石色,冬,4.4,否,次日达,否,2,PayPal,每年,青年,365,回头客
3727,47,女,腰带,配饰,85,Idaho,XL,橙色,秋,4.3,否,次日达,否,36,借记卡,每三个月,中年,90,忠实客户
3728,41,女,袜子,服装,83,Maine,M,金色,夏,3.5,否,次日达,否,17,借记卡,双周,成年,14,忠实客户
3729,62,女,夹克,外套,31,Vermont,L,红色,冬,3.0,否,标准快递,否,1,借记卡,每年,老年,365,新客户
3730,28,女,靴子,鞋履,82,Rhode Island,M,青绿色,春,4.7,否,两日达,否,50,现金,每季,青年,90,忠实客户
3731,46,女,衬衫,服装,79,Florida,M,青绿色,夏,2.5,否,两日达,否,3,信用卡,双周,中年,14,回头客
3732,54,女,帽子,配饰,62,West Virginia,M,薰衣草紫,春,3.1,否,两日达,否,45,PayPal,每季,中年,90,忠实客户
3733,36,女,鞋子,鞋履,92,Indiana,L,粉色,春,3.3,否,包邮,否,28,PayPal,每年,成年,365,忠实客户
3734,25,女,袜子,服装,58,Illinois,M,栗色,秋,4.7,否,次日达,否,6,借记卡,每三个月,青年,90,回头客
3735,38,女,卫衣,服装,88,California,M,米色,春,3.4,否,次日达,否,33,借记卡,每三个月,成年,90,忠实客户
3736,38,女,凉鞋,鞋履,44,Massachusetts,L,橙色,春,3.1,否,两日达,否,29,PayPal,每年,成年,365,忠实客户
3737,42,女,牛仔裤,服装,56,Idaho,M,红色,春,4.6,否,门店自提,否,2,PayPal,每三个月,成年,90,回头客
3738,19,女,首饰,配饰,23,Kentucky,S,栗色,冬,4.9,否,包邮,否,43,PayPal,双周,青年,14,忠实客户
3739,34,女,短裤,服装,45,Delaware,M,棕色,春,2.7,否,包邮,否,48,现金,每两周,成年,14,忠实客户
3740,38,女,太阳镜,配饰,31,Idaho,M,橄榄绿,秋,4.2,否,包邮,否,43,信用卡,每周,成年,7,忠实客户
3741,42,女,长裤,服装,96,Virginia,M,银色,夏,2.6,否,门店自提,否,26,借记卡,双周,成年,14,忠实客户
3742,58,女,衬衫,服装,96,Arizona,M,紫色,春,3.2,否,两日达,否,26,借记卡,双周,老年,14,忠实客户
3743,56,女,衬衫,服装,80,Maryland,M,灰色,秋,4.4,否,标准快递,否,50,信用卡,双周,中年,14,忠实客户
3744,62,女,长裤,服装,28,Idaho,L,青色,秋,3.6,否,包邮,否,36,借记卡,每季,老年,90,忠实客户
3745,24,女,卫衣,服装,51,New Jersey,M,灰色,夏,2.7,否,次日达,否,26,银行转账,每两周,青年,14,忠实客户
3746,60,女,袜子,服装,41,Washington,L,金色,春,4.3,否,快递,否,2,借记卡,每月,老年,30,回头客
3747,53,女,大衣,外套,99,Idaho,XL,青色,夏,2.6,否,次日达,否,49,PayPal,每月,中年,30,忠实客户
3748,26,女,毛衣,服装,53,Rhode Island,L,橄榄绿,春,4.3,否,门店自提,否,32,银行转账,双周,青年,14,忠实客户
3749,34,女,双肩包,配饰,25,Delaware,M,紫罗兰色,秋,3.9,否,两日达,否,3,Venmo,每年,成年,365,回头客
3750,24,女,女式衬衫,服装,95,Alaska,L,黄色,冬,2.9,否,两日达,否,38,Venmo,每三个月,青年,90,忠实客户
3751,42,女,卫衣,服装,88,Arizona,M,金色,秋,3.1,否,包邮,否,5,PayPal,每月,成年,30,回头客
3752,36,女,首饰,配饰,97,Alabama,S,银色,秋,4.2,否,包邮,否,8,信用卡,每三个月,成年,90,回头客
3753,24,女,大衣,外套,81,Washington,L,粉色,冬,4.1,否,两日达,否,43,Venmo,每周,青年,7,忠实客户
3754,39,女,太阳镜,配饰,26,Louisiana,S,绿松石色,冬,4.2,否,次日达,否,22,银行转账,每两周,成年,14,忠实客户
3755,46,女,鞋子,鞋履,41,Nebraska,M,绿松石色,夏,4.4,否,快递,否,10,现金,每三个月,中年,90,回头客
3756,64,女,半身裙,服装,93,Pennsylvania,M,桃色,秋,3.4,否,包邮,否,26,信用卡,每月,老年,30,忠实客户
3757,64,女,半身裙,服装,69,South Carolina,L,青绿色,春,4.8,否,快递,否,42,借记卡,双周,老年,14,忠实客户
3758,61,女,半身裙,服装,44,California,L,红色,秋,4.5,否,两日达,否,33,现金,每周,老年,7,忠实客户
3759,61,女,凉鞋,鞋履,54,Indiana,S,黑色,春,2.7,否,门店自提,否,23,银行转账,每季,老年,90,忠实客户
3760,44,女,运动鞋,鞋履,61,Missouri,M,粉色,春,3.5,否,门店自提,否,30,Venmo,每季,成年,90,忠实客户
3761,65,女,袜子,服装,80,Connecticut,M,桃色,秋,3.1,否,次日达,否,36,PayPal,每周,老年,7,忠实客户
3762,60,女,双肩包,配饰,30,Nevada,M,绿色,夏,2.8,否,次日达,否,3,Venmo,每三个月,老年,90,回头客
3763,65,女,短裤,服装,94,New York,L,绿色,秋,2.9,否,门店自提,否,13,PayPal,每年,老年,365,忠实客户
3764,27,女,衬衫,服装,24,Oklahoma,XL,红色,冬,4.5,否,标准快递,否,38,现金,每三个月,青年,90,忠实客户
3765,36,女,袜子,服装,21,South Dakota,M,栗色,秋,3.5,否,次日达,否,19,Venmo,每月,成年,30,忠实客户
3766,22,女,首饰,配饰,52,Missouri,M,绿色,夏,4.3,否,标准快递,否,14,银行转账,双周,青年,14,忠实客户
3767,62,女,手提包,配饰,59,Texas,M,黑色,秋,4.9,否,次日达,否,43,借记卡,每年,老年,365,忠实客户
3768,59,女,短裤,服装,51,New York,XL,黑色,夏,3.1,否,包邮,否,10,银行转账,每两周,老年,14,回头客
3769,50,女,毛衣,服装,35,Vermont,M,黄色,冬,4.0,否,包邮,否,34,银行转账,每季,中年,90,忠实客户
3770,51,女,手套,配饰,87,Arizona,L,绿色,夏,3.6,否,标准快递,否,31,Venmo,每年,中年,365,忠实客户
3771,23,女,长裤,服装,42,Montana,L,黑色,夏,4.0,否,门店自提,否,34,银行转账,每周,青年,7,忠实客户
3772,21,女,T恤,服装,86,Oklahoma,M,红色,冬,2.6,否,快递,否,28,Venmo,双周,青年,14,忠实客户
3773,44,女,长裤,服装,26,New Hampshire,L,黄色,秋,3.1,否,次日达,否,35,现金,每年,成年,365,忠实客户
3774,25,女,毛衣,服装,60,Wisconsin,M,紫罗兰色,夏,3.5,否,门店自提,否,41,现金,每季,青年,90,忠实客户
3775,57,女,手套,配饰,83,Alaska,S,青色,冬,3.9,否,标准快递,否,48,PayPal,每两周,中年,14,忠实客户
3776,41,女,腰带,配饰,63,South Dakota,S,粉色,春,2.7,否,两日达,否,45,现金,每季,成年,90,忠实客户
3777,19,女,运动鞋,鞋履,25,Alaska,L,橄榄绿,春,4.1,否,标准快递,否,10,信用卡,每两周,青年,14,回头客
3778,43,女,短裤,服装,65,Utah,M,栗色,秋,4.3,否,快递,否,9,现金,每周,成年,7,回头客
3779,25,女,运动鞋,鞋履,60,South Dakota,M,青色,秋,2.9,否,包邮,否,30,借记卡,每年,青年,365,忠实客户
3780,60,女,牛仔裤,服装,75,California,XL,薰衣草紫,春,4.0,否,快递,否,45,PayPal,每年,老年,365,忠实客户
3781,54,女,运动鞋,鞋履,57,Mississippi,L,黄色,秋,4.1,否,包邮,否,41,Venmo,每季,中年,90,忠实客户
3782,52,女,靴子,鞋履,99,Tennessee,M,粉色,冬,3.7,否,标准快递,否,40,PayPal,每两周,中年,14,忠实客户
3783,40,女,夹克,外套,45,Alabama,L,橙色,春,2.8,否,包邮,否,42,PayPal,每两周,成年,14,忠实客户
3784,39,女,手套,配饰,66,Maine,XL,橙色,夏,3.2,否,包邮,否,17,借记卡,每两周,成年,14,忠实客户
3785,54,女,袜子,服装,53,Virginia,M,紫罗兰色,冬,4.5,否,次日达,否,4,Venmo,每年,中年,365,回头客
3786,64,女,牛仔裤,服装,94,New Hampshire,L,薰衣草紫,冬,3.8,否,标准快递,否,6,现金,每月,老年,30,回头客
3787,31,女,靴子,鞋履,47,Tennessee,L,黄色,秋,3.6,否,两日达,否,22,Venmo,每周,青年,7,忠实客户
3788,37,女,女式衬衫,服装,80,New York,M,粉色,秋,3.6,否,两日达,否,46,PayPal,每三个月,成年,90,忠实客户
3789,43,女,帽子,配饰,65,Kansas,XL,青绿色,春,3.2,否,次日达,否,27,借记卡,每月,成年,30,忠实客户
3790,56,女,衬衫,服装,75,North Dakota,M,品红色,夏,3.8,否,快递,否,18,银行转账,每三个月,中年,90,忠实客户
3791,27,女,手提包,配饰,45,Alaska,XL,米色,夏,4.4,否,标准快递,否,31,信用卡,每周,青年,7,忠实客户
3792,40,女,太阳镜,配饰,51,Texas,M,灰色,春,3.7,否,门店自提,否,1,Venmo,每周,成年,7,新客户
3793,43,女,围巾,配饰,58,Massachusetts,S,绿松石色,夏,2.6,否,快递,否,2,PayPal,每两周,成年,14,回头客
3794,62,女,太阳镜,配饰,20,Delaware,M,粉色,秋,4.0,否,标准快递,否,46,银行转账,每年,老年,365,忠实客户
3795,44,女,围巾,配饰,82,South Dakota,M,紫罗兰色,夏,3.6,否,两日达,否,27,Venmo,每周,成年,7,忠实客户
3796,45,女,手套,配饰,92,Arkansas,M,炭灰色,春,2.5,否,快递,否,3,现金,每周,中年,7,回头客
3797,40,女,短裤,服装,81,Utah,M,薰衣草紫,秋,3.2,否,包邮,否,47,银行转账,每季,成年,90,忠实客户
3798,68,女,太阳镜,配饰,44,California,M,灰色,夏,2.5,否,次日达,否,20,现金,每季,老年,90,忠实客户
3799,63,女,首饰,配饰,72,Rhode Island,S,棕色,冬,3.2,否,次日达,否,23,信用卡,每年,老年,365,忠实客户
3800,60,女,夹克,外套,26,Oklahoma,L,紫罗兰色,冬,2.6,否,门店自提,否,13,信用卡,每月,老年,30,忠实客户
3801,19,女,毛衣,服装,26,Vermont,M,绿松石色,秋,4.8,否,次日达,否,12,Venmo,双周,青年,14,忠实客户
3802,26,女,女式衬衫,服装,84,Kentucky,M,桃色,春,5.0,否,门店自提,否,36,PayPal,每两周,青年,14,忠实客户
3803,70,女,围巾,配饰,72,Illinois,S,绿松石色,春,3.2,否,两日达,否,1,银行转账,每月,老年,30,新客户
3804,48,女,手提包,配饰,55,Connecticut,M,紫罗兰色,春,3.6,否,标准快递,否,14,借记卡,每周,中年,7,忠实客户
3805,37,女,帽子,配饰,77,Florida,M,橄榄绿,秋,2.7,否,两日达,否,45,现金,每年,成年,365,忠实客户
3806,48,女,围巾,配饰,57,New Jersey,M,绿色,秋,3.1,否,标准快递,否,31,信用卡,每季,中年,90,忠实客户
3807,18,女,靴子,鞋履,71,Missouri,M,青绿色,春,3.0,否,标准快递,否,41,PayPal,每周,青年,7,忠实客户
3808,38,女,女式衬衫,服装,39,Michigan,L,桃色,春,2.9,否,次日达,否,36,PayPal,每年,成年,365,忠实客户
3809,33,女,袜子,服装,28,Washington,M,粉色,冬,4.7,否,快递,否,6,借记卡,双周,成年,14,回头客
3810,57,女,鞋子,鞋履,33,New York,S,栗色,冬,3.7,否,标准快递,否,28,信用卡,每年,中年,365,忠实客户
3811,46,女,半身裙,服装,79,Wisconsin,L,桃色,秋,3.9,否,包邮,否,29,Venmo,每月,中年,30,忠实客户
3812,46,女,腰带,配饰,30,Idaho,M,栗色,冬,4.0,否,标准快递,否,14,现金,每月,中年,30,忠实客户
3813,50,女,半身裙,服装,75,Michigan,M,粉色,春,2.8,否,次日达,否,7,银行转账,每三个月,中年,90,回头客
3814,61,女,长裤,服装,89,Georgia,M,橙色,夏,4.1,否,快递,否,31,Venmo,双周,老年,14,忠实客户
3815,45,女,连衣裙,服装,95,Michigan,M,橙色,冬,4.2,否,包邮,否,26,银行转账,每三个月,中年,90,忠实客户
3816,32,女,帽子,配饰,44,Maine,M,棕色,秋,4.3,否,快递,否,12,Venmo,每两周,成年,14,忠实客户
3817,29,女,大衣,外套,86,Maryland,S,银色,夏,4.3,否,门店自提,否,45,信用卡,每两周,青年,14,忠实客户
3818,66,女,围巾,配饰,91,Missouri,M,品红色,秋,2.6,否,快递,否,40,PayPal,每年,老年,365,忠实客户
3819,70,女,运动鞋,鞋履,41,Oregon,XL,靛蓝色,冬,3.8,否,包邮,否,42,现金,每月,老年,30,忠实客户
3820,36,女,长裤,服装,99,Arkansas,S,金色,春,2.9,否,快递,否,45,现金,每季,成年,90,忠实客户
3821,34,女,腰带,配饰,65,New Hampshire,M,紫色,冬,5.0,否,标准快递,否,34,借记卡,每季,成年,90,忠实客户
3822,20,女,运动鞋,鞋履,48,Oregon,M,金色,夏,4.6,否,包邮,否,34,信用卡,每三个月,青年,90,忠实客户
3823,70,女,帽子,配饰,41,Kansas,S,金色,春,3.2,否,包邮,否,17,PayPal,每三个月,老年,90,忠实客户
3824,50,女,衬衫,服装,42,California,M,金色,夏,3.0,否,标准快递,否,27,银行转账,每周,中年,7,忠实客户
3825,54,女,短裤,服装,26,Georgia,M,橄榄绿,夏,4.0,否,包邮,否,31,信用卡,每季,中年,90,忠实客户
3826,49,女,短裤,服装,35,Hawaii,L,绿色,秋,4.1,否,快递,否,47,借记卡,每两周,中年,14,忠实客户
3827,50,女,夹克,外套,31,Montana,M,灰色,夏,4.0,否,快递,否,25,银行转账,每年,中年,365,忠实客户
3828,62,女,首饰,配饰,73,Montana,M,红色,夏,4.1,否,标准快递,否,47,现金,每两周,老年,14,忠实客户
3829,42,女,女式衬衫,服装,82,Mississippi,M,炭灰色,春,3.4,否,包邮,否,8,现金,每周,成年,7,回头客
3830,69,女,长裤,服装,32,Washington,M,靛蓝色,春,2.9,否,包邮,否,32,借记卡,每两周,老年,14,忠实客户
3831,22,女,帽子,配饰,27,Pennsylvania,M,靛蓝色,夏,3.0,否,两日达,否,33,银行转账,每三个月,青年,90,忠实客户
3832,36,女,双肩包,配饰,86,Nevada,L,银色,春,4.0,否,次日达,否,16,借记卡,每三个月,成年,90,忠实客户
3833,64,女,靴子,鞋履,38,Kansas,XL,紫色,冬,4.8,否,两日达,否,27,现金,每周,老年,7,忠实客户
3834,44,女,夹克,外套,93,Arizona,L,灰色,夏,4.6,否,包邮,否,17,PayPal,每三个月,成年,90,忠实客户
3835,43,女,卫衣,服装,59,Tennessee,M,品红色,冬,4.1,否,两日达,否,17,现金,每季,成年,90,忠实客户
3836,58,女,凉鞋,鞋履,58,Pennsylvania,L,银色,冬,2.6,否,快递,否,28,PayPal,双周,老年,14,忠实客户
3837,62,女,半身裙,服装,84,Alaska,M,紫罗兰色,春,2.5,否,包邮,否,38,PayPal,每两周,老年,14,忠实客户
3838,45,女,卫衣,服装,100,New Mexico,M,绿色,春,4.8,否,包邮,否,33,银行转账,每两周,中年,14,忠实客户
3839,47,女,连衣裙,服装,25,Rhode Island,L,绿色,夏,4.2,否,快递,否,24,Venmo,每三个月,中年,90,忠实客户
3840,66,女,凉鞋,鞋履,29,Connecticut,M,桃色,春,3.9,否,包邮,否,14,Venmo,每季,老年,90,忠实客户
3841,30,女,牛仔裤,服装,42,Idaho,M,绿松石色,春,3.7,否,快递,否,5,Venmo,每两周,青年,14,回头客
3842,68,女,牛仔裤,服装,57,Mississippi,L,粉色,秋,4.2,否,两日达,否,8,银行转账,每月,老年,30,回头客
3843,35,女,夹克,外套,84,Colorado,L,薰衣草紫,冬,4.2,否,次日达,否,42,借记卡,每月,成年,30,忠实客户
3844,64,女,帽子,配饰,71,Georgia,L,银色,冬,4.0,否,包邮,否,48,Venmo,每三个月,老年,90,忠实客户
3845,30,女,短裤,服装,87,Montana,S,青色,秋,5.0,否,次日达,否,40,Venmo,每季,青年,90,忠实客户
3846,58,女,毛衣,服装,52,California,M,绿色,冬,4.9,否,标准快递,否,46,Venmo,每年,老年,365,忠实客户
3847,57,女,女式衬衫,服装,58,Pennsylvania,L,橙色,夏,4.0,否,快递,否,40,PayPal,每三个月,中年,90,忠实客户
3848,60,女,毛衣,服装,34,Delaware,S,蓝色,秋,3.2,否,两日达,否,31,PayPal,每两周,老年,14,忠实客户
3849,22,女,首饰,配饰,60,New Hampshire,M,品红色,冬,3.0,否,次日达,否,39,现金,每三个月,青年,90,忠实客户
3850,46,女,卫衣,服装,68,Florida,S,青色,冬,2.6,否,快递,否,36,PayPal,每两周,中年,14,忠实客户
3851,27,女,首饰,配饰,74,Mississippi,L,靛蓝色,夏,4.4,否,两日达,否,25,借记卡,每三个月,青年,90,忠实客户
3852,50,女,围巾,配饰,83,Montana,M,粉色,夏,3.9,否,包邮,否,24,借记卡,每年,中年,365,忠实客户
3853,65,女,帽子,配饰,79,Mississippi,M,桃色,秋,4.0,否,两日达,否,19,PayPal,每周,老年,7,忠实客户
3854,61,女,太阳镜,配饰,76,Tennessee,M,薰衣草紫,秋,4.0,否,门店自提,否,49,借记卡,双周,老年,14,忠实客户
3855,57,女,T恤,服装,20,Florida,M,黑色,春,4.2,否,包邮,否,4,Venmo,每年,中年,365,回头客
3856,40,女,衬衫,服装,61,Illinois,XL,薰衣草紫,夏,4.4,否,次日达,否,36,现金,每季,成年,90,忠实客户
3857,39,女,凉鞋,鞋履,78,Virginia,S,棕色,夏,2.5,否,包邮,否,8,借记卡,每季,成年,90,回头客
3858,42,女,帽子,配饰,21,Texas,S,黄色,夏,3.1,否,门店自提,否,29,信用卡,每三个月,成年,90,忠实客户
3859,30,女,T恤,服装,77,Missouri,M,橄榄绿,冬,3.5,否,门店自提,否,26,信用卡,每季,青年,90,忠实客户
3860,65,女,短裤,服装,88,Mississippi,S,蓝色,秋,3.0,否,两日达,否,47,银行转账,双周,老年,14,忠实客户
3861,57,女,太阳镜,配饰,64,Pennsylvania,M,绿松石色,夏,4.4,否,次日达,否,44,现金,每年,中年,365,忠实客户
3862,64,女,夹克,外套,57,Wyoming,M,黄色,春,4.9,否,标准快递,否,49,信用卡,每月,老年,30,忠实客户
3863,56,女,衬衫,服装,49,Idaho,L,绿松石色,冬,2.8,否,次日达,否,9,Venmo,每月,中年,30,回头客
3864,40,女,围巾,配饰,35,New Hampshire,M,橙色,夏,3.3,否,包邮,否,28,现金,每两周,成年,14,忠实客户
3865,55,女,T恤,服装,99,Wyoming,S,蓝色,冬,4.9,否,快递,否,1,借记卡,每两周,中年,14,新客户
3866,25,女,短裤,服装,42,Nebraska,M,橄榄绿,春,4.2,否,门店自提,否,28,现金,每三个月,青年,90,忠实客户
3867,58,女,帽子,配饰,32,Alaska,M,米色,冬,3.3,否,两日达,否,33,信用卡,每两周,老年,14,忠实客户
3868,46,女,夹克,外套,21,Maryland,L,薰衣草紫,夏,2.7,否,标准快递,否,28,信用卡,每月,中年,30,忠实客户
3869,18,女,连衣裙,服装,29,Maryland,XL,品红色,冬,3.3,否,两日达,否,9,现金,每年,青年,365,回头客
3870,26,女,大衣,外套,64,Arizona,L,青色,春,3.8,否,包邮,否,28,银行转账,每年,青年,365,忠实客户
3871,61,女,凉鞋,鞋履,46,Ohio,L,薰衣草紫,秋,3.2,否,次日达,否,19,现金,每三个月,老年,90,忠实客户
3872,55,女,T恤,服装,97,Minnesota,M,黑色,秋,4.1,否,两日达,否,20,银行转账,每三个月,中年,90,忠实客户
3873,41,女,夹克,外套,94,New Hampshire,M,绿色,春,4.3,否,标准快递,否,3,现金,每月,成年,30,回头客
3874,42,女,凉鞋,鞋履,43,Louisiana,L,银色,夏,4.0,否,标准快递,否,22,信用卡,每周,成年,7,忠实客户
3875,70,女,毛衣,服装,54,Nevada,XL,米色,夏,3.9,否,两日达,否,33,信用卡,双周,老年,14,忠实客户
3876,63,女,帽子,配饰,51,New Hampshire,M,粉色,冬,3.3,否,两日达,否,21,信用卡,每年,老年,365,忠实客户
3877,60,女,鞋子,鞋履,85,Wisconsin,S,青色,秋,2.6,否,两日达,否,7,现金,每年,老年,365,回头客
3878,28,女,卫衣,服装,96,Nevada,M,橄榄绿,春,4.2,否,次日达,否,46,借记卡,每月,青年,30,忠实客户
3879,60,女,帽子,配饰,42,South Carolina,M,粉色,夏,3.4,否,两日达,否,24,信用卡,每年,老年,365,忠实客户
3880,26,女,半身裙,服装,63,Florida,L,栗色,冬,4.1,否,包邮,否,6,借记卡,每季,青年,90,回头客
3881,42,女,衬衫,服装,20,Massachusetts,M,红色,冬,3.9,否,包邮,否,40,PayPal,每月,成年,30,忠实客户
3882,56,女,围巾,配饰,25,Georgia,L,银色,春,2.8,否,两日达,否,17,借记卡,每周,中年,7,忠实客户
3883,35,女,长裤,服装,95,North Dakota,L,蓝色,秋,2.6,否,包邮,否,24,现金,每两周,成年,14,忠实客户
3884,34,女,帽子,配饰,38,North Dakota,XL,紫色,秋,4.0,否,次日达,否,22,现金,每两周,成年,14,忠实客户
3885,47,女,凉鞋,鞋履,29,Maryland,M,棕色,秋,4.9,否,快递,否,3,PayPal,每周,中年,7,回头客
3886,49,女,袜子,服装,64,New Mexico,L,紫色,冬,3.2,否,包邮,否,39,现金,每季,中年,90,忠实客户
3887,37,女,首饰,配饰,92,Iowa,S,棕色,夏,3.9,否,快递,否,40,借记卡,每季,成年,90,忠实客户
3888,40,女,衬衫,服装,34,Kansas,M,炭灰色,春,2.7,否,快递,否,1,信用卡,每季,成年,90,新客户
3889,45,女,运动鞋,鞋履,69,Virginia,M,紫罗兰色,春,3.4,否,标准快递,否,14,Venmo,双周,中年,14,忠实客户
3890,57,女,连衣裙,服装,65,Alaska,S,黄色,春,3.5,否,快递,否,49,银行转账,每年,中年,365,忠实客户
3891,35,女,衬衫,服装,81,Nebraska,XL,绿色,冬,2.6,否,标准快递,否,33,借记卡,每年,成年,365,忠实客户
3892,36,女,连衣裙,服装,30,Colorado,L,桃色,冬,4.7,否,包邮,否,6,银行转账,每季,成年,90,回头客
3893,35,女,首饰,配饰,86,Michigan,L,靛蓝色,夏,3.5,否,标准快递,否,5,PayPal,每两周,成年,14,回头客
3894,21,女,帽子,配饰,64,Massachusetts,L,白色,秋,3.3,否,门店自提,否,29,银行转账,双周,青年,14,忠实客户
3895,66,女,半身裙,服装,78,Connecticut,L,白色,春,3.9,否,两日达,否,44,信用卡,每三个月,老年,90,忠实客户
3896,40,女,卫衣,服装,28,Virginia,L,绿松石色,夏,4.2,否,两日达,否,32,Venmo,每周,成年,7,忠实客户
3897,52,女,双肩包,配饰,49,Iowa,L,白色,春,4.5,否,门店自提,否,41,银行转账,双周,中年,14,忠实客户
3898,46,女,腰带,配饰,33,New Jersey,L,绿色,春,2.9,否,标准快递,否,24,Venmo,每季,中年,90,忠实客户
3899,44,女,鞋子,鞋履,77,Minnesota,S,棕色,夏,3.8,否,快递,否,24,Venmo,每周,成年,7,忠实客户
3900,52,女,手提包,配饰,81,California,M,米色,春,3.1,否,门店自提,否,33,Venmo,每季,中年,90,忠实客户
